event,reason,step,position,entry_price,exit_price,realized_pips,cost_pips,net_pips,equity_usd,time_in_trade
CLOSE,SL_AND_TP_SAME_BAR_SL_FIRST,30,1,68.02300602460221,68.02250602460221,-5.000000000023874,1.0,-6.000000000023874,9939.999999999762,0
CLOSE,SL_AND_TP_SAME_BAR_SL_FIRST,31,1,68.19100934485647,68.19050934485647,-5.000000000023874,1.0,-6.000000000023874,9879.999999999523,0
CLOSE,SL_AND_TP_SAME_BAR_SL_FIRST,32,1,68.22801853383484,68.22751853383484,-5.000000000023874,1.0,-6.000000000023874,9819.999999999285,0
CLOSE,SL_AND_TP_SAME_BAR_SL_FIRST,33,1,68.39601696395367,68.39551696395367,-5.000000000023874,1.0,-6.000000000023874,9759.999999999047,0
CLOSE,SL_AND_TP_SAME_BAR_SL_FIRST,34,1,68.78401068626398,68.78351068626398,-5.000000000023874,1.0,-6.000000000023874,9699.999999998809,0
CLOSE,SL_HIT,35,1,68.76101926995881,68.7605192699588,-5.000000000023874,1.0,-6.000000000023874,9639.99999999857,0
CLOSE,SL_AND_TP_SAME_BAR_SL_FIRST,36,1,68.51900647263417,68.51850647263417,-5.000000000023874,1.0,-6.000000000023874,9579.999999998332,0
CLOSE,SL_AND_TP_SAME_BAR_SL_FIRST,37,1,68.57900041979892,68.57850041979891,-5.000000000023874,1.0,-6.000000000023874,9519.999999998094,0
CLOSE,SL_AND_TP_SAME_BAR_SL_FIRST,38,1,68.61501008419965,68.61451008419965,-5.000000000023874,1.0,-6.000000000023874,9459.999999997855,0
CLOSE,SL_HIT,39,1,68.5980106252145,68.5975106252145,-5.000000000023874,1.0,-6.000000000023874,9399.999999997617,0
CLOSE,SL_AND_TP_SAME_BAR_SL_FIRST,40,1,68.23600078404561,68.23550078404561,-5.000000000023874,1.0,-6.000000000023874,9339.999999997379,0
CLOSE,SL_AND_TP_SAME_BAR_SL_FIRST,41,1,68.03101532332934,68.03051532332934,-5.000000000023874,1.0,-6.000000000023874,9279.99999999714,0
CLOSE,SL_AND_TP_SAME_BAR_SL_FIRST,42,1,68.02501703479065,68.02451703479065,-5.000000000023874,1.0,-6.000000000023874,9219.999999996902,0
CLOSE,SL_AND_TP_SAME_BAR_SL_FIRST,43,1,67.74200320936916,67.74150320936916,-5.000000000023874,1.0,-6.000000000023874,9159.999999996664,0
CLOSE,SL_AND_TP_SAME_BAR_SL_FIRST,44,1,67.43801875397382,67.43751875397382,-5.000000000023874,1.0,-6.000000000023874,9099.999999996426,0
CLOSE,SL_AND_TP_SAME_BAR_SL_FIRST,45,1,67.54601769668696,67.54551769668696,-5.000000000023874,1.0,-6.000000000023874,9039.999999996187,0
CLOSE,SL_AND_TP_SAME_BAR_SL_FIRST,46,1,67.47001515102748,67.46951515102748,-5.000000000023874,1.0,-6.000000000023874,8979.99999999595,0
CLOSE,SL_AND_TP_SAME_BAR_SL_FIRST,47,1,67.43101663906866,67.43051663906866,-5.000000000023874,1.0,-6.000000000023874,8919.99999999571,0
CLOSE,SL_AND_TP_SAME_BAR_SL_FIRST,48,1,67.41100279154284,67.41050279154284,-5.000000000023874,1.0,-6.000000000023874,8859.999999995473,0
CLOSE,TP_HIT,49,1,67.47500558133817,67.48700558133817,120.00000000000455,1.0,119.00000000000455,10049.999999995518,0
CLOSE,SL_AND_TP_SAME_BAR_SL_FIRST,50,1,67.85701683555594,67.85651683555594,-5.000000000023874,1.0,-6.000000000023874,9989.99999999528,0
CLOSE,SL_AND_TP_SAME_BAR_SL_FIRST,51,1,67.85500061827398,67.85450061827397,-5.000000000023874,1.0,-6.000000000023874,9929.999999995041,0
CLOSE,SL_AND_TP_SAME_BAR_SL_FIRST,52,1,67.84401457850743,67.84351457850742,-5.000000000023874,1.0,-6.000000000023874,9869.999999994803,0
CLOSE,SL_AND_TP_SAME_BAR_SL_FIRST,53,1,67.91701928777753,67.91651928777753,-5.000000000023874,1.0,-6.000000000023874,9809.999999994565,0
CLOSE,SL_AND_TP_SAME_BAR_SL_FIRST,54,1,67.8370171918347,67.8365171918347,-5.000000000023874,1.0,-6.000000000023874,9749.999999994327,0
CLOSE,SL_AND_TP_SAME_BAR_SL_FIRST,55,1,67.84801518758358,67.84751518758358,-5.000000000023874,1.0,-6.000000000023874,9689.999999994088,0
CLOSE,SL_AND_TP_SAME_BAR_SL_FIRST,56,1,67.83701279975298,67.83651279975298,-5.000000000023874,1.0,-6.000000000023874,9629.99999999385,0
CLOSE,TP_HIT,57,1,67.76001473168063,67.77201473168063,120.00000000000455,1.0,119.00000000000455,10819.999999993895,0
CLOSE,SL_AND_TP_SAME_BAR_SL_FIRST,58,1,67.97800364246997,67.97750364246997,-5.000000000023874,1.0,-6.000000000023874,10759.999999993657,0
CLOSE,SL_AND_TP_SAME_BAR_SL_FIRST,59,1,68.23300126559374,68.23250126559374,-5.000000000023874,1.0,-6.000000000023874,10699.999999993419,0
CLOSE,SL_AND_TP_SAME_BAR_SL_FIRST,60,1,67.93501816564016,67.93451816564016,-5.000000000023874,1.0,-6.000000000023874,10639.99999999318,0
CLOSE,SL_AND_TP_SAME_BAR_SL_FIRST,61,1,67.95500436636195,67.95450436636195,-5.000000000023874,1.0,-6.000000000023874,10579.999999992942,0
CLOSE,SL_AND_TP_SAME_BAR_SL_FIRST,62,1,68.14501934906401,68.14451934906401,-5.000000000023874,1.0,-6.000000000023874,10519.999999992704,0
CLOSE,SL_AND_TP_SAME_BAR_SL_FIRST,63,1,68.26001180647415,68.25951180647415,-5.000000000023874,1.0,-6.000000000023874,10459.999999992466,0
CLOSE,SL_AND_TP_SAME_BAR_SL_FIRST,64,1,67.88600453279994,67.88550453279994,-5.000000000023874,1.0,-6.000000000023874,10399.999999992227,0
CLOSE,TP_HIT,65,1,67.74301980134615,67.75501980134615,120.00000000000455,1.0,119.00000000000455,11589.999999992273,0
CLOSE,SL_AND_TP_SAME_BAR_SL_FIRST,66,1,68.11501303932927,68.11451303932927,-5.000000000023874,1.0,-6.000000000023874,11529.999999992035,0
CLOSE,SL_AND_TP_SAME_BAR_SL_FIRST,67,1,68.10000462297752,68.09950462297752,-5.000000000023874,1.0,-6.000000000023874,11469.999999991796,0
CLOSE,SL_AND_TP_SAME_BAR_SL_FIRST,68,1,68.32700215088762,68.32650215088762,-5.000000000023874,1.0,-6.000000000023874,11409.999999991558,0
CLOSE,SL_HIT,69,1,68.31201953018187,68.31151953018187,-5.000000000023874,1.0,-6.000000000023874,11349.99999999132,0
CLOSE,SL_AND_TP_SAME_BAR_SL_FIRST,70,1,68.14101606094717,68.14051606094716,-5.000000000023874,1.0,-6.000000000023874,11289.999999991081,0
CLOSE,SL_AND_TP_SAME_BAR_SL_FIRST,71,1,68.18001927095733,68.17951927095733,-5.000000000023874,1.0,-6.000000000023874,11229.999999990843,0
CLOSE,SL_AND_TP_SAME_BAR_SL_FIRST,72,1,68.10301678804416,68.10251678804416,-5.000000000023874,1.0,-6.000000000023874,11169.999999990605,0
CLOSE,SL_AND_TP_SAME_BAR_SL_FIRST,73,1,67.86201641938327,67.86151641938326,-5.000000000023874,1.0,-6.000000000023874,11109.999999990367,0
CLOSE,SL_AND_TP_SAME_BAR_SL_FIRST,74,1,68.22000781430934,68.21950781430934,-5.000000000023874,1.0,-6.000000000023874,11049.999999990128,0
CLOSE,SL_AND_TP_SAME_BAR_SL_FIRST,75,1,68.10000230038833,68.09950230038832,-5.000000000023874,1.0,-6.000000000023874,10989.99999998989,0
CLOSE,SL_AND_TP_SAME_BAR_SL_FIRST,76,1,68.07501852400046,68.07451852400045,-5.000000000023874,1.0,-6.000000000023874,10929.999999989652,0
CLOSE,SL_AND_TP_SAME_BAR_SL_FIRST,77,1,68.05100011931866,68.05050011931866,-5.000000000023874,1.0,-6.000000000023874,10869.999999989413,0
CLOSE,SL_AND_TP_SAME_BAR_SL_FIRST,78,1,68.13801501906163,68.13751501906162,-5.000000000023874,1.0,-6.000000000023874,10809.999999989175,0
CLOSE,SL_AND_TP_SAME_BAR_SL_FIRST,79,1,67.98800596701068,67.98750596701068,-5.000000000023874,1.0,-6.000000000023874,10749.999999988937,0
CLOSE,SL_AND_TP_SAME_BAR_SL_FIRST,80,1,68.17601773790304,68.17551773790304,-5.000000000023874,1.0,-6.000000000023874,10689.999999988699,0
CLOSE,SL_AND_TP_SAME_BAR_SL_FIRST,81,1,68.10501978907631,68.1045197890763,-5.000000000023874,1.0,-6.000000000023874,10629.99999998846,0
CLOSE,SL_AND_TP_SAME_BAR_SL_FIRST,82,1,67.82901031259388,67.82851031259388,-5.000000000023874,1.0,-6.000000000023874,10569.999999988222,0
CLOSE,SL_AND_TP_SAME_BAR_SL_FIRST,83,1,67.51500369679229,67.51450369679229,-5.000000000023874,1.0,-6.000000000023874,10509.999999987984,0
CLOSE,SL_AND_TP_SAME_BAR_SL_FIRST,84,1,67.415012167295,67.414512167295,-5.000000000023874,1.0,-6.000000000023874,10449.999999987745,0
CLOSE,SL_AND_TP_SAME_BAR_SL_FIRST,85,1,67.21000873083548,67.20950873083548,-5.000000000023874,1.0,-6.000000000023874,10389.999999987507,0
CLOSE,SL_AND_TP_SAME_BAR_SL_FIRST,86,1,67.18401413561726,67.18351413561726,-5.000000000023874,1.0,-6.000000000023874,10329.999999987269,0
CLOSE,TP_HIT,87,1,67.19500480570663,67.20700480570663,120.00000000000455,1.0,119.00000000000455,11519.999999987314,0
CLOSE,SL_AND_TP_SAME_BAR_SL_FIRST,88,1,67.35000554637645,67.34950554637645,-5.000000000023874,1.0,-6.000000000023874,11459.999999987076,0
CLOSE,SL_AND_TP_SAME_BAR_SL_FIRST,89,1,67.05000196323515,67.04950196323514,-5.000000000023874,1.0,-6.000000000023874,11399.999999986838,0
CLOSE,TP_HIT,90,1,66.76501844076246,66.77701844076246,120.00000000000455,1.0,119.00000000000455,12589.999999986883,0
CLOSE,TP_HIT,91,1,66.85400638595614,66.86600638595614,120.00000000000455,1.0,119.00000000000455,13779.999999986929,0
CLOSE,SL_AND_TP_SAME_BAR_SL_FIRST,92,1,66.97500800107859,66.97450800107859,-5.000000000023874,1.0,-6.000000000023874,13719.99999998669,0
CLOSE,TP_HIT,93,1,66.83501030568547,66.84701030568547,120.00000000000455,1.0,119.00000000000455,14909.999999986736,0
CLOSE,TP_HIT,94,1,66.8750119369958,66.8870119369958,120.00000000000455,1.0,119.00000000000455,16099.999999986781,0
CLOSE,SL_AND_TP_SAME_BAR_SL_FIRST,95,1,67.08001904837631,67.07951904837631,-5.000000000023874,1.0,-6.000000000023874,16039.999999986543,0
CLOSE,SL_HIT,96,1,67.08001604628268,67.07951604628268,-5.000000000023874,1.0,-6.000000000023874,15979.999999986305,0
CLOSE,TP_HIT,97,1,66.90500064451128,66.91700064451128,120.00000000000455,1.0,119.00000000000455,17169.99999998635,0
CLOSE,SL_AND_TP_SAME_BAR_SL_FIRST,98,1,66.98501742468486,66.98451742468485,-5.000000000023874,1.0,-6.000000000023874,17109.99999998611,0
CLOSE,SL_AND_TP_SAME_BAR_SL_FIRST,99,1,66.95001257950447,66.94951257950447,-5.000000000023874,1.0,-6.000000000023874,17049.99999998587,0
CLOSE,SL_AND_TP_SAME_BAR_SL_FIRST,100,1,66.69001632283434,66.68951632283434,-5.000000000023874,1.0,-6.000000000023874,16989.99999998563,0
CLOSE,TP_HIT,101,1,66.64501904850212,66.65701904850212,120.00000000000455,1.0,119.00000000000455,18179.999999985674,0
CLOSE,SL_AND_TP_SAME_BAR_SL_FIRST,102,1,66.7000036106905,66.6995036106905,-5.000000000023874,1.0,-6.000000000023874,18119.999999985434,0
CLOSE,SL_AND_TP_SAME_BAR_SL_FIRST,103,1,66.72500311667744,66.72450311667744,-5.000000000023874,1.0,-6.000000000023874,18059.999999985193,0
CLOSE,SL_HIT,104,1,66.86501612839093,66.86451612839093,-5.000000000023874,1.0,-6.000000000023874,17999.999999984953,0
CLOSE,SL_AND_TP_SAME_BAR_SL_FIRST,105,1,66.78500745858827,66.78450745858827,-5.000000000023874,1.0,-6.000000000023874,17939.999999984713,0
CLOSE,SL_AND_TP_SAME_BAR_SL_FIRST,106,1,66.7800052141502,66.77950521415019,-5.000000000023874,1.0,-6.000000000023874,17879.999999984473,0
CLOSE,SL_AND_TP_SAME_BAR_SL_FIRST,107,1,66.67501834419657,66.67451834419657,-5.000000000023874,1.0,-6.000000000023874,17819.999999984233,0
CLOSE,TP_HIT,108,1,66.62501073103813,66.63701073103813,120.00000000000455,1.0,119.00000000000455,19009.999999984277,0
CLOSE,SL_AND_TP_SAME_BAR_SL_FIRST,109,1,66.76501113901963,66.76451113901963,-5.000000000023874,1.0,-6.000000000023874,18949.999999984037,0
CLOSE,SL_AND_TP_SAME_BAR_SL_FIRST,110,1,66.69000702980051,66.68950702980051,-5.000000000023874,1.0,-6.000000000023874,18889.999999983796,0
CLOSE,SL_HIT,111,1,66.55500905082855,66.55450905082854,-5.000000000023874,1.0,-6.000000000023874,18829.999999983556,0
CLOSE,SL_AND_TP_SAME_BAR_SL_FIRST,112,1,66.18001325254768,66.17951325254768,-5.000000000023874,1.0,-6.000000000023874,18769.999999983316,0
CLOSE,SL_AND_TP_SAME_BAR_SL_FIRST,113,1,65.7750099381515,65.7745099381515,-5.000000000023874,1.0,-6.000000000023874,18709.999999983076,0
CLOSE,SL_HIT,114,1,65.63001371388037,65.62951371388037,-5.000000000023874,1.0,-6.000000000023874,18649.999999982836,0
CLOSE,TP_HIT,115,1,65.38501187286163,65.39701187286163,120.00000000000455,1.0,119.00000000000455,19839.99999998288,0
CLOSE,SL_AND_TP_SAME_BAR_SL_FIRST,116,1,65.47500898535971,65.4745089853597,-5.000000000023874,1.0,-6.000000000023874,19779.99999998264,0
CLOSE,SL_AND_TP_SAME_BAR_SL_FIRST,117,1,65.34500527139252,65.34450527139252,-5.000000000023874,1.0,-6.000000000023874,19719.9999999824,0
CLOSE,TP_HIT,118,1,65.34501607802595,65.35701607802595,120.00000000000455,1.0,119.00000000000455,20909.999999982443,0
CLOSE,SL_AND_TP_SAME_BAR_SL_FIRST,119,1,65.45501792280717,65.45451792280717,-5.000000000023874,1.0,-6.000000000023874,20849.999999982203,0
CLOSE,SL_AND_TP_SAME_BAR_SL_FIRST,120,1,65.45500615650857,65.45450615650857,-5.000000000023874,1.0,-6.000000000023874,20789.999999981963,0
CLOSE,SL_HIT,121,1,65.42500245715517,65.42450245715517,-5.000000000023874,1.0,-6.000000000023874,20729.999999981723,0
CLOSE,TP_HIT,122,1,64.99500396424291,65.00700396424291,120.00000000000455,1.0,119.00000000000455,21919.999999981766,0
CLOSE,SL_AND_TP_SAME_BAR_SL_FIRST,123,1,65.04501852639743,65.04451852639743,-5.000000000023874,1.0,-6.000000000023874,21859.999999981526,0
CLOSE,SL_AND_TP_SAME_BAR_SL_FIRST,124,1,64.87500108675077,64.87450108675077,-5.000000000023874,1.0,-6.000000000023874,21799.999999981286,0
CLOSE,SL_AND_TP_SAME_BAR_SL_FIRST,125,1,64.86001610314466,64.85951610314466,-5.000000000023874,1.0,-6.000000000023874,21739.999999981046,0
CLOSE,SL_AND_TP_SAME_BAR_SL_FIRST,126,1,64.86000798052928,64.85950798052927,-5.000000000023874,1.0,-6.000000000023874,21679.999999980806,0
CLOSE,TP_HIT,127,1,64.98501712844403,64.99701712844403,120.00000000000455,1.0,119.00000000000455,22869.99999998085,0
CLOSE,SL_AND_TP_SAME_BAR_SL_FIRST,128,1,65.0800166291841,65.0795166291841,-5.000000000023874,1.0,-6.000000000023874,22809.99999998061,0
CLOSE,SL_AND_TP_SAME_BAR_SL_FIRST,129,1,64.8750156379459,64.8745156379459,-5.000000000023874,1.0,-6.000000000023874,22749.99999998037,0
CLOSE,SL_AND_TP_SAME_BAR_SL_FIRST,130,1,64.60601654971894,64.60551654971894,-5.000000000023874,1.0,-6.000000000023874,22689.99999998013,0
CLOSE,TP_HIT,131,1,64.27000295199736,64.28200295199736,120.00000000000455,1.0,119.00000000000455,23879.999999980173,0
CLOSE,SL_AND_TP_SAME_BAR_SL_FIRST,132,1,64.60501447951236,64.60451447951236,-5.000000000023874,1.0,-6.000000000023874,23819.999999979933,0
CLOSE,SL_AND_TP_SAME_BAR_SL_FIRST,133,1,64.5550057603152,64.5545057603152,-5.000000000023874,1.0,-6.000000000023874,23759.999999979693,0
CLOSE,SL_HIT,134,1,64.69000635789216,64.68950635789216,-5.000000000023874,1.0,-6.000000000023874,23699.999999979453,0
CLOSE,SL_AND_TP_SAME_BAR_SL_FIRST,135,1,64.44501773196981,64.44451773196981,-5.000000000023874,1.0,-6.000000000023874,23639.999999979213,0
CLOSE,SL_AND_TP_SAME_BAR_SL_FIRST,136,1,64.48000334287299,64.47950334287299,-5.000000000023874,1.0,-6.000000000023874,23579.999999978972,0
CLOSE,TP_HIT,137,1,64.48000135946054,64.49200135946055,120.00000000000455,1.0,119.00000000000455,24769.999999979016,0
CLOSE,SL_AND_TP_SAME_BAR_SL_FIRST,138,1,64.60500674080019,64.60450674080019,-5.000000000023874,1.0,-6.000000000023874,24709.999999978776,0
CLOSE,SL_AND_TP_SAME_BAR_SL_FIRST,139,1,64.66500897860794,64.66450897860794,-5.000000000023874,1.0,-6.000000000023874,24649.999999978536,0
CLOSE,SL_AND_TP_SAME_BAR_SL_FIRST,140,1,64.62001080474873,64.61951080474873,-5.000000000023874,1.0,-6.000000000023874,24589.999999978296,0
CLOSE,SL_HIT,141,1,64.65000561833277,64.64950561833277,-5.000000000023874,1.0,-6.000000000023874,24529.999999978056,0
CLOSE,SL_HIT,142,1,64.49001643555613,64.48951643555613,-5.000000000023874,1.0,-6.000000000023874,24469.999999977816,0
CLOSE,SL_HIT,143,1,64.33001707116905,64.32951707116905,-5.000000000023874,1.0,-6.000000000023874,24409.999999977575,0
CLOSE,SL_AND_TP_SAME_BAR_SL_FIRST,144,1,64.1300109256044,64.1295109256044,-5.000000000023874,1.0,-6.000000000023874,24349.999999977335,0
CLOSE,TP_HIT,145,1,64.11501554279205,64.12701554279205,120.00000000000455,1.0,119.00000000000455,25539.99999997738,0
CLOSE,SL_HIT,146,1,64.29000929675622,64.28950929675622,-5.000000000023874,1.0,-6.000000000023874,25479.99999997714,0
CLOSE,SL_HIT,147,1,64.25500806164183,64.25450806164183,-5.000000000023874,1.0,-6.000000000023874,25419.9999999769,0
CLOSE,SL_AND_TP_SAME_BAR_SL_FIRST,148,1,64.16501010716148,64.16451010716148,-5.000000000023874,1.0,-6.000000000023874,25359.99999997666,0
CLOSE,TP_HIT,149,1,64.16501257208775,64.17701257208775,120.00000000000455,1.0,119.00000000000455,26549.999999976702,0
CLOSE,TP_HIT,150,1,64.21501419276606,64.22701419276606,120.00000000000455,1.0,119.00000000000455,27739.999999976746,0
CLOSE,SL_AND_TP_SAME_BAR_SL_FIRST,151,1,64.31500192666476,64.31450192666476,-5.000000000023874,1.0,-6.000000000023874,27679.999999976506,0
CLOSE,TP_HIT,152,1,64.36000145086005,64.37200145086005,120.00000000000455,1.0,119.00000000000455,28869.99999997655,0
CLOSE,SL_AND_TP_SAME_BAR_SL_FIRST,153,1,64.68001778494478,64.67951778494478,-5.000000000023874,1.0,-6.000000000023874,28809.99999997631,0
CLOSE,SL_HIT,154,1,64.61501539476056,64.61451539476056,-5.000000000023874,1.0,-6.000000000023874,28749.99999997607,0
CLOSE,SL_HIT,155,1,64.40500347475782,64.40450347475782,-5.000000000023874,1.0,-6.000000000023874,28689.99999997583,0
CLOSE,SL_HIT,156,1,64.24301122756971,64.24251122756971,-5.000000000023874,1.0,-6.000000000023874,28629.99999997559,0
CLOSE,SL_AND_TP_SAME_BAR_SL_FIRST,157,1,64.06501386920246,64.06451386920246,-5.000000000023874,1.0,-6.000000000023874,28569.99999997535,0
CLOSE,SL_AND_TP_SAME_BAR_SL_FIRST,158,1,64.04500149289566,64.04450149289566,-5.000000000023874,1.0,-6.000000000023874,28509.99999997511,0
CLOSE,TP_HIT,159,1,64.13001037348349,64.14201037348349,120.00000000000455,1.0,119.00000000000455,29699.999999975153,0
CLOSE,SL_AND_TP_SAME_BAR_SL_FIRST,160,1,64.88001312294183,64.87951312294183,-5.000000000023874,1.0,-6.000000000023874,29639.999999974912,0
CLOSE,SL_AND_TP_SAME_BAR_SL_FIRST,161,1,64.56500609602027,64.56450609602027,-5.000000000023874,1.0,-6.000000000023874,29579.999999974672,0
CLOSE,TP_HIT,162,1,64.51000697913508,64.52200697913509,120.00000000000455,1.0,119.00000000000455,30769.999999974716,0
CLOSE,SL_AND_TP_SAME_BAR_SL_FIRST,163,1,64.89500287092781,64.89450287092781,-5.000000000023874,1.0,-6.000000000023874,30709.999999974476,0
CLOSE,SL_HIT,164,1,64.77001333432707,64.76951333432707,-5.000000000023874,1.0,-6.000000000023874,30649.999999974236,0
CLOSE,SL_AND_TP_SAME_BAR_SL_FIRST,165,1,64.55501130309247,64.55451130309247,-5.000000000023874,1.0,-6.000000000023874,30589.999999973996,0
CLOSE,SL_AND_TP_SAME_BAR_SL_FIRST,166,1,64.51000357281522,64.50950357281522,-5.000000000023874,1.0,-6.000000000023874,30529.999999973756,0
CLOSE,TP_HIT,167,1,64.5400068817852,64.5520068817852,120.00000000000455,1.0,119.00000000000455,31719.9999999738,0
CLOSE,SL_HIT,168,1,64.6350147926772,64.6345147926772,-5.000000000023874,1.0,-6.000000000023874,31659.99999997356,0
CLOSE,SL_AND_TP_SAME_BAR_SL_FIRST,169,1,64.51000989706002,64.50950989706001,-5.000000000023874,1.0,-6.000000000023874,31599.99999997332,0
CLOSE,SL_AND_TP_SAME_BAR_SL_FIRST,170,1,64.47800972285107,64.47750972285107,-5.000000000023874,1.0,-6.000000000023874,31539.99999997308,0
CLOSE,SL_HIT,171,1,64.41501645726953,64.41451645726953,-5.000000000023874,1.0,-6.000000000023874,31479.99999997284,0
CLOSE,SL_AND_TP_SAME_BAR_SL_FIRST,172,1,64.35001929620665,64.34951929620665,-5.000000000023874,1.0,-6.000000000023874,31419.9999999726,0
CLOSE,SL_AND_TP_SAME_BAR_SL_FIRST,173,1,64.4300094837857,64.4295094837857,-5.000000000023874,1.0,-6.000000000023874,31359.99999997236,0
CLOSE,SL_HIT,174,1,64.43500819047026,64.43450819047025,-5.000000000023874,1.0,-6.000000000023874,31299.99999997212,0
CLOSE,SL_AND_TP_SAME_BAR_SL_FIRST,175,1,64.25001146757185,64.24951146757185,-5.000000000023874,1.0,-6.000000000023874,31239.99999997188,0
CLOSE,TP_HIT,176,1,64.24501162925108,64.25701162925108,120.00000000000455,1.0,119.00000000000455,32429.999999971922,0
CLOSE,SL_AND_TP_SAME_BAR_SL_FIRST,177,1,64.48000448194165,64.47950448194165,-5.000000000023874,1.0,-6.000000000023874,32369.999999971682,0
CLOSE,SL_AND_TP_SAME_BAR_SL_FIRST,178,1,64.34500053721523,64.34450053721523,-5.000000000023874,1.0,-6.000000000023874,32309.999999971442,0
CLOSE,TP_HIT,179,1,64.23501613359599,64.24701613359599,120.00000000000455,1.0,119.00000000000455,33499.999999971486,0
CLOSE,SL_AND_TP_SAME_BAR_SL_FIRST,180,1,64.56500907132646,64.56450907132646,-5.000000000023874,1.0,-6.000000000023874,33439.999999971245,0
CLOSE,SL_AND_TP_SAME_BAR_SL_FIRST,181,1,64.46501276702396,64.46451276702396,-5.000000000023874,1.0,-6.000000000023874,33379.999999971005,0
CLOSE,SL_AND_TP_SAME_BAR_SL_FIRST,182,1,64.4950055791448,64.4945055791448,-5.000000000023874,1.0,-6.000000000023874,33319.999999970765,0
CLOSE,SL_AND_TP_SAME_BAR_SL_FIRST,183,1,64.54001261534299,64.53951261534299,-5.000000000023874,1.0,-6.000000000023874,33259.999999970525,0
CLOSE,SL_AND_TP_SAME_BAR_SL_FIRST,184,1,64.53001030774655,64.52951030774655,-5.000000000023874,1.0,-6.000000000023874,33199.999999970285,0
CLOSE,SL_AND_TP_SAME_BAR_SL_FIRST,185,1,64.6050199603763,64.6045199603763,-5.000000000023874,1.0,-6.000000000023874,33139.999999970045,0
CLOSE,SL_HIT,186,1,64.5050157253486,64.5045157253486,-5.000000000023874,1.0,-6.000000000023874,33079.999999969805,0
CLOSE,SL_AND_TP_SAME_BAR_SL_FIRST,187,1,64.4350192149151,64.4345192149151,-5.000000000023874,1.0,-6.000000000023874,33019.999999969565,0
CLOSE,TP_HIT,188,1,64.47500556832662,64.48700556832662,120.00000000000455,1.0,119.00000000000455,34209.99999996961,0
CLOSE,SL_AND_TP_SAME_BAR_SL_FIRST,189,1,64.52501173225028,64.52451173225028,-5.000000000023874,1.0,-6.000000000023874,34149.99999996937,0
CLOSE,SL_AND_TP_SAME_BAR_SL_FIRST,190,1,64.66000124205705,64.65950124205705,-5.000000000023874,1.0,-6.000000000023874,34089.99999996913,0
CLOSE,TP_HIT,191,1,64.62001523348992,64.63201523348992,120.00000000000455,1.0,119.00000000000455,35279.99999996917,0
CLOSE,SL_AND_TP_SAME_BAR_SL_FIRST,192,1,64.84500808754026,64.84450808754026,-5.000000000023874,1.0,-6.000000000023874,35219.99999996893,0
CLOSE,SL_AND_TP_SAME_BAR_SL_FIRST,193,1,64.79001039521494,64.78951039521493,-5.000000000023874,1.0,-6.000000000023874,35159.99999996869,0
CLOSE,SL_HIT,194,1,64.80000688586428,64.79950688586428,-5.000000000023874,1.0,-6.000000000023874,35099.99999996845,0
CLOSE,SL_AND_TP_SAME_BAR_SL_FIRST,195,1,64.72500671514749,64.72450671514748,-5.000000000023874,1.0,-6.000000000023874,35039.99999996821,0
CLOSE,SL_HIT,196,1,64.62500513984712,64.62450513984712,-5.000000000023874,1.0,-6.000000000023874,34979.99999996797,0
CLOSE,SL_AND_TP_SAME_BAR_SL_FIRST,197,1,64.47500879928111,64.47450879928111,-5.000000000023874,1.0,-6.000000000023874,34919.99999996773,0
CLOSE,SL_AND_TP_SAME_BAR_SL_FIRST,198,1,64.56500419560501,64.56450419560501,-5.000000000023874,1.0,-6.000000000023874,34859.99999996749,0
CLOSE,SL_HIT,199,1,64.47501849950395,64.47451849950394,-5.000000000023874,1.0,-6.000000000023874,34799.99999996725,0
CLOSE,SL_AND_TP_SAME_BAR_SL_FIRST,200,1,64.46001035139699,64.45951035139699,-5.000000000023874,1.0,-6.000000000023874,34739.99999996701,0
CLOSE,SL_HIT,201,1,64.42400930601384,64.42350930601384,-5.000000000023874,1.0,-6.000000000023874,34679.99999996677,0
CLOSE,SL_AND_TP_SAME_BAR_SL_FIRST,202,1,64.34500155132545,64.34450155132545,-5.000000000023874,1.0,-6.000000000023874,34619.99999996653,0
CLOSE,SL_AND_TP_SAME_BAR_SL_FIRST,203,1,64.31600138414169,64.31550138414168,-5.000000000023874,1.0,-6.000000000023874,34559.99999996629,0
CLOSE,TP_HIT,204,1,64.27001466115499,64.28201466115499,120.00000000000455,1.0,119.00000000000455,35749.999999966334,0
CLOSE,SL_AND_TP_SAME_BAR_SL_FIRST,205,1,64.3750147728874,64.3745147728874,-5.000000000023874,1.0,-6.000000000023874,35689.999999966094,0
CLOSE,SL_AND_TP_SAME_BAR_SL_FIRST,206,1,64.38500872888237,64.38450872888237,-5.000000000023874,1.0,-6.000000000023874,35629.999999965854,0
CLOSE,SL_AND_TP_SAME_BAR_SL_FIRST,207,1,64.39501444540733,64.39451444540732,-5.000000000023874,1.0,-6.000000000023874,35569.999999965614,0
CLOSE,SL_AND_TP_SAME_BAR_SL_FIRST,208,1,64.38501063093234,64.38451063093234,-5.000000000023874,1.0,-6.000000000023874,35509.999999965374,0
CLOSE,SL_HIT,209,1,64.35500115491179,64.35450115491179,-5.000000000023874,1.0,-6.000000000023874,35449.99999996513,0
CLOSE,SL_AND_TP_SAME_BAR_SL_FIRST,210,1,64.12501627502319,64.12451627502318,-5.000000000023874,1.0,-6.000000000023874,35389.99999996489,0
CLOSE,SL_AND_TP_SAME_BAR_SL_FIRST,211,1,64.11500106275234,64.11450106275234,-5.000000000023874,1.0,-6.000000000023874,35329.99999996465,0
CLOSE,SL_HIT,212,1,64.20000037634031,64.19950037634031,-5.000000000023874,1.0,-6.000000000023874,35269.99999996441,0
CLOSE,SL_AND_TP_SAME_BAR_SL_FIRST,213,1,64.0950185063693,64.0945185063693,-5.000000000023874,1.0,-6.000000000023874,35209.99999996417,0
CLOSE,SL_AND_TP_SAME_BAR_SL_FIRST,214,1,63.63500508464643,63.63450508464643,-5.000000000023874,1.0,-6.000000000023874,35149.99999996393,0
CLOSE,SL_AND_TP_SAME_BAR_SL_FIRST,215,1,63.70500453339912,63.70450453339912,-5.000000000023874,1.0,-6.000000000023874,35089.99999996369,0
CLOSE,SL_AND_TP_SAME_BAR_SL_FIRST,216,1,63.675014556773576,63.67451455677357,-5.000000000023874,1.0,-6.000000000023874,35029.99999996345,0
CLOSE,SL_HIT,217,1,63.84001687986268,63.83951687986268,-5.000000000023874,1.0,-6.000000000023874,34969.99999996321,0
CLOSE,TP_HIT,218,1,63.69200374120938,63.704003741209384,120.00000000000455,1.0,119.00000000000455,36159.99999996326,0
CLOSE,TP_HIT,219,1,63.860003722768965,63.872003722768966,120.00000000000455,1.0,119.00000000000455,37349.9999999633,0
CLOSE,TP_HIT,220,1,64.09501702927913,64.10701702927913,120.00000000000455,1.0,119.00000000000455,38539.999999963344,0
CLOSE,SL_HIT,221,1,64.14001676685326,64.13951676685326,-5.000000000023874,1.0,-6.000000000023874,38479.9999999631,0
CLOSE,TP_HIT,222,1,64.09000972166311,64.10200972166311,120.00000000000455,1.0,119.00000000000455,39669.99999996315,0
CLOSE,TP_HIT,223,1,64.12001208291663,64.13201208291663,120.00000000000455,1.0,119.00000000000455,40859.99999996319,0
CLOSE,SL_AND_TP_SAME_BAR_SL_FIRST,225,1,64.17001097481977,64.16951097481977,-5.000000000023874,1.0,-6.000000000023874,40799.99999996295,1
CLOSE,SL_AND_TP_SAME_BAR_SL_FIRST,226,1,64.09500671181752,64.09450671181752,-5.000000000023874,1.0,-6.000000000023874,40739.99999996271,0
CLOSE,SL_AND_TP_SAME_BAR_SL_FIRST,227,1,64.11001662526498,64.10951662526497,-5.000000000023874,1.0,-6.000000000023874,40679.99999996247,0
CLOSE,SL_AND_TP_SAME_BAR_SL_FIRST,228,1,64.0720194731339,64.0715194731339,-5.000000000023874,1.0,-6.000000000023874,40619.99999996223,0
CLOSE,SL_AND_TP_SAME_BAR_SL_FIRST,229,1,64.0450186722453,64.0445186722453,-5.000000000023874,1.0,-6.000000000023874,40559.99999996199,0
CLOSE,SL_AND_TP_SAME_BAR_SL_FIRST,230,1,64.04500777795704,64.04450777795704,-5.000000000023874,1.0,-6.000000000023874,40499.99999996175,0
CLOSE,SL_HIT,231,1,64.00501005203776,64.00451005203776,-5.000000000023874,1.0,-6.000000000023874,40439.99999996151,0
CLOSE,TP_HIT,232,1,63.905015666931455,63.917015666931455,120.00000000000455,1.0,119.00000000000455,41629.999999961554,0
CLOSE,SL_HIT,233,1,64.01501879208305,64.01451879208305,-5.000000000023874,1.0,-6.000000000023874,41569.999999961314,0
CLOSE,SL_AND_TP_SAME_BAR_SL_FIRST,234,1,63.990019863827904,63.9895198638279,-5.000000000023874,1.0,-6.000000000023874,41509.99999996107,0
CLOSE,SL_AND_TP_SAME_BAR_SL_FIRST,235,1,63.93500490940372,63.93450490940372,-5.000000000023874,1.0,-6.000000000023874,41449.99999996083,0
CLOSE,SL_AND_TP_SAME_BAR_SL_FIRST,236,1,64.02500377423003,64.02450377423003,-5.000000000023874,1.0,-6.000000000023874,41389.99999996059,0
CLOSE,TP_HIT,237,1,64.0400187414641,64.0520187414641,120.00000000000455,1.0,119.00000000000455,42579.99999996064,0
CLOSE,SL_AND_TP_SAME_BAR_SL_FIRST,238,1,64.10501774389364,64.10451774389364,-5.000000000023874,1.0,-6.000000000023874,42519.9999999604,0
CLOSE,SL_HIT,239,1,64.0600060933701,64.0595060933701,-5.000000000023874,1.0,-6.000000000023874,42459.99999996016,0
CLOSE,SL_HIT,240,1,64.01500292314432,64.01450292314432,-5.000000000023874,1.0,-6.000000000023874,42399.99999995992,0
CLOSE,TP_HIT,241,1,63.78500452806871,63.79700452806871,120.00000000000455,1.0,119.00000000000455,43589.99999995996,0
CLOSE,TP_HIT,242,1,63.93501953099371,63.947019530993714,120.00000000000455,1.0,119.00000000000455,44779.999999960004,0
CLOSE,SL_AND_TP_SAME_BAR_SL_FIRST,243,1,64.03101031242757,64.03051031242757,-5.000000000023874,1.0,-6.000000000023874,44719.999999959764,0
CLOSE,TP_HIT,244,1,64.01001628841293,64.02201628841293,120.00000000000455,1.0,119.00000000000455,45909.99999995981,0
CLOSE,SL_AND_TP_SAME_BAR_SL_FIRST,245,1,64.12301796380186,64.12251796380185,-5.000000000023874,1.0,-6.000000000023874,45849.99999995957,0
CLOSE,SL_AND_TP_SAME_BAR_SL_FIRST,246,1,64.11000032554554,64.10950032554554,-5.000000000023874,1.0,-6.000000000023874,45789.99999995933,0
CLOSE,SL_AND_TP_SAME_BAR_SL_FIRST,247,1,64.1580174640673,64.1575174640673,-5.000000000023874,1.0,-6.000000000023874,45729.99999995909,0
CLOSE,SL_AND_TP_SAME_BAR_SL_FIRST,248,1,64.30001747398079,64.29951747398079,-5.000000000023874,1.0,-6.000000000023874,45669.99999995885,0
CLOSE,TP_HIT,249,1,64.29300784329541,64.30500784329541,120.00000000000455,1.0,119.00000000000455,46859.99999995889,0
CLOSE,SL_AND_TP_SAME_BAR_SL_FIRST,250,1,64.81000359248264,64.80950359248264,-5.000000000023874,1.0,-6.000000000023874,46799.99999995865,0
CLOSE,SL_AND_TP_SAME_BAR_SL_FIRST,251,1,64.79501213488618,64.79451213488618,-5.000000000023874,1.0,-6.000000000023874,46739.99999995841,0
CLOSE,TP_HIT,252,1,65.1270048592765,65.1390048592765,120.00000000000455,1.0,119.00000000000455,47929.999999958454,0
CLOSE,SL_AND_TP_SAME_BAR_SL_FIRST,253,1,65.46001514653861,65.4595151465386,-5.000000000023874,1.0,-6.000000000023874,47869.999999958214,0
CLOSE,SL_AND_TP_SAME_BAR_SL_FIRST,254,1,65.7150105798178,65.7145105798178,-5.000000000023874,1.0,-6.000000000023874,47809.999999957974,0
CLOSE,SL_HIT,255,1,65.47000691622961,65.4695069162296,-5.000000000023874,1.0,-6.000000000023874,47749.999999957734,0
CLOSE,TP_HIT,257,1,65.31001359412456,65.32201359412456,120.00000000000455,1.0,119.00000000000455,48939.99999995778,1
CLOSE,SL_HIT,258,1,65.4850073275672,65.4845073275672,-5.000000000023874,1.0,-6.000000000023874,48879.99999995754,0
CLOSE,SL_AND_TP_SAME_BAR_SL_FIRST,259,1,65.03001577327112,65.02951577327111,-5.000000000023874,1.0,-6.000000000023874,48819.9999999573,0
CLOSE,TP_HIT,260,1,65.14501295172124,65.15701295172124,120.00000000000455,1.0,119.00000000000455,50009.99999995734,0
CLOSE,SL_AND_TP_SAME_BAR_SL_FIRST,261,1,65.40001428746093,65.39951428746093,-5.000000000023874,1.0,-6.000000000023874,49949.9999999571,0
CLOSE,SL_AND_TP_SAME_BAR_SL_FIRST,262,1,65.35500685277293,65.35450685277293,-5.000000000023874,1.0,-6.000000000023874,49889.99999995686,0
CLOSE,SL_AND_TP_SAME_BAR_SL_FIRST,263,1,65.25001932450509,65.24951932450509,-5.000000000023874,1.0,-6.000000000023874,49829.99999995662,0
CLOSE,SL_HIT,264,1,65.16000664840678,65.15950664840678,-5.000000000023874,1.0,-6.000000000023874,49769.99999995638,0
CLOSE,SL_HIT,265,1,65.06000420598163,65.05950420598163,-5.000000000023874,1.0,-6.000000000023874,49709.99999995614,0
CLOSE,SL_AND_TP_SAME_BAR_SL_FIRST,266,1,64.70000403620628,64.69950403620628,-5.000000000023874,1.0,-6.000000000023874,49649.9999999559,0
CLOSE,TP_HIT,267,1,64.70001886394165,64.71201886394165,120.00000000000455,1.0,119.00000000000455,50839.999999955944,0
CLOSE,SL_AND_TP_SAME_BAR_SL_FIRST,268,1,65.03001865259321,65.02951865259321,-5.000000000023874,1.0,-6.000000000023874,50779.999999955704,0
CLOSE,SL_AND_TP_SAME_BAR_SL_FIRST,269,1,65.05500602111113,65.05450602111112,-5.000000000023874,1.0,-6.000000000023874,50719.999999955464,0
CLOSE,TP_HIT,270,1,64.99500566711755,65.00700566711755,120.00000000000455,1.0,119.00000000000455,51909.99999995551,0
CLOSE,SL_AND_TP_SAME_BAR_SL_FIRST,271,1,65.04001283446715,65.03951283446715,-5.000000000023874,1.0,-6.000000000023874,51849.99999995527,0
CLOSE,SL_AND_TP_SAME_BAR_SL_FIRST,272,1,65.0230143101036,65.0225143101036,-5.000000000023874,1.0,-6.000000000023874,51789.99999995503,0
CLOSE,SL_AND_TP_SAME_BAR_SL_FIRST,273,1,65.09000724549638,65.08950724549638,-5.000000000023874,1.0,-6.000000000023874,51729.99999995479,0
CLOSE,SL_HIT,274,1,64.92500560409862,64.92450560409861,-5.000000000023874,1.0,-6.000000000023874,51669.99999995455,0
CLOSE,TP_HIT,275,1,64.84001866360008,64.85201866360008,120.00000000000455,1.0,119.00000000000455,52859.99999995459,0
CLOSE,SL_HIT,276,1,65.04000730154746,65.03950730154746,-5.000000000023874,1.0,-6.000000000023874,52799.99999995435,0
CLOSE,SL_HIT,277,1,64.8600040085411,64.8595040085411,-5.000000000023874,1.0,-6.000000000023874,52739.99999995411,0
CLOSE,SL_HIT,278,1,64.75001035378607,64.74951035378606,-5.000000000023874,1.0,-6.000000000023874,52679.99999995387,0
CLOSE,SL_AND_TP_SAME_BAR_SL_FIRST,279,1,64.56501891508556,64.56451891508556,-5.000000000023874,1.0,-6.000000000023874,52619.99999995363,0
CLOSE,SL_AND_TP_SAME_BAR_SL_FIRST,280,1,64.57501968713676,64.57451968713676,-5.000000000023874,1.0,-6.000000000023874,52559.99999995339,0
CLOSE,TP_HIT,281,1,64.56001298093014,64.57201298093014,120.00000000000455,1.0,119.00000000000455,53749.999999953434,0
CLOSE,SL_AND_TP_SAME_BAR_SL_FIRST,282,1,64.62501646296762,64.62451646296762,-5.000000000023874,1.0,-6.000000000023874,53689.999999953194,0
CLOSE,SL_AND_TP_SAME_BAR_SL_FIRST,283,1,65.0600053121773,65.0595053121773,-5.000000000023874,1.0,-6.000000000023874,53629.999999952954,0
CLOSE,SL_AND_TP_SAME_BAR_SL_FIRST,284,1,64.92000135877363,64.91950135877363,-5.000000000023874,1.0,-6.000000000023874,53569.99999995271,0
CLOSE,TP_HIT,285,1,64.97500546536583,64.98700546536583,120.00000000000455,1.0,119.00000000000455,54759.99999995276,0
CLOSE,TP_HIT,286,1,65.19001491066585,65.20201491066585,120.00000000000455,1.0,119.00000000000455,55949.9999999528,0
CLOSE,SL_AND_TP_SAME_BAR_SL_FIRST,287,1,65.44000726480935,65.43950726480935,-5.000000000023874,1.0,-6.000000000023874,55889.99999995256,0
CLOSE,SL_AND_TP_SAME_BAR_SL_FIRST,288,1,65.41001606948636,65.40951606948636,-5.000000000023874,1.0,-6.000000000023874,55829.99999995232,0
CLOSE,SL_AND_TP_SAME_BAR_SL_FIRST,289,1,65.27000994767286,65.26950994767286,-5.000000000023874,1.0,-6.000000000023874,55769.99999995208,0
CLOSE,SL_HIT,290,1,65.29500440821027,65.29450440821027,-5.000000000023874,1.0,-6.000000000023874,55709.99999995184,0
CLOSE,SL_AND_TP_SAME_BAR_SL_FIRST,291,1,65.01501189873153,65.01451189873153,-5.000000000023874,1.0,-6.000000000023874,55649.9999999516,0
CLOSE,SL_AND_TP_SAME_BAR_SL_FIRST,292,1,65.10000402322788,65.09950402322788,-5.000000000023874,1.0,-6.000000000023874,55589.99999995136,0
CLOSE,SL_AND_TP_SAME_BAR_SL_FIRST,293,1,64.8800198834904,64.8795198834904,-5.000000000023874,1.0,-6.000000000023874,55529.99999995112,0
CLOSE,SL_AND_TP_SAME_BAR_SL_FIRST,294,1,64.88001143858551,64.87951143858551,-5.000000000023874,1.0,-6.000000000023874,55469.99999995088,0
CLOSE,SL_AND_TP_SAME_BAR_SL_FIRST,295,1,64.57000483536606,64.56950483536606,-5.000000000023874,1.0,-6.000000000023874,55409.99999995064,0
CLOSE,SL_AND_TP_SAME_BAR_SL_FIRST,296,1,64.68000177834041,64.67950177834041,-5.000000000023874,1.0,-6.000000000023874,55349.9999999504,0
CLOSE,SL_AND_TP_SAME_BAR_SL_FIRST,297,1,64.4770038330453,64.4765038330453,-5.000000000023874,1.0,-6.000000000023874,55289.99999995016,0
CLOSE,SL_AND_TP_SAME_BAR_SL_FIRST,298,1,64.41000384558743,64.40950384558742,-5.000000000023874,1.0,-6.000000000023874,55229.99999994992,0
CLOSE,TP_HIT,299,1,64.36001417570704,64.37201417570704,120.00000000000455,1.0,119.00000000000455,56419.99999994996,0
CLOSE,TP_HIT,300,1,64.490014858381,64.502014858381,120.00000000000455,1.0,119.00000000000455,57609.99999995001,0
CLOSE,SL_AND_TP_SAME_BAR_SL_FIRST,301,1,64.52001632079809,64.51951632079809,-5.000000000023874,1.0,-6.000000000023874,57549.99999994977,0
CLOSE,SL_AND_TP_SAME_BAR_SL_FIRST,302,1,64.38001717391366,64.37951717391365,-5.000000000023874,1.0,-6.000000000023874,57489.99999994953,0
CLOSE,TP_HIT,303,1,64.3600131096156,64.3720131096156,120.00000000000455,1.0,119.00000000000455,58679.99999994957,0
CLOSE,SL_AND_TP_SAME_BAR_SL_FIRST,304,1,64.53000844635278,64.52950844635278,-5.000000000023874,1.0,-6.000000000023874,58619.99999994933,0
CLOSE,SL_AND_TP_SAME_BAR_SL_FIRST,305,1,64.57000232666236,64.56950232666236,-5.000000000023874,1.0,-6.000000000023874,58559.99999994909,0
CLOSE,SL_HIT,306,1,64.48001803894614,64.47951803894614,-5.000000000023874,1.0,-6.000000000023874,58499.99999994885,0
CLOSE,TP_HIT,307,1,64.35500150050157,64.36700150050157,120.00000000000455,1.0,119.00000000000455,59689.999999948894,0
CLOSE,TP_HIT,308,1,64.41001463454997,64.42201463454997,120.00000000000455,1.0,119.00000000000455,60879.99999994894,0
CLOSE,SL_HIT,309,1,64.46000020911295,64.45950020911295,-5.000000000023874,1.0,-6.000000000023874,60819.9999999487,0
CLOSE,SL_HIT,310,1,64.3400115066606,64.3395115066606,-5.000000000023874,1.0,-6.000000000023874,60759.99999994846,0
CLOSE,TP_HIT,311,1,64.08001120206376,64.09201120206376,120.00000000000455,1.0,119.00000000000455,61949.9999999485,0
CLOSE,SL_AND_TP_SAME_BAR_SL_FIRST,312,1,64.21001244628113,64.20951244628112,-5.000000000023874,1.0,-6.000000000023874,61889.99999994826,0
CLOSE,SL_AND_TP_SAME_BAR_SL_FIRST,313,1,64.06001752577207,64.05951752577207,-5.000000000023874,1.0,-6.000000000023874,61829.99999994802,0
CLOSE,SL_AND_TP_SAME_BAR_SL_FIRST,314,1,64.11501182300175,64.11451182300175,-5.000000000023874,1.0,-6.000000000023874,61769.99999994778,0
CLOSE,TP_HIT,315,1,64.02001983254836,64.03201983254836,120.00000000000455,1.0,119.00000000000455,62959.999999947824,0
CLOSE,TP_HIT,317,1,64.02000395795767,64.03200395795767,120.00000000000455,1.0,119.00000000000455,64149.99999994787,1
CLOSE,TP_HIT,318,1,64.05000511912101,64.06200511912101,120.00000000000455,1.0,119.00000000000455,65339.99999994791,0
CLOSE,SL_AND_TP_SAME_BAR_SL_FIRST,319,1,64.120012186093,64.119512186093,-5.000000000023874,1.0,-6.000000000023874,65279.99999994767,0
CLOSE,SL_HIT,320,1,64.08001736680319,64.07951736680319,-5.000000000023874,1.0,-6.000000000023874,65219.99999994743,0
CLOSE,SL_AND_TP_SAME_BAR_SL_FIRST,321,1,63.84000627337733,63.839506273377324,-5.000000000023874,1.0,-6.000000000023874,65159.99999994719,0
CLOSE,SL_AND_TP_SAME_BAR_SL_FIRST,322,1,63.68000104372063,63.67950104372063,-5.000000000023874,1.0,-6.000000000023874,65099.99999994695,0
CLOSE,SL_AND_TP_SAME_BAR_SL_FIRST,323,1,63.460018021459014,63.45951802145901,-5.000000000023874,1.0,-6.000000000023874,65039.99999994671,0
CLOSE,SL_AND_TP_SAME_BAR_SL_FIRST,324,1,63.50500598344681,63.504505983446805,-5.000000000023874,1.0,-6.000000000023874,64979.99999994647,0
CLOSE,SL_AND_TP_SAME_BAR_SL_FIRST,325,1,63.400003863199046,63.399503863199044,-5.000000000023874,1.0,-6.000000000023874,64919.99999994623,0
CLOSE,SL_AND_TP_SAME_BAR_SL_FIRST,326,1,63.34000808664654,63.33950808664654,-5.000000000023874,1.0,-6.000000000023874,64859.99999994599,0
CLOSE,SL_AND_TP_SAME_BAR_SL_FIRST,327,1,63.47500170015705,63.47450170015705,-5.000000000023874,1.0,-6.000000000023874,64799.99999994575,0
CLOSE,SL_AND_TP_SAME_BAR_SL_FIRST,328,1,63.67000803067828,63.66950803067828,-5.000000000023874,1.0,-6.000000000023874,64739.99999994551,0
CLOSE,TP_HIT,329,1,63.63001810067768,63.64201810067768,120.00000000000455,1.0,119.00000000000455,65929.99999994556,0
CLOSE,SL_AND_TP_SAME_BAR_SL_FIRST,330,1,63.69001754721988,63.68951754721988,-5.000000000023874,1.0,-6.000000000023874,65869.99999994533,0
CLOSE,SL_HIT,331,1,63.61000324313812,63.609503243138114,-5.000000000023874,1.0,-6.000000000023874,65809.9999999451,0
CLOSE,TP_HIT,332,1,63.515008240884576,63.52700824088458,120.00000000000455,1.0,119.00000000000455,66999.99999994514,0
CLOSE,SL_AND_TP_SAME_BAR_SL_FIRST,333,1,64.02001439397134,64.01951439397133,-5.000000000023874,1.0,-6.000000000023874,66939.9999999449,0
CLOSE,SL_AND_TP_SAME_BAR_SL_FIRST,334,1,63.88501709319392,63.88451709319392,-5.000000000023874,1.0,-6.000000000023874,66879.99999994467,0
CLOSE,SL_HIT,335,1,63.87001422621154,63.869514226211535,-5.000000000023874,1.0,-6.000000000023874,66819.99999994444,0
CLOSE,SL_AND_TP_SAME_BAR_SL_FIRST,336,1,63.83001169808911,63.82951169808911,-5.000000000023874,1.0,-6.000000000023874,66759.99999994421,0
CLOSE,SL_AND_TP_SAME_BAR_SL_FIRST,337,1,63.89000087639419,63.88950087639419,-5.000000000023874,1.0,-6.000000000023874,66699.99999994398,0
CLOSE,SL_HIT,338,1,63.760001819003236,63.75950181900323,-5.000000000023874,1.0,-6.000000000023874,66639.99999994374,0
CLOSE,SL_HIT,339,1,63.66000437241066,63.65950437241066,-5.000000000023874,1.0,-6.000000000023874,66579.99999994351,0
CLOSE,TP_HIT,340,1,63.515013146481586,63.527013146481586,120.00000000000455,1.0,119.00000000000455,67769.99999994355,0
CLOSE,SL_AND_TP_SAME_BAR_SL_FIRST,341,1,63.59000660336351,63.58950660336351,-5.000000000023874,1.0,-6.000000000023874,67709.99999994332,0
CLOSE,SL_AND_TP_SAME_BAR_SL_FIRST,342,1,63.6000182807453,63.5995182807453,-5.000000000023874,1.0,-6.000000000023874,67649.99999994309,0
CLOSE,SL_AND_TP_SAME_BAR_SL_FIRST,343,1,63.69001326944808,63.68951326944808,-5.000000000023874,1.0,-6.000000000023874,67589.99999994285,0
CLOSE,TP_HIT,344,1,63.55001047033436,63.56201047033436,120.00000000000455,1.0,119.00000000000455,68779.9999999429,0
CLOSE,SL_AND_TP_SAME_BAR_SL_FIRST,345,1,63.9800110857022,63.9795110857022,-5.000000000023874,1.0,-6.000000000023874,68719.99999994267,0
CLOSE,SL_AND_TP_SAME_BAR_SL_FIRST,346,1,64.13000136491345,64.12950136491345,-5.000000000023874,1.0,-6.000000000023874,68659.99999994243,0
CLOSE,SL_AND_TP_SAME_BAR_SL_FIRST,347,1,64.14000183519107,64.13950183519107,-5.000000000023874,1.0,-6.000000000023874,68599.9999999422,0
CLOSE,SL_AND_TP_SAME_BAR_SL_FIRST,348,1,64.23000870257297,64.22950870257297,-5.000000000023874,1.0,-6.000000000023874,68539.99999994197,0
CLOSE,SL_AND_TP_SAME_BAR_SL_FIRST,349,1,64.280007494815,64.279507494815,-5.000000000023874,1.0,-6.000000000023874,68479.99999994173,0
CLOSE,SL_AND_TP_SAME_BAR_SL_FIRST,350,1,64.30001191452921,64.2995119145292,-5.000000000023874,1.0,-6.000000000023874,68419.9999999415,0
CLOSE,SL_HIT,351,1,64.37500047689305,64.37450047689305,-5.000000000023874,1.0,-6.000000000023874,68359.99999994127,0
CLOSE,SL_HIT,352,1,64.28001668847308,64.27951668847308,-5.000000000023874,1.0,-6.000000000023874,68299.99999994104,0
CLOSE,SL_HIT,353,1,64.26500012384543,64.26450012384542,-5.000000000023874,1.0,-6.000000000023874,68239.9999999408,0
CLOSE,SL_HIT,354,1,64.10000415738828,64.09950415738828,-5.000000000023874,1.0,-6.000000000023874,68179.99999994057,0
CLOSE,SL_AND_TP_SAME_BAR_SL_FIRST,355,1,63.900016291866855,63.89951629186685,-5.000000000023874,1.0,-6.000000000023874,68119.99999994034,0
CLOSE,TP_HIT,356,1,64.21501038397501,64.22701038397501,120.00000000000455,1.0,119.00000000000455,69309.99999994038,0
CLOSE,TP_HIT,357,1,64.25000176796526,64.26200176796526,120.00000000000455,1.0,119.00000000000455,70499.99999994042,0
CLOSE,SL_AND_TP_SAME_BAR_SL_FIRST,358,1,64.86001654661169,64.85951654661169,-5.000000000023874,1.0,-6.000000000023874,70439.99999994019,0
CLOSE,TP_HIT,359,1,64.80501296011529,64.81701296011529,120.00000000000455,1.0,119.00000000000455,71629.99999994024,0
CLOSE,SL_HIT,360,1,64.97501489898266,64.97451489898266,-5.000000000023874,1.0,-6.000000000023874,71569.99999994,0
CLOSE,SL_AND_TP_SAME_BAR_SL_FIRST,361,1,64.71000624429243,64.70950624429243,-5.000000000023874,1.0,-6.000000000023874,71509.99999993977,0
CLOSE,TP_HIT,362,1,64.7700156112631,64.7820156112631,120.00000000000455,1.0,119.00000000000455,72699.99999993981,0
CLOSE,TP_HIT,363,1,64.92000588983034,64.93200588983034,120.00000000000455,1.0,119.00000000000455,73889.99999993986,0
CLOSE,SL_AND_TP_SAME_BAR_SL_FIRST,364,1,65.21001739887556,65.20951739887556,-5.000000000023874,1.0,-6.000000000023874,73829.99999993962,0
CLOSE,SL_AND_TP_SAME_BAR_SL_FIRST,365,1,65.23000223507034,65.22950223507034,-5.000000000023874,1.0,-6.000000000023874,73769.99999993939,0
CLOSE,SL_HIT,366,1,65.22001086382501,65.21951086382501,-5.000000000023874,1.0,-6.000000000023874,73709.99999993916,0
CLOSE,SL_AND_TP_SAME_BAR_SL_FIRST,367,1,65.02500088411003,65.02450088411003,-5.000000000023874,1.0,-6.000000000023874,73649.99999993893,0
CLOSE,SL_AND_TP_SAME_BAR_SL_FIRST,368,1,64.90500238438554,64.90450238438554,-5.000000000023874,1.0,-6.000000000023874,73589.9999999387,0
CLOSE,TP_HIT,369,1,64.88000276275129,64.89200276275129,120.00000000000455,1.0,119.00000000000455,74779.99999993874,0
CLOSE,SL_AND_TP_SAME_BAR_SL_FIRST,370,1,65.10501082085027,65.10451082085027,-5.000000000023874,1.0,-6.000000000023874,74719.9999999385,0
CLOSE,SL_HIT,371,1,65.12501419290243,65.12451419290242,-5.000000000023874,1.0,-6.000000000023874,74659.99999993827,0
CLOSE,SL_AND_TP_SAME_BAR_SL_FIRST,372,1,64.98500668605199,64.98450668605199,-5.000000000023874,1.0,-6.000000000023874,74599.99999993804,0
CLOSE,SL_AND_TP_SAME_BAR_SL_FIRST,373,1,64.85500743826731,64.8545074382673,-5.000000000023874,1.0,-6.000000000023874,74539.9999999378,0
CLOSE,SL_AND_TP_SAME_BAR_SL_FIRST,374,1,64.8400027273968,64.83950272739679,-5.000000000023874,1.0,-6.000000000023874,74479.99999993757,0
CLOSE,SL_HIT,375,1,64.99001329748026,64.98951329748026,-5.000000000023874,1.0,-6.000000000023874,74419.99999993734,0
CLOSE,TP_HIT,376,1,64.99001991492534,65.00201991492534,120.00000000000455,1.0,119.00000000000455,75609.99999993738,0
CLOSE,SL_AND_TP_SAME_BAR_SL_FIRST,377,1,65.2200031117471,65.2195031117471,-5.000000000023874,1.0,-6.000000000023874,75549.99999993715,0
CLOSE,SL_AND_TP_SAME_BAR_SL_FIRST,378,1,65.21000236970747,65.20950236970747,-5.000000000023874,1.0,-6.000000000023874,75489.99999993692,0
CLOSE,SL_HIT,379,1,65.18000632095016,65.17950632095015,-5.000000000023874,1.0,-6.000000000023874,75429.99999993668,0
CLOSE,SL_AND_TP_SAME_BAR_SL_FIRST,380,1,65.10500725097867,65.10450725097867,-5.000000000023874,1.0,-6.000000000023874,75369.99999993645,0
CLOSE,SL_HIT,381,1,64.99000591089127,64.98950591089127,-5.000000000023874,1.0,-6.000000000023874,75309.99999993622,0
CLOSE,SL_AND_TP_SAME_BAR_SL_FIRST,382,1,64.82501704420315,64.82451704420315,-5.000000000023874,1.0,-6.000000000023874,75249.99999993599,0
CLOSE,SL_AND_TP_SAME_BAR_SL_FIRST,383,1,64.94501254577409,64.94451254577409,-5.000000000023874,1.0,-6.000000000023874,75189.99999993575,0
CLOSE,SL_HIT,384,1,65.1600170456556,65.15951704565559,-5.000000000023874,1.0,-6.000000000023874,75129.99999993552,0
CLOSE,SL_AND_TP_SAME_BAR_SL_FIRST,386,1,65.11501884490991,65.11451884490991,-5.000000000023874,1.0,-6.000000000023874,75069.99999993529,1
CLOSE,SL_HIT,387,1,65.13001351651644,65.12951351651644,-5.000000000023874,1.0,-6.000000000023874,75009.99999993505,0
CLOSE,SL_AND_TP_SAME_BAR_SL_FIRST,388,1,65.00000548638184,64.99950548638184,-5.000000000023874,1.0,-6.000000000023874,74949.99999993482,0
CLOSE,SL_AND_TP_SAME_BAR_SL_FIRST,389,1,65.04500047384889,65.04450047384888,-5.000000000023874,1.0,-6.000000000023874,74889.99999993459,0
CLOSE,TP_HIT,390,1,64.89000355116923,64.90200355116923,120.00000000000455,1.0,119.00000000000455,76079.99999993463,0
CLOSE,SL_AND_TP_SAME_BAR_SL_FIRST,391,1,64.9300151975716,64.9295151975716,-5.000000000023874,1.0,-6.000000000023874,76019.9999999344,0
CLOSE,SL_AND_TP_SAME_BAR_SL_FIRST,392,1,64.9550050571285,64.9545050571285,-5.000000000023874,1.0,-6.000000000023874,75959.99999993417,0
CLOSE,TP_HIT,393,1,64.95000926322125,64.96200926322125,120.00000000000455,1.0,119.00000000000455,77149.99999993421,0
CLOSE,SL_AND_TP_SAME_BAR_SL_FIRST,394,1,65.26000235717763,65.25950235717762,-5.000000000023874,1.0,-6.000000000023874,77089.99999993398,0
CLOSE,SL_AND_TP_SAME_BAR_SL_FIRST,395,1,65.29000992876956,65.28950992876956,-5.000000000023874,1.0,-6.000000000023874,77029.99999993375,0
CLOSE,TP_HIT,396,1,65.25501827451882,65.26701827451882,120.00000000000455,1.0,119.00000000000455,78219.99999993379,0
CLOSE,SL_AND_TP_SAME_BAR_SL_FIRST,397,1,65.4700131065652,65.4695131065652,-5.000000000023874,1.0,-6.000000000023874,78159.99999993356,0
CLOSE,SL_AND_TP_SAME_BAR_SL_FIRST,398,1,65.68001776134645,65.67951776134645,-5.000000000023874,1.0,-6.000000000023874,78099.99999993332,0
CLOSE,TP_HIT,399,1,65.72000590538815,65.73200590538815,120.00000000000455,1.0,119.00000000000455,79289.99999993337,0
CLOSE,TP_HIT,400,1,65.87001800562115,65.88201800562115,120.00000000000455,1.0,119.00000000000455,80479.99999993341,0
CLOSE,SL_AND_TP_SAME_BAR_SL_FIRST,401,1,66.21000298808642,66.20950298808641,-5.000000000023874,1.0,-6.000000000023874,80419.99999993318,0
CLOSE,SL_HIT,402,1,66.53000779275092,66.52950779275092,-5.000000000023874,1.0,-6.000000000023874,80359.99999993294,0
CLOSE,TP_HIT,403,1,66.4100065080786,66.4220065080786,120.00000000000455,1.0,119.00000000000455,81549.99999993299,0
CLOSE,SL_HIT,404,1,66.9200157825312,66.91951578253119,-5.000000000023874,1.0,-6.000000000023874,81489.99999993276,0
CLOSE,SL_AND_TP_SAME_BAR_SL_FIRST,405,1,66.8050023932369,66.8045023932369,-5.000000000023874,1.0,-6.000000000023874,81429.99999993252,0
CLOSE,SL_HIT,406,1,66.62000152170368,66.61950152170368,-5.000000000023874,1.0,-6.000000000023874,81369.99999993229,0
CLOSE,SL_AND_TP_SAME_BAR_SL_FIRST,407,1,66.46001477417568,66.45951477417567,-5.000000000023874,1.0,-6.000000000023874,81309.99999993206,0
CLOSE,SL_HIT,408,1,66.80000512418478,66.79950512418478,-5.000000000023874,1.0,-6.000000000023874,81249.99999993182,0
CLOSE,SL_AND_TP_SAME_BAR_SL_FIRST,409,1,66.69000917185099,66.68950917185099,-5.000000000023874,1.0,-6.000000000023874,81189.99999993159,0
CLOSE,SL_AND_TP_SAME_BAR_SL_FIRST,410,1,66.6700082425009,66.6695082425009,-5.000000000023874,1.0,-6.000000000023874,81129.99999993136,0
CLOSE,SL_AND_TP_SAME_BAR_SL_FIRST,411,1,66.82001337533337,66.81951337533337,-5.000000000023874,1.0,-6.000000000023874,81069.99999993113,0
CLOSE,SL_AND_TP_SAME_BAR_SL_FIRST,412,1,67.1400193388274,67.1395193388274,-5.000000000023874,1.0,-6.000000000023874,81009.9999999309,0
CLOSE,TP_HIT,413,1,67.13000745230187,67.14200745230187,120.00000000000455,1.0,119.00000000000455,82199.99999993094,0
CLOSE,SL_AND_TP_SAME_BAR_SL_FIRST,414,1,67.35001515359248,67.34951515359248,-5.000000000023874,1.0,-6.000000000023874,82139.9999999307,0
CLOSE,SL_AND_TP_SAME_BAR_SL_FIRST,415,1,67.24501397718267,67.24451397718266,-5.000000000023874,1.0,-6.000000000023874,82079.99999993047,0
CLOSE,SL_AND_TP_SAME_BAR_SL_FIRST,416,1,67.36000450422605,67.35950450422605,-5.000000000023874,1.0,-6.000000000023874,82019.99999993024,0
CLOSE,SL_AND_TP_SAME_BAR_SL_FIRST,417,1,67.56001482588576,67.55951482588576,-5.000000000023874,1.0,-6.000000000023874,81959.99999993,0
CLOSE,SL_AND_TP_SAME_BAR_SL_FIRST,418,1,68.08001258024461,68.07951258024461,-5.000000000023874,1.0,-6.000000000023874,81899.99999992977,0
CLOSE,SL_AND_TP_SAME_BAR_SL_FIRST,419,1,67.77501093029284,67.77451093029283,-5.000000000023874,1.0,-6.000000000023874,81839.99999992954,0
CLOSE,TP_HIT,420,1,67.76501284528742,67.77701284528742,120.00000000000455,1.0,119.00000000000455,83029.99999992958,0
CLOSE,TP_HIT,421,1,67.9900025213798,68.0020025213798,120.00000000000455,1.0,119.00000000000455,84219.99999992963,0
CLOSE,SL_HIT,422,1,68.11500390282681,68.11450390282681,-5.000000000023874,1.0,-6.000000000023874,84159.9999999294,0
CLOSE,TP_HIT,423,1,68.02000948247803,68.03200948247803,120.00000000000455,1.0,119.00000000000455,85349.99999992944,0
CLOSE,SL_AND_TP_SAME_BAR_SL_FIRST,424,1,68.37001400039681,68.3695140003968,-5.000000000023874,1.0,-6.000000000023874,85289.9999999292,0
CLOSE,SL_HIT,425,1,68.34001594509412,68.33951594509412,-5.000000000023874,1.0,-6.000000000023874,85229.99999992897,0
CLOSE,SL_HIT,426,1,67.73001472965572,67.72951472965572,-5.000000000023874,1.0,-6.000000000023874,85169.99999992874,0
CLOSE,TP_HIT,427,1,67.40001482828178,67.41201482828178,120.00000000000455,1.0,119.00000000000455,86359.99999992878,0
CLOSE,SL_AND_TP_SAME_BAR_SL_FIRST,428,1,67.84001577276331,67.8395157727633,-5.000000000023874,1.0,-6.000000000023874,86299.99999992855,0
CLOSE,SL_AND_TP_SAME_BAR_SL_FIRST,429,1,67.44001333779339,67.43951333779339,-5.000000000023874,1.0,-6.000000000023874,86239.99999992832,0
CLOSE,SL_AND_TP_SAME_BAR_SL_FIRST,430,1,67.43000679866928,67.42950679866928,-5.000000000023874,1.0,-6.000000000023874,86179.99999992808,0
CLOSE,SL_AND_TP_SAME_BAR_SL_FIRST,431,1,66.99500550284779,66.99450550284779,-5.000000000023874,1.0,-6.000000000023874,86119.99999992785,0
CLOSE,TP_HIT,432,1,67.07000415896637,67.08200415896637,120.00000000000455,1.0,119.00000000000455,87309.9999999279,0
CLOSE,SL_AND_TP_SAME_BAR_SL_FIRST,433,1,67.10000314245742,67.09950314245742,-5.000000000023874,1.0,-6.000000000023874,87249.99999992766,0
CLOSE,TP_HIT,434,1,66.84001532326394,66.85201532326394,120.00000000000455,1.0,119.00000000000455,88439.9999999277,0
CLOSE,TP_HIT,435,1,67.42001464440176,67.43201464440176,120.00000000000455,1.0,119.00000000000455,89629.99999992775,0
CLOSE,SL_HIT,436,1,67.53001402000048,67.52951402000048,-5.000000000023874,1.0,-6.000000000023874,89569.99999992752,0
CLOSE,SL_AND_TP_SAME_BAR_SL_FIRST,437,1,67.47000183370709,67.46950183370708,-5.000000000023874,1.0,-6.000000000023874,89509.99999992728,0
CLOSE,TP_HIT,438,1,67.4800111052776,67.4920111052776,120.00000000000455,1.0,119.00000000000455,90699.99999992733,0
CLOSE,SL_AND_TP_SAME_BAR_SL_FIRST,439,1,67.64500734113903,67.64450734113903,-5.000000000023874,1.0,-6.000000000023874,90639.9999999271,0
CLOSE,TP_HIT,440,1,67.69000267350991,67.70200267350991,120.00000000000455,1.0,119.00000000000455,91829.99999992714,0
CLOSE,SL_AND_TP_SAME_BAR_SL_FIRST,441,1,68.0600175378617,68.0595175378617,-5.000000000023874,1.0,-6.000000000023874,91769.9999999269,0
CLOSE,SL_AND_TP_SAME_BAR_SL_FIRST,442,1,68.04000021046802,68.03950021046802,-5.000000000023874,1.0,-6.000000000023874,91709.99999992667,0
CLOSE,SL_HIT,443,1,68.31001407907071,68.30951407907071,-5.000000000023874,1.0,-6.000000000023874,91649.99999992644,0
CLOSE,SL_AND_TP_SAME_BAR_SL_FIRST,444,1,68.06000759910184,68.05950759910183,-5.000000000023874,1.0,-6.000000000023874,91589.9999999262,0
CLOSE,SL_HIT,445,1,67.94500965206555,67.94450965206555,-5.000000000023874,1.0,-6.000000000023874,91529.99999992597,0
CLOSE,TP_HIT,446,1,67.87001739194262,67.88201739194263,120.00000000000455,1.0,119.00000000000455,92719.99999992602,0
CLOSE,SL_AND_TP_SAME_BAR_SL_FIRST,447,1,68.11501708447966,68.11451708447966,-5.000000000023874,1.0,-6.000000000023874,92659.99999992579,0
CLOSE,TP_HIT,448,1,68.37001060017094,68.38201060017094,120.00000000000455,1.0,119.00000000000455,93849.99999992583,0
CLOSE,TP_HIT,449,1,68.64000529249994,68.65200529249994,120.00000000000455,1.0,119.00000000000455,95039.99999992587,0
CLOSE,SL_HIT,450,1,68.84001931279326,68.83951931279326,-5.000000000023874,1.0,-6.000000000023874,94979.99999992564,0
CLOSE,SL_AND_TP_SAME_BAR_SL_FIRST,451,1,68.4600096206419,68.4595096206419,-5.000000000023874,1.0,-6.000000000023874,94919.9999999254,0
CLOSE,SL_AND_TP_SAME_BAR_SL_FIRST,452,1,68.7200024911765,68.7195024911765,-5.000000000023874,1.0,-6.000000000023874,94859.99999992517,0
CLOSE,SL_AND_TP_SAME_BAR_SL_FIRST,453,1,68.55001148001062,68.54951148001062,-5.000000000023874,1.0,-6.000000000023874,94799.99999992494,0
CLOSE,TP_HIT,454,1,68.69000986294584,68.70200986294584,120.00000000000455,1.0,119.00000000000455,95989.99999992498,0
CLOSE,SL_AND_TP_SAME_BAR_SL_FIRST,455,1,68.88001557589133,68.87951557589133,-5.000000000023874,1.0,-6.000000000023874,95929.99999992475,0
CLOSE,SL_HIT,456,1,68.80501572420181,68.8045157242018,-5.000000000023874,1.0,-6.000000000023874,95869.99999992452,0
CLOSE,SL_AND_TP_SAME_BAR_SL_FIRST,457,1,68.66001412908672,68.65951412908672,-5.000000000023874,1.0,-6.000000000023874,95809.99999992429,0
CLOSE,SL_AND_TP_SAME_BAR_SL_FIRST,458,1,68.75500415518604,68.75450415518604,-5.000000000023874,1.0,-6.000000000023874,95749.99999992405,0
CLOSE,SL_AND_TP_SAME_BAR_SL_FIRST,459,1,68.73001496665573,68.72951496665573,-5.000000000023874,1.0,-6.000000000023874,95689.99999992382,0
CLOSE,SL_AND_TP_SAME_BAR_SL_FIRST,460,1,68.52001512512274,68.51951512512274,-5.000000000023874,1.0,-6.000000000023874,95629.99999992359,0
CLOSE,TP_HIT,461,1,68.50001100971981,68.51201100971981,120.00000000000455,1.0,119.00000000000455,96819.99999992363,0
CLOSE,SL_HIT,462,1,68.55001423440171,68.54951423440171,-5.000000000023874,1.0,-6.000000000023874,96759.9999999234,0
CLOSE,SL_AND_TP_SAME_BAR_SL_FIRST,463,1,68.43001910604657,68.42951910604657,-5.000000000023874,1.0,-6.000000000023874,96699.99999992317,0
CLOSE,TP_HIT,464,1,68.62500213672685,68.63700213672685,120.00000000000455,1.0,119.00000000000455,97889.99999992321,0
CLOSE,SL_AND_TP_SAME_BAR_SL_FIRST,465,1,69.02000442140724,69.01950442140723,-5.000000000023874,1.0,-6.000000000023874,97829.99999992298,0
CLOSE,SL_AND_TP_SAME_BAR_SL_FIRST,466,1,68.74001757356893,68.73951757356893,-5.000000000023874,1.0,-6.000000000023874,97769.99999992274,0
CLOSE,TP_HIT,467,1,68.84501920098016,68.85701920098016,120.00000000000455,1.0,119.00000000000455,98959.99999992279,0
CLOSE,SL_AND_TP_SAME_BAR_SL_FIRST,468,1,68.94700453861032,68.94650453861031,-5.000000000023874,1.0,-6.000000000023874,98899.99999992255,0
CLOSE,SL_AND_TP_SAME_BAR_SL_FIRST,469,1,68.73001025765294,68.72951025765293,-5.000000000023874,1.0,-6.000000000023874,98839.99999992232,0
CLOSE,SL_AND_TP_SAME_BAR_SL_FIRST,470,1,68.66001541884302,68.65951541884301,-5.000000000023874,1.0,-6.000000000023874,98779.99999992209,0
CLOSE,TP_HIT,471,1,68.60501305677121,68.61701305677121,120.00000000000455,1.0,119.00000000000455,99969.99999992213,0
CLOSE,SL_AND_TP_SAME_BAR_SL_FIRST,472,1,68.60501360340878,68.60451360340878,-5.000000000023874,1.0,-6.000000000023874,99909.9999999219,0
CLOSE,SL_AND_TP_SAME_BAR_SL_FIRST,473,1,68.46000706694053,68.45950706694053,-5.000000000023874,1.0,-6.000000000023874,99849.99999992167,0
CLOSE,SL_AND_TP_SAME_BAR_SL_FIRST,474,1,68.35001979537799,68.34951979537799,-5.000000000023874,1.0,-6.000000000023874,99789.99999992143,0
CLOSE,SL_AND_TP_SAME_BAR_SL_FIRST,475,1,68.62501514136099,68.62451514136099,-5.000000000023874,1.0,-6.000000000023874,99729.9999999212,0
CLOSE,TP_HIT,476,1,68.5450073384063,68.5570073384063,120.00000000000455,1.0,119.00000000000455,100919.99999992125,0
CLOSE,SL_AND_TP_SAME_BAR_SL_FIRST,477,1,68.83001017908578,68.82951017908577,-5.000000000023874,1.0,-6.000000000023874,100859.99999992101,0
CLOSE,SL_AND_TP_SAME_BAR_SL_FIRST,478,1,68.6300097916231,68.6295097916231,-5.000000000023874,1.0,-6.000000000023874,100799.99999992078,0
CLOSE,SL_AND_TP_SAME_BAR_SL_FIRST,479,1,68.66000854438491,68.6595085443849,-5.000000000023874,1.0,-6.000000000023874,100739.99999992055,0
CLOSE,TP_HIT,480,1,68.76001747904692,68.77201747904692,120.00000000000455,1.0,119.00000000000455,101929.99999992059,0
CLOSE,TP_HIT,481,1,68.89001797669526,68.90201797669526,120.00000000000455,1.0,119.00000000000455,103119.99999992063,0
CLOSE,SL_AND_TP_SAME_BAR_SL_FIRST,482,1,70.02001503798816,70.01951503798816,-5.000000000023874,1.0,-6.000000000023874,103059.9999999204,0
CLOSE,SL_HIT,483,1,69.96001892520884,69.95951892520884,-5.000000000023874,1.0,-6.000000000023874,102999.99999992017,0
CLOSE,TP_HIT,484,1,69.9200008066385,69.9320008066385,120.00000000000455,1.0,119.00000000000455,104189.99999992021,0
CLOSE,SL_AND_TP_SAME_BAR_SL_FIRST,485,1,70.09000419085957,70.08950419085957,-5.000000000023874,1.0,-6.000000000023874,104129.99999991998,0
CLOSE,SL_HIT,486,1,70.10000628847015,70.09950628847015,-5.000000000023874,1.0,-6.000000000023874,104069.99999991975,0
CLOSE,SL_AND_TP_SAME_BAR_SL_FIRST,487,1,69.82000586419402,69.81950586419401,-5.000000000023874,1.0,-6.000000000023874,104009.99999991951,0
CLOSE,SL_AND_TP_SAME_BAR_SL_FIRST,488,1,69.8600040714314,69.8595040714314,-5.000000000023874,1.0,-6.000000000023874,103949.99999991928,0
CLOSE,TP_HIT,489,1,69.87001858404608,69.88201858404608,120.00000000000455,1.0,119.00000000000455,105139.99999991932,0
CLOSE,SL_AND_TP_SAME_BAR_SL_FIRST,490,1,70.10501343547291,70.10451343547291,-5.000000000023874,1.0,-6.000000000023874,105079.99999991909,0
CLOSE,SL_AND_TP_SAME_BAR_SL_FIRST,491,1,69.97001530434612,69.96951530434612,-5.000000000023874,1.0,-6.000000000023874,105019.99999991886,0
CLOSE,SL_AND_TP_SAME_BAR_SL_FIRST,492,1,70.16501914825363,70.16451914825363,-5.000000000023874,1.0,-6.000000000023874,104959.99999991863,0
CLOSE,TP_HIT,493,1,70.10001522713016,70.11201522713016,120.00000000000455,1.0,119.00000000000455,106149.99999991867,0
CLOSE,TP_HIT,494,1,70.53501885048864,70.54701885048864,120.00000000000455,1.0,119.00000000000455,107339.99999991871,0
CLOSE,TP_HIT,495,1,70.74500929157068,70.75700929157068,120.00000000000455,1.0,119.00000000000455,108529.99999991876,0
CLOSE,SL_AND_TP_SAME_BAR_SL_FIRST,496,1,71.00501463030828,71.00451463030828,-5.000000000023874,1.0,-6.000000000023874,108469.99999991852,0
CLOSE,SL_AND_TP_SAME_BAR_SL_FIRST,497,1,71.21501872297789,71.21451872297789,-5.000000000023874,1.0,-6.000000000023874,108409.99999991829,0
CLOSE,SL_AND_TP_SAME_BAR_SL_FIRST,498,1,71.58501514833411,71.5845151483341,-5.000000000023874,1.0,-6.000000000023874,108349.99999991806,0
CLOSE,SL_AND_TP_SAME_BAR_SL_FIRST,499,1,71.75501453269466,71.75451453269466,-5.000000000023874,1.0,-6.000000000023874,108289.99999991783,0
CLOSE,SL_AND_TP_SAME_BAR_SL_FIRST,500,1,71.95000584945886,71.94950584945886,-5.000000000023874,1.0,-6.000000000023874,108229.99999991759,0
CLOSE,TP_HIT,501,1,71.79001572329034,71.80201572329034,120.00000000000455,1.0,119.00000000000455,109419.99999991764,0
CLOSE,SL_AND_TP_SAME_BAR_SL_FIRST,502,1,72.45500192533613,72.45450192533613,-5.000000000023874,1.0,-6.000000000023874,109359.9999999174,0
CLOSE,SL_AND_TP_SAME_BAR_SL_FIRST,503,1,72.64001248024101,72.63951248024101,-5.000000000023874,1.0,-6.000000000023874,109299.99999991717,0
CLOSE,SL_HIT,504,1,72.1600167058962,72.1595167058962,-5.000000000023874,1.0,-6.000000000023874,109239.99999991694,0
CLOSE,SL_HIT,505,1,72.0370105354396,72.0365105354396,-5.000000000023874,1.0,-6.000000000023874,109179.9999999167,0
CLOSE,TP_HIT,506,1,71.8800037945211,71.8920037945211,120.00000000000455,1.0,119.00000000000455,110369.99999991675,0
CLOSE,SL_AND_TP_SAME_BAR_SL_FIRST,507,1,72.5400003317083,72.5395003317083,-5.000000000023874,1.0,-6.000000000023874,110309.99999991652,0
CLOSE,SL_AND_TP_SAME_BAR_SL_FIRST,508,1,72.71000393733065,72.70950393733065,-5.000000000023874,1.0,-6.000000000023874,110249.99999991628,0
CLOSE,SL_HIT,509,1,72.36001720659334,72.35951720659334,-5.000000000023874,1.0,-6.000000000023874,110189.99999991605,0
CLOSE,SL_AND_TP_SAME_BAR_SL_FIRST,510,1,72.01501356650631,72.01451356650631,-5.000000000023874,1.0,-6.000000000023874,110129.99999991582,0
CLOSE,TP_HIT,511,1,72.24000095283269,72.25200095283269,120.00000000000455,1.0,119.00000000000455,111319.99999991586,0
CLOSE,SL_AND_TP_SAME_BAR_SL_FIRST,512,1,72.6700166741664,72.6695166741664,-5.000000000023874,1.0,-6.000000000023874,111259.99999991563,0
CLOSE,SL_AND_TP_SAME_BAR_SL_FIRST,513,1,72.68501632126139,72.68451632126138,-5.000000000023874,1.0,-6.000000000023874,111199.9999999154,0
CLOSE,SL_AND_TP_SAME_BAR_SL_FIRST,514,1,72.60000007093929,72.59950007093929,-5.000000000023874,1.0,-6.000000000023874,111139.99999991516,0
CLOSE,SL_AND_TP_SAME_BAR_SL_FIRST,515,1,72.57001945516893,72.56951945516893,-5.000000000023874,1.0,-6.000000000023874,111079.99999991493,0
CLOSE,TP_HIT,516,1,72.51001464539748,72.52201464539748,120.00000000000455,1.0,119.00000000000455,112269.99999991497,0
CLOSE,SL_AND_TP_SAME_BAR_SL_FIRST,518,1,72.92500970821654,72.92450970821653,-5.000000000023874,1.0,-6.000000000023874,112209.99999991474,1
CLOSE,TP_HIT,519,1,73.34501905599238,73.35701905599238,120.00000000000455,1.0,119.00000000000455,113399.99999991478,0
CLOSE,SL_AND_TP_SAME_BAR_SL_FIRST,520,1,73.63000679882866,73.62950679882866,-5.000000000023874,1.0,-6.000000000023874,113339.99999991455,0
CLOSE,SL_AND_TP_SAME_BAR_SL_FIRST,521,1,73.77001890139339,73.76951890139338,-5.000000000023874,1.0,-6.000000000023874,113279.99999991432,0
CLOSE,SL_AND_TP_SAME_BAR_SL_FIRST,522,1,74.06501891823626,74.06451891823626,-5.000000000023874,1.0,-6.000000000023874,113219.99999991409,0
CLOSE,SL_HIT,523,1,74.3400141023562,74.3395141023562,-5.000000000023874,1.0,-6.000000000023874,113159.99999991385,0
CLOSE,SL_AND_TP_SAME_BAR_SL_FIRST,524,1,74.25000317547072,74.24950317547072,-5.000000000023874,1.0,-6.000000000023874,113099.99999991362,0
CLOSE,SL_HIT,525,1,74.05000082816504,74.04950082816504,-5.000000000023874,1.0,-6.000000000023874,113039.99999991339,0
CLOSE,TP_HIT,526,1,73.61000573063028,73.62200573063028,120.00000000000455,1.0,119.00000000000455,114229.99999991343,0
CLOSE,SL_AND_TP_SAME_BAR_SL_FIRST,527,1,73.77001113908484,73.76951113908484,-5.000000000023874,1.0,-6.000000000023874,114169.9999999132,0
CLOSE,SL_AND_TP_SAME_BAR_SL_FIRST,528,1,73.46501485868605,73.46451485868604,-5.000000000023874,1.0,-6.000000000023874,114109.99999991296,0
CLOSE,SL_AND_TP_SAME_BAR_SL_FIRST,529,1,73.60000816089305,73.59950816089305,-5.000000000023874,1.0,-6.000000000023874,114049.99999991273,0
CLOSE,SL_AND_TP_SAME_BAR_SL_FIRST,530,1,73.53000401033806,73.52950401033806,-5.000000000023874,1.0,-6.000000000023874,113989.9999999125,0
CLOSE,SL_AND_TP_SAME_BAR_SL_FIRST,531,1,73.37500559591946,73.37450559591946,-5.000000000023874,1.0,-6.000000000023874,113929.99999991227,0
CLOSE,SL_AND_TP_SAME_BAR_SL_FIRST,532,1,73.56001872614159,73.55951872614159,-5.000000000023874,1.0,-6.000000000023874,113869.99999991203,0
CLOSE,SL_HIT,533,1,73.5500000387372,73.5495000387372,-5.000000000023874,1.0,-6.000000000023874,113809.9999999118,0
CLOSE,SL_AND_TP_SAME_BAR_SL_FIRST,534,1,73.23001200973707,73.22951200973706,-5.000000000023874,1.0,-6.000000000023874,113749.99999991157,0
CLOSE,TP_HIT,535,1,73.23000703069677,73.24200703069677,120.00000000000455,1.0,119.00000000000455,114939.99999991161,0
CLOSE,SL_AND_TP_SAME_BAR_SL_FIRST,536,1,73.46000851764646,73.45950851764646,-5.000000000023874,1.0,-6.000000000023874,114879.99999991138,0
CLOSE,TP_HIT,537,1,73.4000081869415,73.4120081869415,120.00000000000455,1.0,119.00000000000455,116069.99999991142,0
CLOSE,TP_HIT,538,1,73.6800179377267,73.6920179377267,120.00000000000455,1.0,119.00000000000455,117259.99999991147,0
CLOSE,SL_HIT,539,1,73.96000131419167,73.95950131419167,-5.000000000023874,1.0,-6.000000000023874,117199.99999991123,0
CLOSE,SL_HIT,540,1,73.4550087882925,73.4545087882925,-5.000000000023874,1.0,-6.000000000023874,117139.999999911,0
CLOSE,TP_HIT,541,1,72.44000576821392,72.45200576821392,120.00000000000455,1.0,119.00000000000455,118329.99999991104,0
CLOSE,SL_HIT,542,1,73.08000158625045,73.07950158625044,-5.000000000023874,1.0,-6.000000000023874,118269.99999991081,0
CLOSE,SL_HIT,543,1,72.95501444231844,72.95451444231844,-5.000000000023874,1.0,-6.000000000023874,118209.99999991058,0
CLOSE,SL_HIT,544,1,72.45001276962606,72.44951276962605,-5.000000000023874,1.0,-6.000000000023874,118149.99999991035,0
CLOSE,TP_HIT,545,1,72.38000669204291,72.39200669204291,120.00000000000455,1.0,119.00000000000455,119339.99999991039,0
CLOSE,TP_HIT,546,1,72.48001869125697,72.49201869125697,120.00000000000455,1.0,119.00000000000455,120529.99999991043,0
CLOSE,SL_HIT,547,1,72.86001567046932,72.85951567046932,-5.000000000023874,1.0,-6.000000000023874,120469.9999999102,0
CLOSE,SL_HIT,548,1,72.61500806941787,72.61450806941787,-5.000000000023874,1.0,-6.000000000023874,120409.99999990997,0
CLOSE,SL_HIT,549,1,72.31001217487922,72.30951217487922,-5.000000000023874,1.0,-6.000000000023874,120349.99999990973,0
CLOSE,SL_AND_TP_SAME_BAR_SL_FIRST,550,1,71.9150050971473,71.9145050971473,-5.000000000023874,1.0,-6.000000000023874,120289.9999999095,0
CLOSE,SL_AND_TP_SAME_BAR_SL_FIRST,551,1,71.98000009375706,71.97950009375705,-5.000000000023874,1.0,-6.000000000023874,120229.99999990927,0
CLOSE,SL_HIT,552,1,71.61000489212566,71.60950489212566,-5.000000000023874,1.0,-6.000000000023874,120169.99999990904,0
CLOSE,SL_HIT,553,1,71.43000915814436,71.42950915814436,-5.000000000023874,1.0,-6.000000000023874,120109.9999999088,0
CLOSE,SL_HIT,554,1,71.30500651723759,71.30450651723758,-5.000000000023874,1.0,-6.000000000023874,120049.99999990857,0
CLOSE,SL_HIT,555,1,70.69001013032084,70.68951013032084,-5.000000000023874,1.0,-6.000000000023874,119989.99999990834,0
CLOSE,SL_AND_TP_SAME_BAR_SL_FIRST,556,1,70.65500352019211,70.65450352019211,-5.000000000023874,1.0,-6.000000000023874,119929.9999999081,0
CLOSE,SL_AND_TP_SAME_BAR_SL_FIRST,557,1,70.82001582777586,70.81951582777586,-5.000000000023874,1.0,-6.000000000023874,119869.99999990787,0
CLOSE,SL_AND_TP_SAME_BAR_SL_FIRST,558,1,70.78501768765716,70.78451768765716,-5.000000000023874,1.0,-6.000000000023874,119809.99999990764,0
CLOSE,SL_HIT,559,1,70.6400031754969,70.6395031754969,-5.000000000023874,1.0,-6.000000000023874,119749.9999999074,0
CLOSE,SL_AND_TP_SAME_BAR_SL_FIRST,560,1,69.7800184511725,69.77951845117249,-5.000000000023874,1.0,-6.000000000023874,119689.99999990717,0
CLOSE,TP_HIT,561,1,69.65000765695031,69.66200765695031,120.00000000000455,1.0,119.00000000000455,120879.99999990722,0
CLOSE,SL_AND_TP_SAME_BAR_SL_FIRST,562,1,70.44001151459774,70.43951151459774,-5.000000000023874,1.0,-6.000000000023874,120819.99999990698,0
CLOSE,SL_AND_TP_SAME_BAR_SL_FIRST,563,1,70.5300046822341,70.52950468223409,-5.000000000023874,1.0,-6.000000000023874,120759.99999990675,0
CLOSE,TP_HIT,564,1,70.56001259903246,70.57201259903246,120.00000000000455,1.0,119.00000000000455,121949.9999999068,0
CLOSE,SL_HIT,565,1,70.85000799620603,70.84950799620603,-5.000000000023874,1.0,-6.000000000023874,121889.99999990656,0
CLOSE,TP_HIT,566,1,70.86000132452699,70.87200132452699,120.00000000000455,1.0,119.00000000000455,123079.9999999066,0
CLOSE,SL_HIT,567,1,72.5200070118761,72.5195070118761,-5.000000000023874,1.0,-6.000000000023874,123019.99999990637,0
CLOSE,SL_HIT,568,1,72.29101265743807,72.29051265743807,-5.000000000023874,1.0,-6.000000000023874,122959.99999990614,0
CLOSE,SL_AND_TP_SAME_BAR_SL_FIRST,569,1,71.84001963744701,71.83951963744701,-5.000000000023874,1.0,-6.000000000023874,122899.99999990591,0
CLOSE,TP_HIT,570,1,71.53000262243046,71.54200262243046,120.00000000000455,1.0,119.00000000000455,124089.99999990595,0
CLOSE,SL_HIT,571,1,71.9200177205641,71.9195177205641,-5.000000000023874,1.0,-6.000000000023874,124029.99999990572,0
CLOSE,SL_HIT,572,1,71.61001324330653,71.60951324330652,-5.000000000023874,1.0,-6.000000000023874,123969.99999990549,0
CLOSE,SL_HIT,573,1,70.62001842764914,70.61951842764914,-5.000000000023874,1.0,-6.000000000023874,123909.99999990525,0
CLOSE,SL_AND_TP_SAME_BAR_SL_FIRST,574,1,70.27900058385836,70.27850058385836,-5.000000000023874,1.0,-6.000000000023874,123849.99999990502,0
CLOSE,SL_AND_TP_SAME_BAR_SL_FIRST,575,1,69.98001208380924,69.97951208380924,-5.000000000023874,1.0,-6.000000000023874,123789.99999990479,0
CLOSE,SL_AND_TP_SAME_BAR_SL_FIRST,576,1,70.14000301986188,70.13950301986188,-5.000000000023874,1.0,-6.000000000023874,123729.99999990455,0
CLOSE,SL_HIT,577,1,70.10501636067042,70.10451636067042,-5.000000000023874,1.0,-6.000000000023874,123669.99999990432,0
CLOSE,SL_AND_TP_SAME_BAR_SL_FIRST,578,1,70.0500056124872,70.0495056124872,-5.000000000023874,1.0,-6.000000000023874,123609.99999990409,0
CLOSE,TP_HIT,579,1,70.07000424369569,70.08200424369569,120.00000000000455,1.0,119.00000000000455,124799.99999990413,0
CLOSE,SL_HIT,580,1,70.36100978535369,70.36050978535368,-5.000000000023874,1.0,-6.000000000023874,124739.9999999039,0
CLOSE,SL_AND_TP_SAME_BAR_SL_FIRST,581,1,69.93300262651759,69.93250262651759,-5.000000000023874,1.0,-6.000000000023874,124679.99999990367,0
CLOSE,SL_AND_TP_SAME_BAR_SL_FIRST,582,1,69.5700157163485,69.56951571634849,-5.000000000023874,1.0,-6.000000000023874,124619.99999990343,0
CLOSE,TP_HIT,583,1,69.45301425914423,69.46501425914423,120.00000000000455,1.0,119.00000000000455,125809.99999990348,0
CLOSE,TP_HIT,584,1,70.00000303766842,70.01200303766842,120.00000000000455,1.0,119.00000000000455,126999.99999990352,0
CLOSE,SL_AND_TP_SAME_BAR_SL_FIRST,585,1,70.11001347951941,70.1095134795194,-5.000000000023874,1.0,-6.000000000023874,126939.99999990329,0
CLOSE,SL_AND_TP_SAME_BAR_SL_FIRST,586,1,69.55000096161798,69.54950096161798,-5.000000000023874,1.0,-6.000000000023874,126879.99999990306,0
CLOSE,SL_AND_TP_SAME_BAR_SL_FIRST,587,1,69.80301691298588,69.80251691298588,-5.000000000023874,1.0,-6.000000000023874,126819.99999990282,0
CLOSE,SL_AND_TP_SAME_BAR_SL_FIRST,588,1,70.14000850825633,70.13950850825633,-5.000000000023874,1.0,-6.000000000023874,126759.99999990259,0
CLOSE,SL_AND_TP_SAME_BAR_SL_FIRST,589,1,70.56000188633338,70.55950188633338,-5.000000000023874,1.0,-6.000000000023874,126699.99999990236,0
CLOSE,SL_AND_TP_SAME_BAR_SL_FIRST,590,1,70.4200095565417,70.4195095565417,-5.000000000023874,1.0,-6.000000000023874,126639.99999990212,0
CLOSE,SL_AND_TP_SAME_BAR_SL_FIRST,591,1,70.39900785294613,70.39850785294612,-5.000000000023874,1.0,-6.000000000023874,126579.99999990189,0
CLOSE,SL_AND_TP_SAME_BAR_SL_FIRST,592,1,70.76000342282103,70.75950342282103,-5.000000000023874,1.0,-6.000000000023874,126519.99999990166,0
CLOSE,SL_AND_TP_SAME_BAR_SL_FIRST,593,1,71.10001953036668,71.09951953036668,-5.000000000023874,1.0,-6.000000000023874,126459.99999990143,0
CLOSE,SL_AND_TP_SAME_BAR_SL_FIRST,594,1,70.98000335277668,70.97950335277667,-5.000000000023874,1.0,-6.000000000023874,126399.99999990119,0
CLOSE,SL_AND_TP_SAME_BAR_SL_FIRST,595,1,71.05001117437824,71.04951117437824,-5.000000000023874,1.0,-6.000000000023874,126339.99999990096,0
CLOSE,SL_AND_TP_SAME_BAR_SL_FIRST,596,1,71.2100191592107,71.2095191592107,-5.000000000023874,1.0,-6.000000000023874,126279.99999990073,0
CLOSE,SL_AND_TP_SAME_BAR_SL_FIRST,597,1,71.18800279722186,71.18750279722185,-5.000000000023874,1.0,-6.000000000023874,126219.9999999005,0
CLOSE,SL_AND_TP_SAME_BAR_SL_FIRST,598,1,71.26001089283687,71.25951089283687,-5.000000000023874,1.0,-6.000000000023874,126159.99999990026,0
CLOSE,SL_AND_TP_SAME_BAR_SL_FIRST,599,1,71.19000233496017,71.18950233496017,-5.000000000023874,1.0,-6.000000000023874,126099.99999990003,0
CLOSE,SL_AND_TP_SAME_BAR_SL_FIRST,600,1,71.00000200808854,70.99950200808854,-5.000000000023874,1.0,-6.000000000023874,126039.9999998998,0
CLOSE,TP_HIT,601,1,70.90001025430236,70.91201025430236,120.00000000000455,1.0,119.00000000000455,127229.99999989984,0
CLOSE,SL_AND_TP_SAME_BAR_SL_FIRST,602,1,71.07000389187911,71.06950389187911,-5.000000000023874,1.0,-6.000000000023874,127169.9999998996,0
CLOSE,SL_AND_TP_SAME_BAR_SL_FIRST,603,1,71.3900025588143,71.3895025588143,-5.000000000023874,1.0,-6.000000000023874,127109.99999989937,0
CLOSE,SL_HIT,604,1,71.23501175230804,71.23451175230804,-5.000000000023874,1.0,-6.000000000023874,127049.99999989914,0
CLOSE,SL_AND_TP_SAME_BAR_SL_FIRST,605,1,70.96001510782204,70.95951510782204,-5.000000000023874,1.0,-6.000000000023874,126989.99999989891,0
CLOSE,TP_HIT,606,1,71.43501592943966,71.44701592943966,120.00000000000455,1.0,119.00000000000455,128179.99999989895,0
CLOSE,SL_AND_TP_SAME_BAR_SL_FIRST,607,1,71.71000950186172,71.70950950186172,-5.000000000023874,1.0,-6.000000000023874,128119.99999989872,0
CLOSE,SL_AND_TP_SAME_BAR_SL_FIRST,608,1,71.5300172722326,71.5295172722326,-5.000000000023874,1.0,-6.000000000023874,128059.99999989849,0
CLOSE,SL_AND_TP_SAME_BAR_SL_FIRST,609,1,71.55000620365641,71.5495062036564,-5.000000000023874,1.0,-6.000000000023874,127999.99999989825,0
CLOSE,SL_AND_TP_SAME_BAR_SL_FIRST,610,1,71.30000315171353,71.29950315171352,-5.000000000023874,1.0,-6.000000000023874,127939.99999989802,0
CLOSE,SL_AND_TP_SAME_BAR_SL_FIRST,611,1,71.17500922211508,71.17450922211508,-5.000000000023874,1.0,-6.000000000023874,127879.99999989779,0
CLOSE,SL_AND_TP_SAME_BAR_SL_FIRST,612,1,71.14001295411849,71.13951295411849,-5.000000000023874,1.0,-6.000000000023874,127819.99999989755,0
CLOSE,SL_AND_TP_SAME_BAR_SL_FIRST,613,1,70.53500791551369,70.53450791551369,-5.000000000023874,1.0,-6.000000000023874,127759.99999989732,0
CLOSE,SL_AND_TP_SAME_BAR_SL_FIRST,614,1,70.87500721537927,70.87450721537927,-5.000000000023874,1.0,-6.000000000023874,127699.99999989709,0
CLOSE,TP_HIT,615,1,71.02000898958241,71.03200898958241,120.00000000000455,1.0,119.00000000000455,128889.99999989713,0
CLOSE,SL_AND_TP_SAME_BAR_SL_FIRST,616,1,71.33000969331857,71.32950969331857,-5.000000000023874,1.0,-6.000000000023874,128829.9999998969,0
CLOSE,SL_AND_TP_SAME_BAR_SL_FIRST,617,1,71.38700905484687,71.38650905484687,-5.000000000023874,1.0,-6.000000000023874,128769.99999989667,0
CLOSE,SL_AND_TP_SAME_BAR_SL_FIRST,618,1,71.30000126206603,71.29950126206603,-5.000000000023874,1.0,-6.000000000023874,128709.99999989643,0
CLOSE,SL_AND_TP_SAME_BAR_SL_FIRST,619,1,71.01001101275429,71.00951101275429,-5.000000000023874,1.0,-6.000000000023874,128649.9999998962,0
CLOSE,SL_AND_TP_SAME_BAR_SL_FIRST,620,1,71.16500173481685,71.16450173481685,-5.000000000023874,1.0,-6.000000000023874,128589.99999989597,0
CLOSE,SL_AND_TP_SAME_BAR_SL_FIRST,621,1,71.03500995530472,71.03450995530471,-5.000000000023874,1.0,-6.000000000023874,128529.99999989574,0
CLOSE,SL_AND_TP_SAME_BAR_SL_FIRST,622,1,70.83400480981864,70.83350480981863,-5.000000000023874,1.0,-6.000000000023874,128469.9999998955,0
CLOSE,SL_AND_TP_SAME_BAR_SL_FIRST,623,1,70.96000803576288,70.95950803576288,-5.000000000023874,1.0,-6.000000000023874,128409.99999989527,0
CLOSE,SL_AND_TP_SAME_BAR_SL_FIRST,624,1,71.20001345600225,71.19951345600225,-5.000000000023874,1.0,-6.000000000023874,128349.99999989504,0
CLOSE,SL_AND_TP_SAME_BAR_SL_FIRST,625,1,70.84001588142232,70.83951588142232,-5.000000000023874,1.0,-6.000000000023874,128289.9999998948,0
CLOSE,SL_HIT,626,1,71.00000887406858,70.99950887406858,-5.000000000023874,1.0,-6.000000000023874,128229.99999989457,0
CLOSE,SL_AND_TP_SAME_BAR_SL_FIRST,627,1,70.91001548493728,70.90951548493727,-5.000000000023874,1.0,-6.000000000023874,128169.99999989434,0
CLOSE,SL_AND_TP_SAME_BAR_SL_FIRST,628,1,70.49000078096817,70.48950078096817,-5.000000000023874,1.0,-6.000000000023874,128109.9999998941,0
CLOSE,SL_AND_TP_SAME_BAR_SL_FIRST,629,1,70.0800047701224,70.0795047701224,-5.000000000023874,1.0,-6.000000000023874,128049.99999989387,0
CLOSE,SL_AND_TP_SAME_BAR_SL_FIRST,630,1,70.1160189043724,70.1155189043724,-5.000000000023874,1.0,-6.000000000023874,127989.99999989364,0
CLOSE,SL_AND_TP_SAME_BAR_SL_FIRST,631,1,70.01201179939233,70.01151179939232,-5.000000000023874,1.0,-6.000000000023874,127929.9999998934,0
CLOSE,SL_HIT,632,1,69.85000489567125,69.84950489567125,-5.000000000023874,1.0,-6.000000000023874,127869.99999989317,0
CLOSE,SL_AND_TP_SAME_BAR_SL_FIRST,633,1,69.62501436431435,69.62451436431435,-5.000000000023874,1.0,-6.000000000023874,127809.99999989294,0
CLOSE,SL_AND_TP_SAME_BAR_SL_FIRST,634,1,69.52901541899416,69.52851541899416,-5.000000000023874,1.0,-6.000000000023874,127749.99999989271,0
CLOSE,SL_HIT,635,1,69.36501291566901,69.36451291566901,-5.000000000023874,1.0,-6.000000000023874,127689.99999989248,0
CLOSE,SL_HIT,636,1,68.96300693081729,68.96250693081728,-5.000000000023874,1.0,-6.000000000023874,127629.99999989224,0
CLOSE,SL_AND_TP_SAME_BAR_SL_FIRST,637,1,68.6250193221024,68.6245193221024,-5.000000000023874,1.0,-6.000000000023874,127569.99999989201,0
CLOSE,SL_AND_TP_SAME_BAR_SL_FIRST,638,1,69.01500037602065,69.01450037602065,-5.000000000023874,1.0,-6.000000000023874,127509.99999989178,0
CLOSE,SL_AND_TP_SAME_BAR_SL_FIRST,639,1,68.79000847347466,68.78950847347465,-5.000000000023874,1.0,-6.000000000023874,127449.99999989154,0
CLOSE,SL_AND_TP_SAME_BAR_SL_FIRST,640,1,68.81001435367337,68.80951435367336,-5.000000000023874,1.0,-6.000000000023874,127389.99999989131,0
CLOSE,SL_HIT,641,1,69.1700160428032,69.1695160428032,-5.000000000023874,1.0,-6.000000000023874,127329.99999989108,0
CLOSE,SL_AND_TP_SAME_BAR_SL_FIRST,642,1,68.89001632698866,68.88951632698866,-5.000000000023874,1.0,-6.000000000023874,127269.99999989085,0
CLOSE,SL_AND_TP_SAME_BAR_SL_FIRST,643,1,68.99600904612636,68.99550904612636,-5.000000000023874,1.0,-6.000000000023874,127209.99999989061,0
CLOSE,SL_AND_TP_SAME_BAR_SL_FIRST,644,1,69.10001666850042,69.09951666850041,-5.000000000023874,1.0,-6.000000000023874,127149.99999989038,0
CLOSE,SL_AND_TP_SAME_BAR_SL_FIRST,645,1,69.1900082241954,69.1895082241954,-5.000000000023874,1.0,-6.000000000023874,127089.99999989015,0
CLOSE,TP_HIT,646,1,69.18500060046948,69.19700060046948,120.00000000000455,1.0,119.00000000000455,128279.99999989019,0
CLOSE,SL_AND_TP_SAME_BAR_SL_FIRST,647,1,69.20501308720536,69.20451308720536,-5.000000000023874,1.0,-6.000000000023874,128219.99999988996,0
CLOSE,SL_HIT,648,1,68.92000442639966,68.91950442639966,-5.000000000023874,1.0,-6.000000000023874,128159.99999988973,0
CLOSE,TP_HIT,649,1,68.45000243068574,68.46200243068574,120.00000000000455,1.0,119.00000000000455,129349.99999988977,0
CLOSE,TP_HIT,650,1,68.98001244528824,68.99201244528824,120.00000000000455,1.0,119.00000000000455,130539.99999988981,0
CLOSE,TP_HIT,651,1,69.1700037795773,69.1820037795773,120.00000000000455,1.0,119.00000000000455,131729.99999988987,0
CLOSE,SL_AND_TP_SAME_BAR_SL_FIRST,652,1,69.55501213774389,69.55451213774388,-5.000000000023874,1.0,-6.000000000023874,131669.99999988964,0
CLOSE,SL_AND_TP_SAME_BAR_SL_FIRST,653,1,69.28000539281184,69.27950539281184,-5.000000000023874,1.0,-6.000000000023874,131609.9999998894,0
CLOSE,SL_AND_TP_SAME_BAR_SL_FIRST,654,1,69.15000689121511,69.14950689121511,-5.000000000023874,1.0,-6.000000000023874,131549.99999988917,0
CLOSE,TP_HIT,655,1,69.02001830472058,69.03201830472058,120.00000000000455,1.0,119.00000000000455,132739.99999988923,0
CLOSE,SL_AND_TP_SAME_BAR_SL_FIRST,656,1,69.19001299366883,69.18951299366883,-5.000000000023874,1.0,-6.000000000023874,132679.999999889,0
CLOSE,TP_HIT,657,1,69.39500571707022,69.40700571707022,120.00000000000455,1.0,119.00000000000455,133869.99999988906,0
CLOSE,SL_AND_TP_SAME_BAR_SL_FIRST,658,1,69.53001985209109,69.52951985209108,-5.000000000023874,1.0,-6.000000000023874,133809.99999988882,0
CLOSE,SL_AND_TP_SAME_BAR_SL_FIRST,659,1,69.43101141579845,69.43051141579845,-5.000000000023874,1.0,-6.000000000023874,133749.9999998886,0
CLOSE,SL_AND_TP_SAME_BAR_SL_FIRST,660,1,69.39501906396569,69.39451906396569,-5.000000000023874,1.0,-6.000000000023874,133689.99999988836,0
CLOSE,SL_AND_TP_SAME_BAR_SL_FIRST,661,1,69.40701732209806,69.40651732209805,-5.000000000023874,1.0,-6.000000000023874,133629.99999988812,0
CLOSE,SL_AND_TP_SAME_BAR_SL_FIRST,662,1,69.70000827739491,69.69950827739491,-5.000000000023874,1.0,-6.000000000023874,133569.9999998879,0
CLOSE,SL_AND_TP_SAME_BAR_SL_FIRST,663,1,69.77001671851086,69.76951671851086,-5.000000000023874,1.0,-6.000000000023874,133509.99999988766,0
CLOSE,SL_AND_TP_SAME_BAR_SL_FIRST,664,1,69.9600137686183,69.9595137686183,-5.000000000023874,1.0,-6.000000000023874,133449.99999988743,0
CLOSE,SL_AND_TP_SAME_BAR_SL_FIRST,665,1,70.17000579539025,70.16950579539025,-5.000000000023874,1.0,-6.000000000023874,133389.9999998872,0
CLOSE,SL_AND_TP_SAME_BAR_SL_FIRST,666,1,69.85001245526057,69.84951245526057,-5.000000000023874,1.0,-6.000000000023874,133329.99999988696,0
CLOSE,SL_AND_TP_SAME_BAR_SL_FIRST,667,1,69.81700935649766,69.81650935649766,-5.000000000023874,1.0,-6.000000000023874,133269.99999988673,0
CLOSE,SL_HIT,668,1,69.64701055302089,69.64651055302089,-5.000000000023874,1.0,-6.000000000023874,133209.9999998865,0
CLOSE,SL_AND_TP_SAME_BAR_SL_FIRST,669,1,69.5450003501043,69.5445003501043,-5.000000000023874,1.0,-6.000000000023874,133149.99999988626,0
CLOSE,SL_AND_TP_SAME_BAR_SL_FIRST,670,1,69.41000898249023,69.40950898249022,-5.000000000023874,1.0,-6.000000000023874,133089.99999988603,0
CLOSE,TP_HIT,671,1,69.09501740779461,69.10701740779461,120.00000000000455,1.0,119.00000000000455,134279.9999998861,0
CLOSE,SL_AND_TP_SAME_BAR_SL_FIRST,672,1,69.38000680325872,69.37950680325872,-5.000000000023874,1.0,-6.000000000023874,134219.99999988585,0
CLOSE,SL_AND_TP_SAME_BAR_SL_FIRST,673,1,69.64501809842508,69.64451809842508,-5.000000000023874,1.0,-6.000000000023874,134159.99999988562,0
CLOSE,SL_AND_TP_SAME_BAR_SL_FIRST,674,1,69.72001816918348,69.71951816918347,-5.000000000023874,1.0,-6.000000000023874,134099.9999998854,0
CLOSE,SL_HIT,675,1,70.2000166464276,70.1995166464276,-5.000000000023874,1.0,-6.000000000023874,134039.99999988516,0
CLOSE,SL_AND_TP_SAME_BAR_SL_FIRST,676,1,70.01500822564907,70.01450822564907,-5.000000000023874,1.0,-6.000000000023874,133979.99999988492,0
CLOSE,SL_AND_TP_SAME_BAR_SL_FIRST,677,1,70.57001176580485,70.56951176580485,-5.000000000023874,1.0,-6.000000000023874,133919.9999998847,0
CLOSE,SL_AND_TP_SAME_BAR_SL_FIRST,678,1,70.33200726798522,70.33150726798522,-5.000000000023874,1.0,-6.000000000023874,133859.99999988446,0
CLOSE,SL_AND_TP_SAME_BAR_SL_FIRST,679,1,70.24900607607402,70.24850607607402,-5.000000000023874,1.0,-6.000000000023874,133799.99999988422,0
CLOSE,SL_AND_TP_SAME_BAR_SL_FIRST,680,1,70.13001505937083,70.12951505937083,-5.000000000023874,1.0,-6.000000000023874,133739.999999884,0
CLOSE,SL_HIT,681,1,70.28000657252113,70.27950657252113,-5.000000000023874,1.0,-6.000000000023874,133679.99999988376,0
CLOSE,TP_HIT,682,1,69.6090080016136,69.6210080016136,120.00000000000455,1.0,119.00000000000455,134869.99999988382,0
CLOSE,SL_AND_TP_SAME_BAR_SL_FIRST,683,1,69.6450040795922,69.6445040795922,-5.000000000023874,1.0,-6.000000000023874,134809.99999988358,0
CLOSE,SL_AND_TP_SAME_BAR_SL_FIRST,684,1,69.65001478256933,69.64951478256933,-5.000000000023874,1.0,-6.000000000023874,134749.99999988335,0
CLOSE,SL_AND_TP_SAME_BAR_SL_FIRST,685,1,69.6650053056763,69.6645053056763,-5.000000000023874,1.0,-6.000000000023874,134689.99999988312,0
CLOSE,SL_AND_TP_SAME_BAR_SL_FIRST,686,1,69.3800091862761,69.3795091862761,-5.000000000023874,1.0,-6.000000000023874,134629.9999998829,0
CLOSE,TP_HIT,687,1,69.50401124805886,69.51601124805886,120.00000000000455,1.0,119.00000000000455,135819.99999988294,0
CLOSE,SL_AND_TP_SAME_BAR_SL_FIRST,688,1,69.61001459831458,69.60951459831458,-5.000000000023874,1.0,-6.000000000023874,135759.9999998827,0
CLOSE,SL_AND_TP_SAME_BAR_SL_FIRST,689,1,69.84500143729299,69.84450143729299,-5.000000000023874,1.0,-6.000000000023874,135699.99999988248,0
CLOSE,SL_AND_TP_SAME_BAR_SL_FIRST,690,1,69.82500391842385,69.82450391842384,-5.000000000023874,1.0,-6.000000000023874,135639.99999988225,0
CLOSE,SL_AND_TP_SAME_BAR_SL_FIRST,691,1,69.58001416424032,69.57951416424032,-5.000000000023874,1.0,-6.000000000023874,135579.999999882,0
CLOSE,SL_AND_TP_SAME_BAR_SL_FIRST,692,1,69.1710030030809,69.1705030030809,-5.000000000023874,1.0,-6.000000000023874,135519.99999988178,0
CLOSE,SL_AND_TP_SAME_BAR_SL_FIRST,693,1,69.2910115520416,69.2905115520416,-5.000000000023874,1.0,-6.000000000023874,135459.99999988155,0
CLOSE,SL_AND_TP_SAME_BAR_SL_FIRST,694,1,69.38501151728714,69.38451151728714,-5.000000000023874,1.0,-6.000000000023874,135399.99999988131,0
CLOSE,SL_AND_TP_SAME_BAR_SL_FIRST,695,1,69.16500160951334,69.16450160951334,-5.000000000023874,1.0,-6.000000000023874,135339.99999988108,0
CLOSE,TP_HIT,696,1,69.35501166479924,69.36701166479924,120.00000000000455,1.0,119.00000000000455,136529.99999988114,0
CLOSE,SL_HIT,697,1,69.5350001417201,69.5345001417201,-5.000000000023874,1.0,-6.000000000023874,136469.9999998809,0
CLOSE,SL_AND_TP_SAME_BAR_SL_FIRST,698,1,69.38500422659178,69.38450422659177,-5.000000000023874,1.0,-6.000000000023874,136409.99999988067,0
CLOSE,SL_AND_TP_SAME_BAR_SL_FIRST,699,1,69.37501496494568,69.37451496494567,-5.000000000023874,1.0,-6.000000000023874,136349.99999988044,0
CLOSE,TP_HIT,700,1,69.53001260764323,69.54201260764323,120.00000000000455,1.0,119.00000000000455,137539.9999998805,0
CLOSE,SL_AND_TP_SAME_BAR_SL_FIRST,701,1,69.83301639871739,69.83251639871739,-5.000000000023874,1.0,-6.000000000023874,137479.99999988027,0
CLOSE,SL_AND_TP_SAME_BAR_SL_FIRST,702,1,69.85001450852452,69.84951450852452,-5.000000000023874,1.0,-6.000000000023874,137419.99999988003,0
CLOSE,SL_AND_TP_SAME_BAR_SL_FIRST,703,1,69.61000879103679,69.60950879103679,-5.000000000023874,1.0,-6.000000000023874,137359.9999998798,0
CLOSE,SL_AND_TP_SAME_BAR_SL_FIRST,704,1,69.65000569998188,69.64950569998187,-5.000000000023874,1.0,-6.000000000023874,137299.99999987957,0
CLOSE,SL_AND_TP_SAME_BAR_SL_FIRST,705,1,69.52001214552809,69.51951214552808,-5.000000000023874,1.0,-6.000000000023874,137239.99999987934,0
CLOSE,SL_AND_TP_SAME_BAR_SL_FIRST,706,1,69.61501388970272,69.61451388970272,-5.000000000023874,1.0,-6.000000000023874,137179.9999998791,0
CLOSE,SL_AND_TP_SAME_BAR_SL_FIRST,707,1,69.27301805928823,69.27251805928823,-5.000000000023874,1.0,-6.000000000023874,137119.99999987887,0
CLOSE,SL_AND_TP_SAME_BAR_SL_FIRST,708,1,69.33401299484159,69.33351299484158,-5.000000000023874,1.0,-6.000000000023874,137059.99999987864,0
CLOSE,SL_AND_TP_SAME_BAR_SL_FIRST,709,1,69.24501367711876,69.24451367711876,-5.000000000023874,1.0,-6.000000000023874,136999.9999998784,0
CLOSE,SL_AND_TP_SAME_BAR_SL_FIRST,710,1,69.0880172504104,69.0875172504104,-5.000000000023874,1.0,-6.000000000023874,136939.99999987817,0
CLOSE,SL_AND_TP_SAME_BAR_SL_FIRST,711,1,68.95001014034973,68.94951014034973,-5.000000000023874,1.0,-6.000000000023874,136879.99999987794,0
CLOSE,SL_AND_TP_SAME_BAR_SL_FIRST,712,1,68.8850011300129,68.8845011300129,-5.000000000023874,1.0,-6.000000000023874,136819.9999998777,0
CLOSE,SL_AND_TP_SAME_BAR_SL_FIRST,713,1,68.89000105486078,68.88950105486077,-5.000000000023874,1.0,-6.000000000023874,136759.99999987747,0
CLOSE,SL_AND_TP_SAME_BAR_SL_FIRST,714,1,68.8000033778132,68.7995033778132,-5.000000000023874,1.0,-6.000000000023874,136699.99999987724,0
CLOSE,SL_AND_TP_SAME_BAR_SL_FIRST,715,1,68.5270059756062,68.5265059756062,-5.000000000023874,1.0,-6.000000000023874,136639.999999877,0
CLOSE,TP_HIT,716,1,68.45000209458266,68.46200209458266,120.00000000000455,1.0,119.00000000000455,137829.99999987707,0
CLOSE,SL_AND_TP_SAME_BAR_SL_FIRST,717,1,68.56600742593582,68.56550742593582,-5.000000000023874,1.0,-6.000000000023874,137769.99999987683,0
CLOSE,SL_AND_TP_SAME_BAR_SL_FIRST,718,1,68.5650052414943,68.5645052414943,-5.000000000023874,1.0,-6.000000000023874,137709.9999998766,0
CLOSE,SL_AND_TP_SAME_BAR_SL_FIRST,719,1,68.41900408616321,68.41850408616321,-5.000000000023874,1.0,-6.000000000023874,137649.99999987637,0
CLOSE,TP_HIT,720,1,68.41000980259417,68.42200980259418,120.00000000000455,1.0,119.00000000000455,138839.99999987643,0
CLOSE,SL_AND_TP_SAME_BAR_SL_FIRST,721,1,68.56000788147607,68.55950788147607,-5.000000000023874,1.0,-6.000000000023874,138779.9999998762,0
CLOSE,SL_AND_TP_SAME_BAR_SL_FIRST,722,1,68.54501821267667,68.54451821267666,-5.000000000023874,1.0,-6.000000000023874,138719.99999987596,0
CLOSE,SL_AND_TP_SAME_BAR_SL_FIRST,723,1,68.65000343832037,68.64950343832037,-5.000000000023874,1.0,-6.000000000023874,138659.99999987573,0
CLOSE,SL_AND_TP_SAME_BAR_SL_FIRST,724,1,68.8460185276889,68.8455185276889,-5.000000000023874,1.0,-6.000000000023874,138599.9999998755,0
CLOSE,SL_AND_TP_SAME_BAR_SL_FIRST,725,1,68.8550036442531,68.8545036442531,-5.000000000023874,1.0,-6.000000000023874,138539.99999987526,0
CLOSE,TP_HIT,726,1,68.8600049078202,68.8720049078202,120.00000000000455,1.0,119.00000000000455,139729.99999987532,0
CLOSE,SL_AND_TP_SAME_BAR_SL_FIRST,727,1,68.93000675878913,68.92950675878913,-5.000000000023874,1.0,-6.000000000023874,139669.9999998751,0
CLOSE,SL_AND_TP_SAME_BAR_SL_FIRST,728,1,69.0330035993181,69.0325035993181,-5.000000000023874,1.0,-6.000000000023874,139609.99999987485,0
CLOSE,SL_AND_TP_SAME_BAR_SL_FIRST,729,1,68.98000249571894,68.97950249571893,-5.000000000023874,1.0,-6.000000000023874,139549.99999987462,0
CLOSE,SL_AND_TP_SAME_BAR_SL_FIRST,730,1,69.04100332742856,69.04050332742855,-5.000000000023874,1.0,-6.000000000023874,139489.9999998744,0
CLOSE,SL_AND_TP_SAME_BAR_SL_FIRST,731,1,68.8800038176099,68.8795038176099,-5.000000000023874,1.0,-6.000000000023874,139429.99999987416,0
CLOSE,SL_AND_TP_SAME_BAR_SL_FIRST,732,1,68.75501152970772,68.75451152970771,-5.000000000023874,1.0,-6.000000000023874,139369.99999987392,0
CLOSE,SL_AND_TP_SAME_BAR_SL_FIRST,733,1,68.86201927630309,68.86151927630308,-5.000000000023874,1.0,-6.000000000023874,139309.9999998737,0
CLOSE,TP_HIT,734,1,68.87501589994964,68.88701589994965,120.00000000000455,1.0,119.00000000000455,140499.99999987375,0
CLOSE,TP_HIT,735,1,69.01701498660378,69.02901498660378,120.00000000000455,1.0,119.00000000000455,141689.9999998738,0
CLOSE,TP_HIT,736,1,69.70000412124648,69.71200412124648,120.00000000000455,1.0,119.00000000000455,142879.99999987386,0
CLOSE,SL_AND_TP_SAME_BAR_SL_FIRST,737,1,70.82100482107819,70.82050482107819,-5.000000000023874,1.0,-6.000000000023874,142819.99999987363,0
CLOSE,SL_AND_TP_SAME_BAR_SL_FIRST,738,1,71.04001533803861,71.03951533803861,-5.000000000023874,1.0,-6.000000000023874,142759.9999998734,0
CLOSE,SL_AND_TP_SAME_BAR_SL_FIRST,739,1,71.14500306483428,71.14450306483428,-5.000000000023874,1.0,-6.000000000023874,142699.99999987317,0
CLOSE,TP_HIT,740,1,70.42001357720865,70.43201357720865,120.00000000000455,1.0,119.00000000000455,143889.99999987322,0
CLOSE,TP_HIT,741,1,70.92401568735822,70.93601568735822,120.00000000000455,1.0,119.00000000000455,145079.99999987328,0
CLOSE,SL_AND_TP_SAME_BAR_SL_FIRST,742,1,71.28301491360014,71.28251491360014,-5.000000000023874,1.0,-6.000000000023874,145019.99999987305,0
CLOSE,SL_HIT,743,1,71.41801136667344,71.41751136667344,-5.000000000023874,1.0,-6.000000000023874,144959.99999987282,0
CLOSE,TP_HIT,744,1,71.27500087133946,71.28700087133946,120.00000000000455,1.0,119.00000000000455,146149.99999987287,0
CLOSE,SL_HIT,745,1,71.81000530898176,71.80950530898176,-5.000000000023874,1.0,-6.000000000023874,146089.99999987264,0
CLOSE,SL_AND_TP_SAME_BAR_SL_FIRST,746,1,71.15501884144544,71.15451884144544,-5.000000000023874,1.0,-6.000000000023874,146029.9999998724,0
CLOSE,TP_HIT,747,1,71.45101176659213,71.46301176659213,120.00000000000455,1.0,119.00000000000455,147219.99999987247,0
CLOSE,SL_AND_TP_SAME_BAR_SL_FIRST,748,1,71.5490140720805,71.5485140720805,-5.000000000023874,1.0,-6.000000000023874,147159.99999987223,0
CLOSE,TP_HIT,749,1,71.44000223214643,71.45200223214643,120.00000000000455,1.0,119.00000000000455,148349.9999998723,0
CLOSE,SL_AND_TP_SAME_BAR_SL_FIRST,750,1,71.9300128499824,71.9295128499824,-5.000000000023874,1.0,-6.000000000023874,148289.99999987206,0
CLOSE,TP_HIT,751,1,71.51301617999674,71.52501617999674,120.00000000000455,1.0,119.00000000000455,149479.99999987212,0
CLOSE,SL_HIT,752,1,72.02501143869252,72.02451143869251,-5.000000000023874,1.0,-6.000000000023874,149419.99999987188,0
CLOSE,SL_AND_TP_SAME_BAR_SL_FIRST,753,1,71.54301469718267,71.54251469718267,-5.000000000023874,1.0,-6.000000000023874,149359.99999987165,0
CLOSE,SL_AND_TP_SAME_BAR_SL_FIRST,754,1,71.82901630812242,71.82851630812242,-5.000000000023874,1.0,-6.000000000023874,149299.99999987142,0
CLOSE,SL_AND_TP_SAME_BAR_SL_FIRST,755,1,71.69001810567656,71.68951810567656,-5.000000000023874,1.0,-6.000000000023874,149239.9999998712,0
CLOSE,TP_HIT,756,1,71.45301120896511,71.46501120896511,120.00000000000455,1.0,119.00000000000455,150429.99999987124,0
CLOSE,SL_AND_TP_SAME_BAR_SL_FIRST,757,1,71.96901223745104,71.96851223745104,-5.000000000023874,1.0,-6.000000000023874,150369.999999871,0
CLOSE,SL_AND_TP_SAME_BAR_SL_FIRST,758,1,72.17000958556913,72.16950958556913,-5.000000000023874,1.0,-6.000000000023874,150309.99999987078,0
CLOSE,SL_AND_TP_SAME_BAR_SL_FIRST,759,1,71.98901733866448,71.98851733866448,-5.000000000023874,1.0,-6.000000000023874,150249.99999987055,0
CLOSE,SL_HIT,760,1,71.92800376967115,71.92750376967115,-5.000000000023874,1.0,-6.000000000023874,150189.9999998703,0
CLOSE,SL_AND_TP_SAME_BAR_SL_FIRST,761,1,71.64501868914171,71.6445186891417,-5.000000000023874,1.0,-6.000000000023874,150129.99999987008,0
CLOSE,SL_AND_TP_SAME_BAR_SL_FIRST,762,1,71.77800525454943,71.77750525454942,-5.000000000023874,1.0,-6.000000000023874,150069.99999986985,0
CLOSE,SL_AND_TP_SAME_BAR_SL_FIRST,763,1,71.87500938995846,71.87450938995846,-5.000000000023874,1.0,-6.000000000023874,150009.99999986961,0
CLOSE,SL_HIT,764,1,71.57700822108211,71.57650822108211,-5.000000000023874,1.0,-6.000000000023874,149949.99999986938,0
CLOSE,SL_AND_TP_SAME_BAR_SL_FIRST,765,1,70.96700774026118,70.96650774026118,-5.000000000023874,1.0,-6.000000000023874,149889.99999986915,0
CLOSE,TP_HIT,766,1,70.98500046482012,70.99700046482012,120.00000000000455,1.0,119.00000000000455,151079.9999998692,0
CLOSE,SL_AND_TP_SAME_BAR_SL_FIRST,767,1,71.5800152353214,71.5795152353214,-5.000000000023874,1.0,-6.000000000023874,151019.99999986897,0
CLOSE,SL_AND_TP_SAME_BAR_SL_FIRST,768,1,71.49001579914432,71.48951579914431,-5.000000000023874,1.0,-6.000000000023874,150959.99999986874,0
CLOSE,SL_AND_TP_SAME_BAR_SL_FIRST,769,1,71.14501159553284,71.14451159553283,-5.000000000023874,1.0,-6.000000000023874,150899.9999998685,0
CLOSE,SL_HIT,770,1,71.37501364922875,71.37451364922875,-5.000000000023874,1.0,-6.000000000023874,150839.99999986828,0
CLOSE,SL_HIT,771,1,71.07501880384885,71.07451880384885,-5.000000000023874,1.0,-6.000000000023874,150779.99999986804,0
CLOSE,SL_AND_TP_SAME_BAR_SL_FIRST,772,1,70.79901384241755,70.79851384241755,-5.000000000023874,1.0,-6.000000000023874,150719.9999998678,0
CLOSE,SL_AND_TP_SAME_BAR_SL_FIRST,773,1,70.9710046083166,70.9705046083166,-5.000000000023874,1.0,-6.000000000023874,150659.99999986758,0
CLOSE,SL_AND_TP_SAME_BAR_SL_FIRST,774,1,70.98800551594657,70.98750551594657,-5.000000000023874,1.0,-6.000000000023874,150599.99999986734,0
CLOSE,SL_AND_TP_SAME_BAR_SL_FIRST,775,1,70.9640136051156,70.9635136051156,-5.000000000023874,1.0,-6.000000000023874,150539.9999998671,0
CLOSE,SL_AND_TP_SAME_BAR_SL_FIRST,776,1,70.50901178891333,70.50851178891332,-5.000000000023874,1.0,-6.000000000023874,150479.99999986688,0
CLOSE,TP_HIT,777,1,70.64501817969769,70.65701817969769,120.00000000000455,1.0,119.00000000000455,151669.99999986694,0
CLOSE,SL_AND_TP_SAME_BAR_SL_FIRST,778,1,71.11000401413867,71.10950401413866,-5.000000000023874,1.0,-6.000000000023874,151609.9999998667,0
CLOSE,SL_AND_TP_SAME_BAR_SL_FIRST,779,1,71.15001838704701,71.14951838704701,-5.000000000023874,1.0,-6.000000000023874,151549.99999986647,0
CLOSE,SL_HIT,780,1,71.03000685307813,71.02950685307813,-5.000000000023874,1.0,-6.000000000023874,151489.99999986624,0
CLOSE,TP_HIT,781,1,70.82500816683392,70.83700816683393,120.00000000000455,1.0,119.00000000000455,152679.9999998663,0
CLOSE,SL_AND_TP_SAME_BAR_SL_FIRST,782,1,70.97501993780983,70.97451993780983,-5.000000000023874,1.0,-6.000000000023874,152619.99999986606,0
CLOSE,SL_HIT,783,1,71.22000272602885,71.21950272602885,-5.000000000023874,1.0,-6.000000000023874,152559.99999986583,0
CLOSE,SL_AND_TP_SAME_BAR_SL_FIRST,784,1,71.12000814185541,71.1195081418554,-5.000000000023874,1.0,-6.000000000023874,152499.9999998656,0
CLOSE,SL_AND_TP_SAME_BAR_SL_FIRST,785,1,70.9900091759275,70.9895091759275,-5.000000000023874,1.0,-6.000000000023874,152439.99999986537,0
CLOSE,SL_AND_TP_SAME_BAR_SL_FIRST,786,1,70.92401887495636,70.92351887495636,-5.000000000023874,1.0,-6.000000000023874,152379.99999986513,0
CLOSE,SL_AND_TP_SAME_BAR_SL_FIRST,787,1,71.23701812278553,71.23651812278553,-5.000000000023874,1.0,-6.000000000023874,152319.9999998649,0
CLOSE,SL_AND_TP_SAME_BAR_SL_FIRST,788,1,71.50001227927025,71.49951227927025,-5.000000000023874,1.0,-6.000000000023874,152259.99999986467,0
CLOSE,SL_AND_TP_SAME_BAR_SL_FIRST,789,1,71.36400522665055,71.36350522665055,-5.000000000023874,1.0,-6.000000000023874,152199.99999986443,0
CLOSE,SL_AND_TP_SAME_BAR_SL_FIRST,790,1,71.13000581465135,71.12950581465135,-5.000000000023874,1.0,-6.000000000023874,152139.9999998642,0
CLOSE,SL_HIT,791,1,71.09001053582693,71.08951053582693,-5.000000000023874,1.0,-6.000000000023874,152079.99999986397,0
CLOSE,SL_AND_TP_SAME_BAR_SL_FIRST,792,1,70.92500746010614,70.92450746010614,-5.000000000023874,1.0,-6.000000000023874,152019.99999986374,0
CLOSE,SL_AND_TP_SAME_BAR_SL_FIRST,793,1,70.8100050248236,70.8095050248236,-5.000000000023874,1.0,-6.000000000023874,151959.9999998635,0
CLOSE,SL_AND_TP_SAME_BAR_SL_FIRST,794,1,70.72500277803236,70.72450277803236,-5.000000000023874,1.0,-6.000000000023874,151899.99999986327,0
CLOSE,SL_AND_TP_SAME_BAR_SL_FIRST,795,1,70.965014132308,70.964514132308,-5.000000000023874,1.0,-6.000000000023874,151839.99999986304,0
CLOSE,SL_AND_TP_SAME_BAR_SL_FIRST,796,1,70.82000631702628,70.81950631702628,-5.000000000023874,1.0,-6.000000000023874,151779.9999998628,0
CLOSE,SL_AND_TP_SAME_BAR_SL_FIRST,797,1,70.74500461734712,70.74450461734712,-5.000000000023874,1.0,-6.000000000023874,151719.99999986257,0
CLOSE,SL_AND_TP_SAME_BAR_SL_FIRST,798,1,70.89001265108288,70.88951265108288,-5.000000000023874,1.0,-6.000000000023874,151659.99999986234,0
CLOSE,SL_AND_TP_SAME_BAR_SL_FIRST,799,1,70.95201247083311,70.95151247083311,-5.000000000023874,1.0,-6.000000000023874,151599.9999998621,0
CLOSE,SL_HIT,800,1,70.98000158957863,70.97950158957863,-5.000000000023874,1.0,-6.000000000023874,151539.99999986187,0
CLOSE,SL_AND_TP_SAME_BAR_SL_FIRST,801,1,70.76001118006918,70.75951118006918,-5.000000000023874,1.0,-6.000000000023874,151479.99999986164,0
CLOSE,SL_AND_TP_SAME_BAR_SL_FIRST,802,1,70.78900838650004,70.78850838650004,-5.000000000023874,1.0,-6.000000000023874,151419.9999998614,0
CLOSE,SL_AND_TP_SAME_BAR_SL_FIRST,803,1,70.7750195197849,70.7745195197849,-5.000000000023874,1.0,-6.000000000023874,151359.99999986117,0
CLOSE,SL_AND_TP_SAME_BAR_SL_FIRST,804,1,71.01001478197051,71.00951478197051,-5.000000000023874,1.0,-6.000000000023874,151299.99999986094,0
CLOSE,TP_HIT,805,1,71.04700642836667,71.05900642836667,120.00000000000455,1.0,119.00000000000455,152489.999999861,0
CLOSE,SL_AND_TP_SAME_BAR_SL_FIRST,806,1,71.36000236683206,71.35950236683206,-5.000000000023874,1.0,-6.000000000023874,152429.99999986077,0
CLOSE,SL_AND_TP_SAME_BAR_SL_FIRST,807,1,71.57000228549424,71.56950228549424,-5.000000000023874,1.0,-6.000000000023874,152369.99999986053,0
CLOSE,SL_AND_TP_SAME_BAR_SL_FIRST,808,1,71.79000001173482,71.78950001173482,-5.000000000023874,1.0,-6.000000000023874,152309.9999998603,0
CLOSE,SL_AND_TP_SAME_BAR_SL_FIRST,809,1,72.15001140880804,72.14951140880804,-5.000000000023874,1.0,-6.000000000023874,152249.99999986007,0
CLOSE,SL_HIT,810,1,71.96600005938201,71.96550005938201,-5.000000000023874,1.0,-6.000000000023874,152189.99999985984,0
CLOSE,SL_AND_TP_SAME_BAR_SL_FIRST,811,1,71.65001052368925,71.64951052368924,-5.000000000023874,1.0,-6.000000000023874,152129.9999998596,0
CLOSE,SL_AND_TP_SAME_BAR_SL_FIRST,812,1,71.94500902117551,71.9445090211755,-5.000000000023874,1.0,-6.000000000023874,152069.99999985937,0
CLOSE,SL_AND_TP_SAME_BAR_SL_FIRST,813,1,71.83001910590916,71.82951910590916,-5.000000000023874,1.0,-6.000000000023874,152009.99999985914,0
CLOSE,SL_AND_TP_SAME_BAR_SL_FIRST,814,1,71.74600994031326,71.74550994031326,-5.000000000023874,1.0,-6.000000000023874,151949.9999998589,0
CLOSE,SL_AND_TP_SAME_BAR_SL_FIRST,815,1,71.75000156680905,71.74950156680904,-5.000000000023874,1.0,-6.000000000023874,151889.99999985867,0
CLOSE,SL_HIT,816,1,71.79200334409597,71.79150334409597,-5.000000000023874,1.0,-6.000000000023874,151829.99999985844,0
CLOSE,SL_HIT,817,1,71.68900161221944,71.68850161221944,-5.000000000023874,1.0,-6.000000000023874,151769.9999998582,0
CLOSE,SL_AND_TP_SAME_BAR_SL_FIRST,818,1,71.48001531580181,71.4795153158018,-5.000000000023874,1.0,-6.000000000023874,151709.99999985797,0
CLOSE,SL_AND_TP_SAME_BAR_SL_FIRST,819,1,71.2600037976649,71.25950379766489,-5.000000000023874,1.0,-6.000000000023874,151649.99999985774,0
CLOSE,TP_HIT,820,1,71.50500650143665,71.51700650143665,120.00000000000455,1.0,119.00000000000455,152839.9999998578,0
CLOSE,SL_AND_TP_SAME_BAR_SL_FIRST,821,1,71.74901257572039,71.74851257572038,-5.000000000023874,1.0,-6.000000000023874,152779.99999985757,0
CLOSE,SL_AND_TP_SAME_BAR_SL_FIRST,822,1,71.6340038722212,71.6335038722212,-5.000000000023874,1.0,-6.000000000023874,152719.99999985733,0
CLOSE,SL_AND_TP_SAME_BAR_SL_FIRST,823,1,71.74000626512785,71.73950626512784,-5.000000000023874,1.0,-6.000000000023874,152659.9999998571,0
CLOSE,SL_AND_TP_SAME_BAR_SL_FIRST,824,1,71.47400885764365,71.47350885764365,-5.000000000023874,1.0,-6.000000000023874,152599.99999985687,0
CLOSE,SL_AND_TP_SAME_BAR_SL_FIRST,825,1,71.25201473228304,71.25151473228304,-5.000000000023874,1.0,-6.000000000023874,152539.99999985663,0
CLOSE,SL_AND_TP_SAME_BAR_SL_FIRST,826,1,71.28300954746626,71.28250954746626,-5.000000000023874,1.0,-6.000000000023874,152479.9999998564,0
CLOSE,SL_AND_TP_SAME_BAR_SL_FIRST,827,1,70.97001560491972,70.96951560491972,-5.000000000023874,1.0,-6.000000000023874,152419.99999985617,0
CLOSE,SL_AND_TP_SAME_BAR_SL_FIRST,828,1,70.81001928155007,70.80951928155007,-5.000000000023874,1.0,-6.000000000023874,152359.99999985594,0
CLOSE,SL_AND_TP_SAME_BAR_SL_FIRST,829,1,70.71001061993177,70.70951061993176,-5.000000000023874,1.0,-6.000000000023874,152299.9999998557,0
CLOSE,SL_AND_TP_SAME_BAR_SL_FIRST,830,1,70.57000823147362,70.56950823147362,-5.000000000023874,1.0,-6.000000000023874,152239.99999985547,0
CLOSE,SL_AND_TP_SAME_BAR_SL_FIRST,831,1,70.7980086881973,70.7975086881973,-5.000000000023874,1.0,-6.000000000023874,152179.99999985524,0
CLOSE,SL_AND_TP_SAME_BAR_SL_FIRST,832,1,70.91500981615587,70.91450981615587,-5.000000000023874,1.0,-6.000000000023874,152119.999999855,0
CLOSE,SL_AND_TP_SAME_BAR_SL_FIRST,833,1,71.0350122824625,71.0345122824625,-5.000000000023874,1.0,-6.000000000023874,152059.99999985477,0
CLOSE,SL_AND_TP_SAME_BAR_SL_FIRST,834,1,71.00000153284402,70.99950153284402,-5.000000000023874,1.0,-6.000000000023874,151999.99999985454,0
CLOSE,SL_AND_TP_SAME_BAR_SL_FIRST,835,1,71.18001971057656,71.17951971057656,-5.000000000023874,1.0,-6.000000000023874,151939.9999998543,0
CLOSE,TP_HIT,836,1,71.06001624299091,71.07201624299091,120.00000000000455,1.0,119.00000000000455,153129.99999985436,0
CLOSE,SL_AND_TP_SAME_BAR_SL_FIRST,837,1,71.22001906545982,71.21951906545982,-5.000000000023874,1.0,-6.000000000023874,153069.99999985413,0
CLOSE,SL_AND_TP_SAME_BAR_SL_FIRST,839,1,71.28001837547941,71.27951837547941,-5.000000000023874,1.0,-6.000000000023874,153009.9999998539,1
CLOSE,SL_AND_TP_SAME_BAR_SL_FIRST,840,1,71.30000387433448,71.29950387433448,-5.000000000023874,1.0,-6.000000000023874,152949.99999985367,0
CLOSE,SL_HIT,841,1,71.45500984711265,71.45450984711265,-5.000000000023874,1.0,-6.000000000023874,152889.99999985343,0
CLOSE,SL_AND_TP_SAME_BAR_SL_FIRST,842,1,71.32001298510986,71.31951298510985,-5.000000000023874,1.0,-6.000000000023874,152829.9999998532,0
CLOSE,SL_AND_TP_SAME_BAR_SL_FIRST,843,1,71.3550085573156,71.3545085573156,-5.000000000023874,1.0,-6.000000000023874,152769.99999985297,0
CLOSE,TP_HIT,844,1,71.22701574545276,71.23901574545276,120.00000000000455,1.0,119.00000000000455,153959.99999985303,0
CLOSE,TP_HIT,845,1,71.35000201233005,71.36200201233005,120.00000000000455,1.0,119.00000000000455,155149.99999985308,0
CLOSE,TP_HIT,846,1,71.7700051998754,71.7820051998754,120.00000000000455,1.0,119.00000000000455,156339.99999985314,0
CLOSE,SL_AND_TP_SAME_BAR_SL_FIRST,847,1,71.86701258525805,71.86651258525805,-5.000000000023874,1.0,-6.000000000023874,156279.9999998529,0
CLOSE,SL_AND_TP_SAME_BAR_SL_FIRST,848,1,71.84500351397814,71.84450351397814,-5.000000000023874,1.0,-6.000000000023874,156219.99999985268,0
CLOSE,SL_AND_TP_SAME_BAR_SL_FIRST,849,1,71.51000384464533,71.50950384464532,-5.000000000023874,1.0,-6.000000000023874,156159.99999985244,0
CLOSE,SL_AND_TP_SAME_BAR_SL_FIRST,850,1,71.21000670287097,71.20950670287097,-5.000000000023874,1.0,-6.000000000023874,156099.9999998522,0
CLOSE,SL_HIT,851,1,70.96001670089947,70.95951670089947,-5.000000000023874,1.0,-6.000000000023874,156039.99999985198,0
CLOSE,TP_HIT,852,1,70.71001770811114,70.72201770811114,120.00000000000455,1.0,119.00000000000455,157229.99999985204,0
CLOSE,SL_AND_TP_SAME_BAR_SL_FIRST,853,1,70.85000607751353,70.84950607751352,-5.000000000023874,1.0,-6.000000000023874,157169.9999998518,0
CLOSE,TP_HIT,854,1,70.72000459450287,70.73200459450287,120.00000000000455,1.0,119.00000000000455,158359.99999985186,0
CLOSE,SL_AND_TP_SAME_BAR_SL_FIRST,855,1,70.97800002909095,70.97750002909095,-5.000000000023874,1.0,-6.000000000023874,158299.99999985163,0
CLOSE,SL_AND_TP_SAME_BAR_SL_FIRST,856,1,71.07901442401382,71.07851442401382,-5.000000000023874,1.0,-6.000000000023874,158239.9999998514,0
CLOSE,TP_HIT,857,1,71.04000325009913,71.05200325009913,120.00000000000455,1.0,119.00000000000455,159429.99999985145,0
CLOSE,SL_AND_TP_SAME_BAR_SL_FIRST,858,1,71.17001339506129,71.16951339506129,-5.000000000023874,1.0,-6.000000000023874,159369.99999985122,0
CLOSE,TP_HIT,859,1,71.08001820171128,71.09201820171128,120.00000000000455,1.0,119.00000000000455,160559.99999985128,0
CLOSE,SL_HIT,860,1,71.40001080355418,71.39951080355418,-5.000000000023874,1.0,-6.000000000023874,160499.99999985105,0
CLOSE,TP_HIT,861,1,71.33001673852081,71.34201673852081,120.00000000000455,1.0,119.00000000000455,161689.9999998511,0
CLOSE,SL_HIT,862,1,71.45000345275696,71.44950345275696,-5.000000000023874,1.0,-6.000000000023874,161629.99999985087,0
CLOSE,SL_AND_TP_SAME_BAR_SL_FIRST,863,1,71.20000067280952,71.19950067280952,-5.000000000023874,1.0,-6.000000000023874,161569.99999985064,0
CLOSE,TP_HIT,864,1,71.31001253448912,71.32201253448912,120.00000000000455,1.0,119.00000000000455,162759.9999998507,0
CLOSE,SL_AND_TP_SAME_BAR_SL_FIRST,865,1,71.55000414117706,71.54950414117705,-5.000000000023874,1.0,-6.000000000023874,162699.99999985046,0
CLOSE,SL_AND_TP_SAME_BAR_SL_FIRST,866,1,71.55501218559513,71.55451218559513,-5.000000000023874,1.0,-6.000000000023874,162639.99999985023,0
CLOSE,SL_HIT,867,1,71.32401417434038,71.32351417434037,-5.000000000023874,1.0,-6.000000000023874,162579.99999985,0
CLOSE,SL_AND_TP_SAME_BAR_SL_FIRST,868,1,71.11500780640998,71.11450780640997,-5.000000000023874,1.0,-6.000000000023874,162519.99999984977,0
CLOSE,SL_AND_TP_SAME_BAR_SL_FIRST,869,1,71.19000728937647,71.18950728937646,-5.000000000023874,1.0,-6.000000000023874,162459.99999984953,0
CLOSE,SL_AND_TP_SAME_BAR_SL_FIRST,870,1,71.22500503257726,71.22450503257726,-5.000000000023874,1.0,-6.000000000023874,162399.9999998493,0
CLOSE,SL_HIT,871,1,71.51500789229914,71.51450789229914,-5.000000000023874,1.0,-6.000000000023874,162339.99999984907,0
CLOSE,SL_AND_TP_SAME_BAR_SL_FIRST,872,1,71.29000582474909,71.28950582474909,-5.000000000023874,1.0,-6.000000000023874,162279.99999984883,0
CLOSE,SL_AND_TP_SAME_BAR_SL_FIRST,873,1,71.28500970593878,71.28450970593877,-5.000000000023874,1.0,-6.000000000023874,162219.9999998486,0
CLOSE,SL_AND_TP_SAME_BAR_SL_FIRST,874,1,71.30601174104376,71.30551174104376,-5.000000000023874,1.0,-6.000000000023874,162159.99999984837,0
CLOSE,SL_AND_TP_SAME_BAR_SL_FIRST,875,1,71.33001318297477,71.32951318297476,-5.000000000023874,1.0,-6.000000000023874,162099.99999984814,0
CLOSE,SL_HIT,876,1,71.52901134495788,71.52851134495788,-5.000000000023874,1.0,-6.000000000023874,162039.9999998479,0
CLOSE,TP_HIT,877,1,71.34001539642573,71.35201539642573,120.00000000000455,1.0,119.00000000000455,163229.99999984796,0
CLOSE,SL_AND_TP_SAME_BAR_SL_FIRST,878,1,71.5850194683878,71.5845194683878,-5.000000000023874,1.0,-6.000000000023874,163169.99999984773,0
CLOSE,SL_AND_TP_SAME_BAR_SL_FIRST,879,1,71.60000790429497,71.59950790429497,-5.000000000023874,1.0,-6.000000000023874,163109.9999998475,0
CLOSE,SL_AND_TP_SAME_BAR_SL_FIRST,880,1,71.68001562823076,71.67951562823076,-5.000000000023874,1.0,-6.000000000023874,163049.99999984726,0
CLOSE,SL_AND_TP_SAME_BAR_SL_FIRST,881,1,71.88000224598113,71.87950224598113,-5.000000000023874,1.0,-6.000000000023874,162989.99999984703,0
CLOSE,SL_HIT,882,1,71.93501057035161,71.9345105703516,-5.000000000023874,1.0,-6.000000000023874,162929.9999998468,0
CLOSE,SL_AND_TP_SAME_BAR_SL_FIRST,883,1,71.82000625613712,71.81950625613712,-5.000000000023874,1.0,-6.000000000023874,162869.99999984656,0
CLOSE,SL_AND_TP_SAME_BAR_SL_FIRST,884,1,71.58000661354585,71.57950661354585,-5.000000000023874,1.0,-6.000000000023874,162809.99999984633,0
CLOSE,TP_HIT,885,1,71.65501592100583,71.66701592100583,120.00000000000455,1.0,119.00000000000455,163999.9999998464,0
CLOSE,SL_AND_TP_SAME_BAR_SL_FIRST,886,1,72.53900577830342,72.53850577830342,-5.000000000023874,1.0,-6.000000000023874,163939.99999984616,0
CLOSE,SL_AND_TP_SAME_BAR_SL_FIRST,887,1,72.88201699869292,72.88151699869292,-5.000000000023874,1.0,-6.000000000023874,163879.99999984592,0
CLOSE,SL_AND_TP_SAME_BAR_SL_FIRST,888,1,73.05000629874903,73.04950629874902,-5.000000000023874,1.0,-6.000000000023874,163819.9999998457,0
CLOSE,SL_AND_TP_SAME_BAR_SL_FIRST,889,1,73.5400182989011,73.5395182989011,-5.000000000023874,1.0,-6.000000000023874,163759.99999984546,0
CLOSE,TP_HIT,890,1,73.50600638516717,73.51800638516717,120.00000000000455,1.0,119.00000000000455,164949.99999984552,0
CLOSE,SL_AND_TP_SAME_BAR_SL_FIRST,891,1,74.00401333142742,74.00351333142741,-5.000000000023874,1.0,-6.000000000023874,164889.99999984528,0
CLOSE,SL_AND_TP_SAME_BAR_SL_FIRST,892,1,74.19600276678808,74.19550276678808,-5.000000000023874,1.0,-6.000000000023874,164829.99999984505,0
CLOSE,SL_HIT,893,1,74.15000239866225,74.14950239866225,-5.000000000023874,1.0,-6.000000000023874,164769.99999984482,0
CLOSE,TP_HIT,894,1,73.68200202998759,73.69400202998759,120.00000000000455,1.0,119.00000000000455,165959.99999984488,0
CLOSE,SL_HIT,895,1,74.57601605821817,74.57551605821817,-5.000000000023874,1.0,-6.000000000023874,165899.99999984464,0
CLOSE,TP_HIT,896,1,73.84000093854837,73.85200093854837,120.00000000000455,1.0,119.00000000000455,167089.9999998447,0
CLOSE,SL_AND_TP_SAME_BAR_SL_FIRST,897,1,74.00300412800516,74.00250412800516,-5.000000000023874,1.0,-6.000000000023874,167029.99999984447,0
CLOSE,SL_AND_TP_SAME_BAR_SL_FIRST,898,1,74.06201695007722,74.06151695007722,-5.000000000023874,1.0,-6.000000000023874,166969.99999984424,0
CLOSE,TP_HIT,899,1,74.55000482450042,74.56200482450042,120.00000000000455,1.0,119.00000000000455,168159.9999998443,0
CLOSE,SL_AND_TP_SAME_BAR_SL_FIRST,900,1,74.78601169832504,74.78551169832504,-5.000000000023874,1.0,-6.000000000023874,168099.99999984406,0
CLOSE,SL_AND_TP_SAME_BAR_SL_FIRST,901,1,75.39901293193356,75.39851293193355,-5.000000000023874,1.0,-6.000000000023874,168039.99999984383,0
CLOSE,SL_AND_TP_SAME_BAR_SL_FIRST,902,1,76.33501941624026,76.33451941624025,-5.000000000023874,1.0,-6.000000000023874,167979.9999998436,0
CLOSE,SL_HIT,903,1,76.37900884483363,76.37850884483363,-5.000000000023874,1.0,-6.000000000023874,167919.99999984336,0
CLOSE,SL_HIT,904,1,76.37500696214131,76.37450696214131,-5.000000000023874,1.0,-6.000000000023874,167859.99999984313,0
CLOSE,SL_AND_TP_SAME_BAR_SL_FIRST,905,1,74.88901556195131,74.88851556195131,-5.000000000023874,1.0,-6.000000000023874,167799.9999998429,0
CLOSE,SL_AND_TP_SAME_BAR_SL_FIRST,906,1,75.47201939215424,75.47151939215424,-5.000000000023874,1.0,-6.000000000023874,167739.99999984266,0
CLOSE,SL_AND_TP_SAME_BAR_SL_FIRST,907,1,75.41000789348855,75.40950789348855,-5.000000000023874,1.0,-6.000000000023874,167679.99999984243,0
CLOSE,SL_AND_TP_SAME_BAR_SL_FIRST,908,1,75.3430032915011,75.3425032915011,-5.000000000023874,1.0,-6.000000000023874,167619.9999998422,0
CLOSE,SL_AND_TP_SAME_BAR_SL_FIRST,909,1,76.40401918069135,76.40351918069135,-5.000000000023874,1.0,-6.000000000023874,167559.99999984197,0
CLOSE,SL_HIT,910,1,76.40000242775834,76.39950242775834,-5.000000000023874,1.0,-6.000000000023874,167499.99999984173,0
CLOSE,SL_AND_TP_SAME_BAR_SL_FIRST,911,1,76.24001747419328,76.23951747419328,-5.000000000023874,1.0,-6.000000000023874,167439.9999998415,0
CLOSE,SL_AND_TP_SAME_BAR_SL_FIRST,912,1,75.97500980255651,75.97450980255651,-5.000000000023874,1.0,-6.000000000023874,167379.99999984127,0
CLOSE,SL_AND_TP_SAME_BAR_SL_FIRST,913,1,75.64500263243504,75.64450263243504,-5.000000000023874,1.0,-6.000000000023874,167319.99999984103,0
CLOSE,TP_HIT,914,1,75.94500623317602,75.95700623317602,120.00000000000455,1.0,119.00000000000455,168509.9999998411,0
CLOSE,SL_HIT,915,1,76.30000247759679,76.29950247759679,-5.000000000023874,1.0,-6.000000000023874,168449.99999984086,0
CLOSE,TP_HIT,916,1,75.87900386553116,75.89100386553116,120.00000000000455,1.0,119.00000000000455,169639.99999984092,0
CLOSE,SL_AND_TP_SAME_BAR_SL_FIRST,917,1,76.24900577349939,76.24850577349939,-5.000000000023874,1.0,-6.000000000023874,169579.9999998407,0
CLOSE,SL_AND_TP_SAME_BAR_SL_FIRST,918,1,76.01501525846317,76.01451525846316,-5.000000000023874,1.0,-6.000000000023874,169519.99999984045,0
CLOSE,SL_AND_TP_SAME_BAR_SL_FIRST,919,1,76.56400259659605,76.56350259659605,-5.000000000023874,1.0,-6.000000000023874,169459.99999984022,0
CLOSE,SL_AND_TP_SAME_BAR_SL_FIRST,920,1,76.80500807730918,76.80450807730918,-5.000000000023874,1.0,-6.000000000023874,169399.99999984,0
CLOSE,SL_AND_TP_SAME_BAR_SL_FIRST,921,1,76.55001391571616,76.54951391571616,-5.000000000023874,1.0,-6.000000000023874,169339.99999983975,0
CLOSE,TP_HIT,922,1,76.57501629666729,76.58701629666729,120.00000000000455,1.0,119.00000000000455,170529.9999998398,0
CLOSE,SL_AND_TP_SAME_BAR_SL_FIRST,923,1,76.97501863698702,76.97451863698701,-5.000000000023874,1.0,-6.000000000023874,170469.99999983958,0
CLOSE,SL_AND_TP_SAME_BAR_SL_FIRST,924,1,76.41000621158173,76.40950621158173,-5.000000000023874,1.0,-6.000000000023874,170409.99999983935,0
CLOSE,SL_AND_TP_SAME_BAR_SL_FIRST,925,1,75.8950095270207,75.8945095270207,-5.000000000023874,1.0,-6.000000000023874,170349.9999998391,0
CLOSE,SL_AND_TP_SAME_BAR_SL_FIRST,926,1,76.2700152376422,76.2695152376422,-5.000000000023874,1.0,-6.000000000023874,170289.99999983888,0
CLOSE,SL_AND_TP_SAME_BAR_SL_FIRST,927,1,76.2290117785873,76.2285117785873,-5.000000000023874,1.0,-6.000000000023874,170229.99999983865,0
CLOSE,SL_AND_TP_SAME_BAR_SL_FIRST,928,1,76.06500262915023,76.06450262915023,-5.000000000023874,1.0,-6.000000000023874,170169.99999983842,0
CLOSE,SL_HIT,929,1,75.45500053198992,75.45450053198992,-5.000000000023874,1.0,-6.000000000023874,170109.99999983818,0
CLOSE,TP_HIT,930,1,75.08000648134464,75.09200648134464,120.00000000000455,1.0,119.00000000000455,171299.99999983824,0
CLOSE,SL_AND_TP_SAME_BAR_SL_FIRST,931,1,75.74900949286948,75.74850949286947,-5.000000000023874,1.0,-6.000000000023874,171239.999999838,0
CLOSE,SL_AND_TP_SAME_BAR_SL_FIRST,932,1,75.64001046372908,75.63951046372908,-5.000000000023874,1.0,-6.000000000023874,171179.99999983778,0
CLOSE,SL_AND_TP_SAME_BAR_SL_FIRST,933,1,75.71000335985049,75.70950335985049,-5.000000000023874,1.0,-6.000000000023874,171119.99999983754,0
CLOSE,SL_AND_TP_SAME_BAR_SL_FIRST,934,1,76.1050160827261,76.1045160827261,-5.000000000023874,1.0,-6.000000000023874,171059.9999998373,0
CLOSE,SL_HIT,935,1,75.79401416790105,75.79351416790105,-5.000000000023874,1.0,-6.000000000023874,170999.99999983708,0
CLOSE,SL_AND_TP_SAME_BAR_SL_FIRST,936,1,75.5350164247761,75.5345164247761,-5.000000000023874,1.0,-6.000000000023874,170939.99999983684,0
CLOSE,SL_AND_TP_SAME_BAR_SL_FIRST,937,1,75.88800723490368,75.88750723490368,-5.000000000023874,1.0,-6.000000000023874,170879.9999998366,0
CLOSE,SL_AND_TP_SAME_BAR_SL_FIRST,938,1,75.06201734597889,75.06151734597888,-5.000000000023874,1.0,-6.000000000023874,170819.99999983638,0
CLOSE,SL_AND_TP_SAME_BAR_SL_FIRST,939,1,75.36500319120965,75.36450319120965,-5.000000000023874,1.0,-6.000000000023874,170759.99999983615,0
CLOSE,SL_AND_TP_SAME_BAR_SL_FIRST,940,1,75.49501187291345,75.49451187291345,-5.000000000023874,1.0,-6.000000000023874,170699.9999998359,0
CLOSE,SL_AND_TP_SAME_BAR_SL_FIRST,941,1,75.83001482697054,75.82951482697054,-5.000000000023874,1.0,-6.000000000023874,170639.99999983568,0
CLOSE,SL_AND_TP_SAME_BAR_SL_FIRST,942,1,75.70001408028321,75.69951408028321,-5.000000000023874,1.0,-6.000000000023874,170579.99999983545,0
CLOSE,SL_AND_TP_SAME_BAR_SL_FIRST,943,1,75.64500035769369,75.64450035769369,-5.000000000023874,1.0,-6.000000000023874,170519.9999998352,0
CLOSE,SL_AND_TP_SAME_BAR_SL_FIRST,944,1,75.55500939509857,75.55450939509856,-5.000000000023874,1.0,-6.000000000023874,170459.99999983498,0
CLOSE,TP_HIT,945,1,75.62000651062587,75.63200651062587,120.00000000000455,1.0,119.00000000000455,171649.99999983504,0
CLOSE,SL_AND_TP_SAME_BAR_SL_FIRST,946,1,75.95000671841282,75.94950671841282,-5.000000000023874,1.0,-6.000000000023874,171589.9999998348,0
CLOSE,SL_HIT,947,1,75.88700980152157,75.88650980152157,-5.000000000023874,1.0,-6.000000000023874,171529.99999983457,0
CLOSE,TP_HIT,948,1,75.45901746752858,75.47101746752858,120.00000000000455,1.0,119.00000000000455,172719.99999983463,0
CLOSE,SL_HIT,949,1,75.92001700433904,75.91951700433904,-5.000000000023874,1.0,-6.000000000023874,172659.9999998344,0
CLOSE,SL_AND_TP_SAME_BAR_SL_FIRST,950,1,75.66000791253438,75.65950791253438,-5.000000000023874,1.0,-6.000000000023874,172599.99999983417,0
CLOSE,SL_AND_TP_SAME_BAR_SL_FIRST,951,1,75.60500005243199,75.60450005243199,-5.000000000023874,1.0,-6.000000000023874,172539.99999983393,0
CLOSE,SL_AND_TP_SAME_BAR_SL_FIRST,952,1,75.50500621014938,75.50450621014937,-5.000000000023874,1.0,-6.000000000023874,172479.9999998337,0
CLOSE,SL_AND_TP_SAME_BAR_SL_FIRST,953,1,75.10000853596314,75.09950853596314,-5.000000000023874,1.0,-6.000000000023874,172419.99999983347,0
CLOSE,TP_HIT,954,1,75.32500273026567,75.33700273026567,120.00000000000455,1.0,119.00000000000455,173609.99999983353,0
CLOSE,SL_AND_TP_SAME_BAR_SL_FIRST,955,1,75.45900651966444,75.45850651966444,-5.000000000023874,1.0,-6.000000000023874,173549.9999998333,0
CLOSE,SL_AND_TP_SAME_BAR_SL_FIRST,956,1,75.56001695632021,75.55951695632021,-5.000000000023874,1.0,-6.000000000023874,173489.99999983306,0
CLOSE,TP_HIT,957,1,75.40001630671148,75.41201630671148,120.00000000000455,1.0,119.00000000000455,174679.99999983312,0
CLOSE,SL_AND_TP_SAME_BAR_SL_FIRST,958,1,75.50501786835554,75.50451786835553,-5.000000000023874,1.0,-6.000000000023874,174619.9999998329,0
CLOSE,SL_AND_TP_SAME_BAR_SL_FIRST,959,1,75.63500201060745,75.63450201060745,-5.000000000023874,1.0,-6.000000000023874,174559.99999983265,0
CLOSE,SL_AND_TP_SAME_BAR_SL_FIRST,960,1,75.97100741481401,75.97050741481401,-5.000000000023874,1.0,-6.000000000023874,174499.99999983242,0
CLOSE,SL_AND_TP_SAME_BAR_SL_FIRST,961,1,76.05000161284832,76.04950161284832,-5.000000000023874,1.0,-6.000000000023874,174439.9999998322,0
CLOSE,SL_AND_TP_SAME_BAR_SL_FIRST,962,1,75.97901681630091,75.97851681630091,-5.000000000023874,1.0,-6.000000000023874,174379.99999983195,0
CLOSE,SL_AND_TP_SAME_BAR_SL_FIRST,963,1,76.25001658302133,76.24951658302133,-5.000000000023874,1.0,-6.000000000023874,174319.99999983172,0
CLOSE,SL_AND_TP_SAME_BAR_SL_FIRST,964,1,76.29001808757033,76.28951808757033,-5.000000000023874,1.0,-6.000000000023874,174259.9999998315,0
CLOSE,SL_HIT,965,1,76.40000260295713,76.39950260295713,-5.000000000023874,1.0,-6.000000000023874,174199.99999983126,0
CLOSE,SL_AND_TP_SAME_BAR_SL_FIRST,966,1,76.26000189983321,76.25950189983321,-5.000000000023874,1.0,-6.000000000023874,174139.99999983102,0
CLOSE,SL_AND_TP_SAME_BAR_SL_FIRST,967,1,75.79001341797557,75.78951341797557,-5.000000000023874,1.0,-6.000000000023874,174079.9999998308,0
CLOSE,SL_AND_TP_SAME_BAR_SL_FIRST,968,1,75.50300001037215,75.50250001037215,-5.000000000023874,1.0,-6.000000000023874,174019.99999983056,0
CLOSE,SL_AND_TP_SAME_BAR_SL_FIRST,969,1,75.66501963814966,75.66451963814966,-5.000000000023874,1.0,-6.000000000023874,173959.99999983032,0
CLOSE,SL_AND_TP_SAME_BAR_SL_FIRST,970,1,75.58701404121044,75.58651404121044,-5.000000000023874,1.0,-6.000000000023874,173899.9999998301,0
CLOSE,SL_AND_TP_SAME_BAR_SL_FIRST,971,1,75.6200179457784,75.6195179457784,-5.000000000023874,1.0,-6.000000000023874,173839.99999982986,0
CLOSE,SL_AND_TP_SAME_BAR_SL_FIRST,972,1,75.51000877573443,75.50950877573443,-5.000000000023874,1.0,-6.000000000023874,173779.99999982963,0
CLOSE,SL_AND_TP_SAME_BAR_SL_FIRST,973,1,75.54500028316247,75.54450028316246,-5.000000000023874,1.0,-6.000000000023874,173719.9999998294,0
CLOSE,SL_AND_TP_SAME_BAR_SL_FIRST,974,1,75.49001038614253,75.48951038614253,-5.000000000023874,1.0,-6.000000000023874,173659.99999982916,0
CLOSE,SL_AND_TP_SAME_BAR_SL_FIRST,975,1,74.75001928416138,74.74951928416138,-5.000000000023874,1.0,-6.000000000023874,173599.99999982893,0
CLOSE,SL_AND_TP_SAME_BAR_SL_FIRST,976,1,74.63600110752398,74.63550110752398,-5.000000000023874,1.0,-6.000000000023874,173539.9999998287,0
CLOSE,TP_HIT,977,1,74.63501008111625,74.64701008111625,120.00000000000455,1.0,119.00000000000455,174729.99999982875,0
CLOSE,TP_HIT,978,1,74.81001953154586,74.82201953154586,120.00000000000455,1.0,119.00000000000455,175919.9999998288,0
CLOSE,SL_AND_TP_SAME_BAR_SL_FIRST,979,1,74.9450047836564,74.9445047836564,-5.000000000023874,1.0,-6.000000000023874,175859.99999982858,0
CLOSE,SL_AND_TP_SAME_BAR_SL_FIRST,980,1,75.15500943498586,75.15450943498585,-5.000000000023874,1.0,-6.000000000023874,175799.99999982835,0
CLOSE,SL_AND_TP_SAME_BAR_SL_FIRST,981,1,75.19500805946606,75.19450805946606,-5.000000000023874,1.0,-6.000000000023874,175739.9999998281,0
CLOSE,TP_HIT,982,1,75.21201998235489,75.22401998235489,120.00000000000455,1.0,119.00000000000455,176929.99999982817,0
CLOSE,SL_HIT,983,1,75.40601230292187,75.40551230292186,-5.000000000023874,1.0,-6.000000000023874,176869.99999982794,0
CLOSE,SL_AND_TP_SAME_BAR_SL_FIRST,984,1,75.12500719638363,75.12450719638363,-5.000000000023874,1.0,-6.000000000023874,176809.9999998277,0
CLOSE,SL_AND_TP_SAME_BAR_SL_FIRST,985,1,75.18001216759559,75.17951216759559,-5.000000000023874,1.0,-6.000000000023874,176749.99999982747,0
CLOSE,SL_AND_TP_SAME_BAR_SL_FIRST,986,1,74.89800300731633,74.89750300731633,-5.000000000023874,1.0,-6.000000000023874,176689.99999982724,0
CLOSE,SL_AND_TP_SAME_BAR_SL_FIRST,987,1,74.75000872198636,74.74950872198636,-5.000000000023874,1.0,-6.000000000023874,176629.999999827,0
CLOSE,SL_AND_TP_SAME_BAR_SL_FIRST,988,1,74.54001254210051,74.53951254210051,-5.000000000023874,1.0,-6.000000000023874,176569.99999982677,0
CLOSE,SL_AND_TP_SAME_BAR_SL_FIRST,989,1,74.61000841357162,74.60950841357162,-5.000000000023874,1.0,-6.000000000023874,176509.99999982654,0
CLOSE,SL_AND_TP_SAME_BAR_SL_FIRST,990,1,74.81501804117015,74.81451804117015,-5.000000000023874,1.0,-6.000000000023874,176449.9999998263,0
CLOSE,SL_AND_TP_SAME_BAR_SL_FIRST,991,1,74.76001741763461,74.75951741763461,-5.000000000023874,1.0,-6.000000000023874,176389.99999982608,0
CLOSE,SL_AND_TP_SAME_BAR_SL_FIRST,992,1,74.8000170465348,74.7995170465348,-5.000000000023874,1.0,-6.000000000023874,176329.99999982584,0
CLOSE,SL_AND_TP_SAME_BAR_SL_FIRST,993,1,74.90901605543803,74.90851605543803,-5.000000000023874,1.0,-6.000000000023874,176269.9999998256,0
CLOSE,SL_HIT,994,1,74.9480107130077,74.9475107130077,-5.000000000023874,1.0,-6.000000000023874,176209.99999982538,0
CLOSE,SL_AND_TP_SAME_BAR_SL_FIRST,995,1,74.87601031919249,74.87551031919249,-5.000000000023874,1.0,-6.000000000023874,176149.99999982514,0
CLOSE,SL_AND_TP_SAME_BAR_SL_FIRST,996,1,74.91801906549938,74.91751906549938,-5.000000000023874,1.0,-6.000000000023874,176089.9999998249,0
CLOSE,SL_AND_TP_SAME_BAR_SL_FIRST,997,1,75.18501596830596,75.18451596830596,-5.000000000023874,1.0,-6.000000000023874,176029.99999982468,0
CLOSE,SL_HIT,998,1,75.06101504004636,75.06051504004635,-5.000000000023874,1.0,-6.000000000023874,175969.99999982445,0
CLOSE,SL_AND_TP_SAME_BAR_SL_FIRST,999,1,74.79800295546346,74.79750295546346,-5.000000000023874,1.0,-6.000000000023874,175909.9999998242,0
CLOSE,SL_AND_TP_SAME_BAR_SL_FIRST,1000,1,74.90001147082403,74.89951147082402,-5.000000000023874,1.0,-6.000000000023874,175849.99999982398,0
CLOSE,SL_HIT,1001,1,75.02500322604612,75.02450322604612,-5.000000000023874,1.0,-6.000000000023874,175789.99999982375,0
CLOSE,SL_HIT,1002,1,74.87500191107225,74.87450191107224,-5.000000000023874,1.0,-6.000000000023874,175729.9999998235,0
CLOSE,SL_AND_TP_SAME_BAR_SL_FIRST,1003,1,74.62000303221377,74.61950303221377,-5.000000000023874,1.0,-6.000000000023874,175669.99999982328,0
CLOSE,SL_AND_TP_SAME_BAR_SL_FIRST,1004,1,74.79501874838395,74.79451874838395,-5.000000000023874,1.0,-6.000000000023874,175609.99999982305,0
CLOSE,SL_AND_TP_SAME_BAR_SL_FIRST,1005,1,74.81200870943941,74.81150870943941,-5.000000000023874,1.0,-6.000000000023874,175549.99999982282,0
CLOSE,SL_HIT,1006,1,74.90301816024004,74.90251816024004,-5.000000000023874,1.0,-6.000000000023874,175489.99999982258,0
CLOSE,SL_AND_TP_SAME_BAR_SL_FIRST,1007,1,74.74401811692789,74.74351811692789,-5.000000000023874,1.0,-6.000000000023874,175429.99999982235,0
CLOSE,TP_HIT,1008,1,74.5750033918499,74.5870033918499,120.00000000000455,1.0,119.00000000000455,176619.9999998224,0
CLOSE,TP_HIT,1009,1,74.84700807852795,74.85900807852795,120.00000000000455,1.0,119.00000000000455,177809.99999982247,0
CLOSE,SL_HIT,1010,1,75.01300289253244,75.01250289253244,-5.000000000023874,1.0,-6.000000000023874,177749.99999982223,0
CLOSE,SL_HIT,1011,1,74.92201278931404,74.92151278931404,-5.000000000023874,1.0,-6.000000000023874,177689.999999822,0
CLOSE,SL_AND_TP_SAME_BAR_SL_FIRST,1012,1,74.16901494481004,74.16851494481004,-5.000000000023874,1.0,-6.000000000023874,177629.99999982177,0
CLOSE,SL_AND_TP_SAME_BAR_SL_FIRST,1013,1,74.22300222894644,74.22250222894644,-5.000000000023874,1.0,-6.000000000023874,177569.99999982154,0
CLOSE,SL_AND_TP_SAME_BAR_SL_FIRST,1014,1,74.2220163669185,74.2215163669185,-5.000000000023874,1.0,-6.000000000023874,177509.9999998213,0
CLOSE,SL_HIT,1015,1,73.90401209632633,73.90351209632632,-5.000000000023874,1.0,-6.000000000023874,177449.99999982107,0
CLOSE,SL_AND_TP_SAME_BAR_SL_FIRST,1016,1,73.11500707306394,73.11450707306393,-5.000000000023874,1.0,-6.000000000023874,177389.99999982084,0
CLOSE,SL_HIT,1017,1,73.25700645901753,73.25650645901753,-5.000000000023874,1.0,-6.000000000023874,177329.9999998206,0
CLOSE,SL_AND_TP_SAME_BAR_SL_FIRST,1018,1,73.004000501974,73.003500501974,-5.000000000023874,1.0,-6.000000000023874,177269.99999982037,0
CLOSE,SL_AND_TP_SAME_BAR_SL_FIRST,1019,1,73.26900170579682,73.26850170579682,-5.000000000023874,1.0,-6.000000000023874,177209.99999982014,0
CLOSE,SL_AND_TP_SAME_BAR_SL_FIRST,1020,1,73.3910165020808,73.3905165020808,-5.000000000023874,1.0,-6.000000000023874,177149.9999998199,0
CLOSE,SL_AND_TP_SAME_BAR_SL_FIRST,1021,1,73.2910022441568,73.2905022441568,-5.000000000023874,1.0,-6.000000000023874,177089.99999981967,0
CLOSE,SL_AND_TP_SAME_BAR_SL_FIRST,1022,1,73.44701726754194,73.44651726754194,-5.000000000023874,1.0,-6.000000000023874,177029.99999981944,0
CLOSE,SL_AND_TP_SAME_BAR_SL_FIRST,1023,1,73.75000965167249,73.74950965167248,-5.000000000023874,1.0,-6.000000000023874,176969.9999998192,0
CLOSE,SL_AND_TP_SAME_BAR_SL_FIRST,1024,1,73.31000998522039,73.30950998522039,-5.000000000023874,1.0,-6.000000000023874,176909.99999981897,0
CLOSE,SL_AND_TP_SAME_BAR_SL_FIRST,1025,1,73.4400081143618,73.4395081143618,-5.000000000023874,1.0,-6.000000000023874,176849.99999981874,0
CLOSE,SL_AND_TP_SAME_BAR_SL_FIRST,1026,1,73.44000707142209,73.43950707142209,-5.000000000023874,1.0,-6.000000000023874,176789.9999998185,0
CLOSE,SL_AND_TP_SAME_BAR_SL_FIRST,1027,1,73.38501930822252,73.38451930822252,-5.000000000023874,1.0,-6.000000000023874,176729.99999981828,0
CLOSE,SL_AND_TP_SAME_BAR_SL_FIRST,1028,1,73.61000667816933,73.60950667816932,-5.000000000023874,1.0,-6.000000000023874,176669.99999981804,0
CLOSE,TP_HIT,1029,1,73.54501022753374,73.55701022753374,120.00000000000455,1.0,119.00000000000455,177859.9999998181,0
CLOSE,SL_HIT,1030,1,73.6100181514836,73.6095181514836,-5.000000000023874,1.0,-6.000000000023874,177799.99999981787,0
CLOSE,SL_AND_TP_SAME_BAR_SL_FIRST,1031,1,73.54001970670241,73.53951970670241,-5.000000000023874,1.0,-6.000000000023874,177739.99999981764,0
CLOSE,SL_AND_TP_SAME_BAR_SL_FIRST,1032,1,73.5800092278718,73.5795092278718,-5.000000000023874,1.0,-6.000000000023874,177679.9999998174,0
CLOSE,SL_AND_TP_SAME_BAR_SL_FIRST,1033,1,73.52000015892972,73.51950015892972,-5.000000000023874,1.0,-6.000000000023874,177619.99999981717,0
CLOSE,TP_HIT,1034,1,73.58000238081385,73.59200238081385,120.00000000000455,1.0,119.00000000000455,178809.99999981723,0
CLOSE,SL_HIT,1035,1,73.9100021776153,73.9095021776153,-5.000000000023874,1.0,-6.000000000023874,178749.999999817,0
CLOSE,SL_AND_TP_SAME_BAR_SL_FIRST,1036,1,73.68500391362642,73.68450391362641,-5.000000000023874,1.0,-6.000000000023874,178689.99999981676,0
CLOSE,SL_AND_TP_SAME_BAR_SL_FIRST,1037,1,73.76501530827151,73.76451530827151,-5.000000000023874,1.0,-6.000000000023874,178629.99999981653,0
CLOSE,SL_AND_TP_SAME_BAR_SL_FIRST,1038,1,73.7600012598973,73.75950125989729,-5.000000000023874,1.0,-6.000000000023874,178569.9999998163,0
CLOSE,SL_AND_TP_SAME_BAR_SL_FIRST,1039,1,73.5700024351237,73.5695024351237,-5.000000000023874,1.0,-6.000000000023874,178509.99999981606,0
CLOSE,TP_HIT,1040,1,73.2180047341198,73.2300047341198,120.00000000000455,1.0,119.00000000000455,179699.99999981612,0
CLOSE,SL_AND_TP_SAME_BAR_SL_FIRST,1041,1,73.29501022346084,73.29451022346083,-5.000000000023874,1.0,-6.000000000023874,179639.9999998159,0
CLOSE,SL_AND_TP_SAME_BAR_SL_FIRST,1042,1,73.1170077312357,73.1165077312357,-5.000000000023874,1.0,-6.000000000023874,179579.99999981566,0
CLOSE,SL_AND_TP_SAME_BAR_SL_FIRST,1043,1,73.44101358867255,73.44051358867254,-5.000000000023874,1.0,-6.000000000023874,179519.99999981542,0
CLOSE,SL_AND_TP_SAME_BAR_SL_FIRST,1044,1,73.33500053244667,73.33450053244667,-5.000000000023874,1.0,-6.000000000023874,179459.9999998152,0
CLOSE,SL_HIT,1045,1,73.30000492324294,73.29950492324294,-5.000000000023874,1.0,-6.000000000023874,179399.99999981496,0
CLOSE,SL_AND_TP_SAME_BAR_SL_FIRST,1046,1,73.02001823463559,73.01951823463558,-5.000000000023874,1.0,-6.000000000023874,179339.99999981473,0
CLOSE,SL_AND_TP_SAME_BAR_SL_FIRST,1047,1,73.36401904767276,73.36351904767275,-5.000000000023874,1.0,-6.000000000023874,179279.9999998145,0
CLOSE,SL_AND_TP_SAME_BAR_SL_FIRST,1048,1,73.41000911208035,73.40950911208034,-5.000000000023874,1.0,-6.000000000023874,179219.99999981426,0
CLOSE,SL_AND_TP_SAME_BAR_SL_FIRST,1049,1,73.25501647641228,73.25451647641228,-5.000000000023874,1.0,-6.000000000023874,179159.99999981403,0
CLOSE,SL_HIT,1050,1,73.43501963354933,73.43451963354933,-5.000000000023874,1.0,-6.000000000023874,179099.9999998138,0
CLOSE,SL_HIT,1051,1,73.44401097562805,73.44351097562804,-5.000000000023874,1.0,-6.000000000023874,179039.99999981356,0
CLOSE,SL_AND_TP_SAME_BAR_SL_FIRST,1052,1,73.36000816695082,73.35950816695082,-5.000000000023874,1.0,-6.000000000023874,178979.99999981333,0
CLOSE,SL_AND_TP_SAME_BAR_SL_FIRST,1053,1,73.45001241018214,73.44951241018214,-5.000000000023874,1.0,-6.000000000023874,178919.9999998131,0
CLOSE,SL_AND_TP_SAME_BAR_SL_FIRST,1054,1,73.60001664569721,73.59951664569721,-5.000000000023874,1.0,-6.000000000023874,178859.99999981286,0
CLOSE,SL_AND_TP_SAME_BAR_SL_FIRST,1055,1,73.67000131612653,73.66950131612653,-5.000000000023874,1.0,-6.000000000023874,178799.99999981263,0
CLOSE,SL_AND_TP_SAME_BAR_SL_FIRST,1056,1,73.8420018199965,73.8415018199965,-5.000000000023874,1.0,-6.000000000023874,178739.9999998124,0
CLOSE,SL_AND_TP_SAME_BAR_SL_FIRST,1057,1,73.97001989278243,73.96951989278243,-5.000000000023874,1.0,-6.000000000023874,178679.99999981216,0
CLOSE,TP_HIT,1058,1,73.62401958155704,73.63601958155704,120.00000000000455,1.0,119.00000000000455,179869.99999981222,0
CLOSE,SL_AND_TP_SAME_BAR_SL_FIRST,1059,1,74.19000749602293,74.18950749602293,-5.000000000023874,1.0,-6.000000000023874,179809.999999812,0
CLOSE,SL_AND_TP_SAME_BAR_SL_FIRST,1060,1,74.38001677895788,74.37951677895788,-5.000000000023874,1.0,-6.000000000023874,179749.99999981176,0
CLOSE,SL_HIT,1061,1,74.56700157024943,74.56650157024943,-5.000000000023874,1.0,-6.000000000023874,179689.99999981152,0
CLOSE,SL_AND_TP_SAME_BAR_SL_FIRST,1062,1,74.51001030192033,74.50951030192033,-5.000000000023874,1.0,-6.000000000023874,179629.9999998113,0
CLOSE,SL_AND_TP_SAME_BAR_SL_FIRST,1063,1,74.62500392129668,74.62450392129668,-5.000000000023874,1.0,-6.000000000023874,179569.99999981106,0
CLOSE,SL_AND_TP_SAME_BAR_SL_FIRST,1064,1,74.36801361444626,74.36751361444625,-5.000000000023874,1.0,-6.000000000023874,179509.99999981083,0
CLOSE,SL_AND_TP_SAME_BAR_SL_FIRST,1065,1,73.92500369206265,73.92450369206264,-5.000000000023874,1.0,-6.000000000023874,179449.9999998106,0
CLOSE,SL_AND_TP_SAME_BAR_SL_FIRST,1066,1,73.97601842270363,73.97551842270363,-5.000000000023874,1.0,-6.000000000023874,179389.99999981036,0
CLOSE,SL_AND_TP_SAME_BAR_SL_FIRST,1067,1,74.03501612762064,74.03451612762063,-5.000000000023874,1.0,-6.000000000023874,179329.99999981013,0
CLOSE,SL_AND_TP_SAME_BAR_SL_FIRST,1068,1,74.29001849166303,74.28951849166303,-5.000000000023874,1.0,-6.000000000023874,179269.9999998099,0
CLOSE,SL_AND_TP_SAME_BAR_SL_FIRST,1069,1,74.46201620992039,74.46151620992039,-5.000000000023874,1.0,-6.000000000023874,179209.99999980966,0
CLOSE,SL_AND_TP_SAME_BAR_SL_FIRST,1070,1,74.6850108552851,74.6845108552851,-5.000000000023874,1.0,-6.000000000023874,179149.99999980943,0
CLOSE,SL_AND_TP_SAME_BAR_SL_FIRST,1071,1,74.5820189344872,74.58151893448719,-5.000000000023874,1.0,-6.000000000023874,179089.9999998092,0
CLOSE,SL_AND_TP_SAME_BAR_SL_FIRST,1072,1,74.38000182504182,74.37950182504181,-5.000000000023874,1.0,-6.000000000023874,179029.99999980896,0
CLOSE,SL_AND_TP_SAME_BAR_SL_FIRST,1073,1,74.48001443206182,74.47951443206182,-5.000000000023874,1.0,-6.000000000023874,178969.99999980873,0
CLOSE,SL_AND_TP_SAME_BAR_SL_FIRST,1074,1,74.12001277980724,74.11951277980724,-5.000000000023874,1.0,-6.000000000023874,178909.9999998085,0
CLOSE,SL_AND_TP_SAME_BAR_SL_FIRST,1075,1,74.11001005810232,74.10951005810232,-5.000000000023874,1.0,-6.000000000023874,178849.99999980826,0
CLOSE,SL_AND_TP_SAME_BAR_SL_FIRST,1076,1,74.12000733270646,74.11950733270646,-5.000000000023874,1.0,-6.000000000023874,178789.99999980803,0
CLOSE,SL_HIT,1077,1,74.26001151519834,74.25951151519834,-5.000000000023874,1.0,-6.000000000023874,178729.9999998078,0
CLOSE,SL_HIT,1078,1,74.0790053270908,74.0785053270908,-5.000000000023874,1.0,-6.000000000023874,178669.99999980757,0
CLOSE,SL_AND_TP_SAME_BAR_SL_FIRST,1079,1,73.78901247521601,73.78851247521601,-5.000000000023874,1.0,-6.000000000023874,178609.99999980733,0
CLOSE,SL_AND_TP_SAME_BAR_SL_FIRST,1080,1,73.83701950390008,73.83651950390008,-5.000000000023874,1.0,-6.000000000023874,178549.9999998071,0
CLOSE,SL_AND_TP_SAME_BAR_SL_FIRST,1081,1,73.93500102943662,73.93450102943662,-5.000000000023874,1.0,-6.000000000023874,178489.99999980687,0
CLOSE,SL_AND_TP_SAME_BAR_SL_FIRST,1082,1,74.00001618980176,73.99951618980175,-5.000000000023874,1.0,-6.000000000023874,178429.99999980663,0
CLOSE,SL_AND_TP_SAME_BAR_SL_FIRST,1083,1,73.50000058978014,73.49950058978014,-5.000000000023874,1.0,-6.000000000023874,178369.9999998064,0
CLOSE,SL_AND_TP_SAME_BAR_SL_FIRST,1084,1,73.7700062111743,73.7695062111743,-5.000000000023874,1.0,-6.000000000023874,178309.99999980617,0
CLOSE,SL_HIT,1085,1,73.8700196646827,73.8695196646827,-5.000000000023874,1.0,-6.000000000023874,178249.99999980594,0
CLOSE,SL_AND_TP_SAME_BAR_SL_FIRST,1086,1,73.77601357937296,73.77551357937296,-5.000000000023874,1.0,-6.000000000023874,178189.9999998057,0
CLOSE,SL_AND_TP_SAME_BAR_SL_FIRST,1087,1,73.77900264805545,73.77850264805545,-5.000000000023874,1.0,-6.000000000023874,178129.99999980547,0
CLOSE,SL_HIT,1088,1,73.72500199701865,73.72450199701865,-5.000000000023874,1.0,-6.000000000023874,178069.99999980524,0
CLOSE,SL_AND_TP_SAME_BAR_SL_FIRST,1089,1,73.73001265712868,73.72951265712868,-5.000000000023874,1.0,-6.000000000023874,178009.999999805,0
CLOSE,SL_AND_TP_SAME_BAR_SL_FIRST,1090,1,73.74501792917225,73.74451792917225,-5.000000000023874,1.0,-6.000000000023874,177949.99999980477,0
CLOSE,SL_HIT,1091,1,73.73800446117504,73.73750446117504,-5.000000000023874,1.0,-6.000000000023874,177889.99999980454,0
CLOSE,SL_AND_TP_SAME_BAR_SL_FIRST,1092,1,73.64001818619668,73.63951818619668,-5.000000000023874,1.0,-6.000000000023874,177829.9999998043,0
CLOSE,SL_AND_TP_SAME_BAR_SL_FIRST,1093,1,73.55800764479163,73.55750764479163,-5.000000000023874,1.0,-6.000000000023874,177769.99999980407,0
CLOSE,SL_HIT,1094,1,73.64001719250162,73.63951719250161,-5.000000000023874,1.0,-6.000000000023874,177709.99999980384,0
CLOSE,SL_AND_TP_SAME_BAR_SL_FIRST,1095,1,73.52501751346901,73.52451751346901,-5.000000000023874,1.0,-6.000000000023874,177649.9999998036,0
CLOSE,TP_HIT,1096,1,73.57501380177442,73.58701380177442,120.00000000000455,1.0,119.00000000000455,178839.99999980367,0
CLOSE,SL_HIT,1097,1,74.02800956093488,74.02750956093487,-5.000000000023874,1.0,-6.000000000023874,178779.99999980343,0
CLOSE,SL_AND_TP_SAME_BAR_SL_FIRST,1098,1,73.85400130015654,73.85350130015654,-5.000000000023874,1.0,-6.000000000023874,178719.9999998032,0
CLOSE,SL_AND_TP_SAME_BAR_SL_FIRST,1099,1,73.78000456643521,73.77950456643521,-5.000000000023874,1.0,-6.000000000023874,178659.99999980297,0
CLOSE,SL_AND_TP_SAME_BAR_SL_FIRST,1101,1,73.55501371652645,73.55451371652644,-5.000000000023874,1.0,-6.000000000023874,178599.99999980273,1
CLOSE,SL_HIT,1102,1,73.54800048336696,73.54750048336696,-5.000000000023874,1.0,-6.000000000023874,178539.9999998025,0
CLOSE,SL_HIT,1103,1,73.40501054840273,73.40451054840273,-5.000000000023874,1.0,-6.000000000023874,178479.99999980227,0
CLOSE,SL_AND_TP_SAME_BAR_SL_FIRST,1104,1,73.14400943080041,73.1435094308004,-5.000000000023874,1.0,-6.000000000023874,178419.99999980204,0
CLOSE,SL_AND_TP_SAME_BAR_SL_FIRST,1105,1,73.05400517913601,73.05350517913601,-5.000000000023874,1.0,-6.000000000023874,178359.9999998018,0
CLOSE,SL_HIT,1106,1,73.12500374846547,73.12450374846547,-5.000000000023874,1.0,-6.000000000023874,178299.99999980157,0
CLOSE,SL_AND_TP_SAME_BAR_SL_FIRST,1107,1,73.08001578603469,73.07951578603469,-5.000000000023874,1.0,-6.000000000023874,178239.99999980134,0
CLOSE,SL_AND_TP_SAME_BAR_SL_FIRST,1108,1,73.13001010521016,73.12951010521016,-5.000000000023874,1.0,-6.000000000023874,178179.9999998011,0
CLOSE,SL_AND_TP_SAME_BAR_SL_FIRST,1109,1,73.13600095157734,73.13550095157734,-5.000000000023874,1.0,-6.000000000023874,178119.99999980087,0
CLOSE,SL_AND_TP_SAME_BAR_SL_FIRST,1110,1,73.430013968103,73.429513968103,-5.000000000023874,1.0,-6.000000000023874,178059.99999980064,0
CLOSE,TP_HIT,1111,1,73.34001411453671,73.35201411453671,120.00000000000455,1.0,119.00000000000455,179249.9999998007,0
CLOSE,SL_AND_TP_SAME_BAR_SL_FIRST,1112,1,73.47401511953545,73.47351511953545,-5.000000000023874,1.0,-6.000000000023874,179189.99999980046,0
CLOSE,SL_AND_TP_SAME_BAR_SL_FIRST,1113,1,73.22500007696672,73.22450007696672,-5.000000000023874,1.0,-6.000000000023874,179129.99999980023,0
CLOSE,SL_AND_TP_SAME_BAR_SL_FIRST,1114,1,73.17001152259816,73.16951152259816,-5.000000000023874,1.0,-6.000000000023874,179069.9999998,0
CLOSE,SL_AND_TP_SAME_BAR_SL_FIRST,1115,1,73.08001605776981,73.07951605776981,-5.000000000023874,1.0,-6.000000000023874,179009.99999979977,0
CLOSE,SL_AND_TP_SAME_BAR_SL_FIRST,1116,1,73.13001414284163,73.12951414284163,-5.000000000023874,1.0,-6.000000000023874,178949.99999979953,0
CLOSE,SL_AND_TP_SAME_BAR_SL_FIRST,1117,1,73.18800419240176,73.18750419240176,-5.000000000023874,1.0,-6.000000000023874,178889.9999997993,0
CLOSE,SL_HIT,1118,1,73.19201261030379,73.19151261030379,-5.000000000023874,1.0,-6.000000000023874,178829.99999979907,0
CLOSE,SL_AND_TP_SAME_BAR_SL_FIRST,1119,1,72.91500047793909,72.91450047793909,-5.000000000023874,1.0,-6.000000000023874,178769.99999979883,0
CLOSE,SL_AND_TP_SAME_BAR_SL_FIRST,1120,1,72.97001160067005,72.96951160067005,-5.000000000023874,1.0,-6.000000000023874,178709.9999997986,0
CLOSE,SL_AND_TP_SAME_BAR_SL_FIRST,1121,1,72.98500599031043,72.98450599031042,-5.000000000023874,1.0,-6.000000000023874,178649.99999979837,0
CLOSE,SL_AND_TP_SAME_BAR_SL_FIRST,1122,1,72.97001693536575,72.96951693536575,-5.000000000023874,1.0,-6.000000000023874,178589.99999979814,0
CLOSE,SL_AND_TP_SAME_BAR_SL_FIRST,1123,1,72.91501251993749,72.91451251993749,-5.000000000023874,1.0,-6.000000000023874,178529.9999997979,0
CLOSE,SL_AND_TP_SAME_BAR_SL_FIRST,1124,1,73.07001444704682,73.06951444704681,-5.000000000023874,1.0,-6.000000000023874,178469.99999979767,0
CLOSE,SL_AND_TP_SAME_BAR_SL_FIRST,1125,1,72.94401007277575,72.94351007277575,-5.000000000023874,1.0,-6.000000000023874,178409.99999979744,0
CLOSE,SL_AND_TP_SAME_BAR_SL_FIRST,1126,1,72.90600831841303,72.90550831841303,-5.000000000023874,1.0,-6.000000000023874,178349.9999997972,0
CLOSE,SL_HIT,1127,1,73.12000993643468,73.11950993643468,-5.000000000023874,1.0,-6.000000000023874,178289.99999979697,0
CLOSE,SL_AND_TP_SAME_BAR_SL_FIRST,1128,1,72.91701469052718,72.91651469052718,-5.000000000023874,1.0,-6.000000000023874,178229.99999979674,0
CLOSE,TP_HIT,1129,1,72.81500292302125,72.82700292302125,120.00000000000455,1.0,119.00000000000455,179419.9999997968,0
CLOSE,SL_AND_TP_SAME_BAR_SL_FIRST,1130,1,72.95500224003011,72.95450224003011,-5.000000000023874,1.0,-6.000000000023874,179359.99999979656,0
CLOSE,SL_AND_TP_SAME_BAR_SL_FIRST,1131,1,72.81501099998793,72.81451099998793,-5.000000000023874,1.0,-6.000000000023874,179299.99999979633,0
CLOSE,SL_AND_TP_SAME_BAR_SL_FIRST,1132,1,72.9350168756477,72.9345168756477,-5.000000000023874,1.0,-6.000000000023874,179239.9999997961,0
CLOSE,SL_AND_TP_SAME_BAR_SL_FIRST,1133,1,72.85601884585078,72.85551884585078,-5.000000000023874,1.0,-6.000000000023874,179179.99999979587,0
CLOSE,SL_AND_TP_SAME_BAR_SL_FIRST,1134,1,72.79501785744195,72.79451785744195,-5.000000000023874,1.0,-6.000000000023874,179119.99999979563,0
CLOSE,SL_AND_TP_SAME_BAR_SL_FIRST,1135,1,72.71001054058839,72.70951054058838,-5.000000000023874,1.0,-6.000000000023874,179059.9999997954,0
CLOSE,SL_AND_TP_SAME_BAR_SL_FIRST,1136,1,72.5950186697639,72.5945186697639,-5.000000000023874,1.0,-6.000000000023874,178999.99999979517,0
CLOSE,SL_AND_TP_SAME_BAR_SL_FIRST,1137,1,72.62401957719226,72.62351957719225,-5.000000000023874,1.0,-6.000000000023874,178939.99999979493,0
CLOSE,SL_AND_TP_SAME_BAR_SL_FIRST,1138,1,72.87001138756392,72.86951138756392,-5.000000000023874,1.0,-6.000000000023874,178879.9999997947,0
CLOSE,SL_HIT,1139,1,72.83501450365023,72.83451450365023,-5.000000000023874,1.0,-6.000000000023874,178819.99999979447,0
CLOSE,SL_AND_TP_SAME_BAR_SL_FIRST,1140,1,72.5850173976125,72.5845173976125,-5.000000000023874,1.0,-6.000000000023874,178759.99999979424,0
CLOSE,SL_AND_TP_SAME_BAR_SL_FIRST,1141,1,72.56001476482952,72.55951476482952,-5.000000000023874,1.0,-6.000000000023874,178699.999999794,0
CLOSE,SL_AND_TP_SAME_BAR_SL_FIRST,1142,1,72.45001009008536,72.44951009008535,-5.000000000023874,1.0,-6.000000000023874,178639.99999979377,0
CLOSE,SL_AND_TP_SAME_BAR_SL_FIRST,1143,1,72.38201641299057,72.38151641299056,-5.000000000023874,1.0,-6.000000000023874,178579.99999979354,0
CLOSE,SL_AND_TP_SAME_BAR_SL_FIRST,1144,1,72.39000017752252,72.38950017752252,-5.000000000023874,1.0,-6.000000000023874,178519.9999997933,0
CLOSE,TP_HIT,1145,1,72.74501603863443,72.75701603863443,120.00000000000455,1.0,119.00000000000455,179709.99999979336,0
CLOSE,SL_HIT,1146,1,73.93700732849413,73.93650732849413,-5.000000000023874,1.0,-6.000000000023874,179649.99999979313,0
CLOSE,SL_AND_TP_SAME_BAR_SL_FIRST,1147,1,73.40501719662232,73.40451719662232,-5.000000000023874,1.0,-6.000000000023874,179589.9999997929,0
CLOSE,SL_AND_TP_SAME_BAR_SL_FIRST,1148,1,73.26000473893819,73.25950473893819,-5.000000000023874,1.0,-6.000000000023874,179529.99999979266,0
CLOSE,SL_AND_TP_SAME_BAR_SL_FIRST,1149,1,72.94001131303584,72.93951131303584,-5.000000000023874,1.0,-6.000000000023874,179469.99999979243,0
CLOSE,TP_HIT,1150,1,72.73900146312823,72.75100146312823,120.00000000000455,1.0,119.00000000000455,180659.9999997925,0
CLOSE,SL_AND_TP_SAME_BAR_SL_FIRST,1151,1,73.19001723018667,73.18951723018667,-5.000000000023874,1.0,-6.000000000023874,180599.99999979226,0
CLOSE,SL_AND_TP_SAME_BAR_SL_FIRST,1152,1,73.36000866630386,73.35950866630385,-5.000000000023874,1.0,-6.000000000023874,180539.99999979202,0
CLOSE,SL_AND_TP_SAME_BAR_SL_FIRST,1153,1,72.77600344051257,72.77550344051257,-5.000000000023874,1.0,-6.000000000023874,180479.9999997918,0
CLOSE,SL_AND_TP_SAME_BAR_SL_FIRST,1154,1,72.73000143230799,72.72950143230798,-5.000000000023874,1.0,-6.000000000023874,180419.99999979156,0
CLOSE,SL_AND_TP_SAME_BAR_SL_FIRST,1155,1,72.7000132541679,72.6995132541679,-5.000000000023874,1.0,-6.000000000023874,180359.99999979133,0
CLOSE,SL_AND_TP_SAME_BAR_SL_FIRST,1156,1,72.69001977476024,72.68951977476024,-5.000000000023874,1.0,-6.000000000023874,180299.9999997911,0
CLOSE,SL_AND_TP_SAME_BAR_SL_FIRST,1157,1,72.53500266298519,72.53450266298519,-5.000000000023874,1.0,-6.000000000023874,180239.99999979086,0
CLOSE,SL_AND_TP_SAME_BAR_SL_FIRST,1158,1,72.51501227890381,72.51451227890381,-5.000000000023874,1.0,-6.000000000023874,180179.99999979063,0
CLOSE,SL_AND_TP_SAME_BAR_SL_FIRST,1159,1,72.57000956108386,72.56950956108386,-5.000000000023874,1.0,-6.000000000023874,180119.9999997904,0
CLOSE,SL_AND_TP_SAME_BAR_SL_FIRST,1160,1,72.70001908211326,72.69951908211326,-5.000000000023874,1.0,-6.000000000023874,180059.99999979016,0
CLOSE,SL_AND_TP_SAME_BAR_SL_FIRST,1161,1,72.4130115069862,72.41251150698619,-5.000000000023874,1.0,-6.000000000023874,179999.99999978993,0
CLOSE,SL_AND_TP_SAME_BAR_SL_FIRST,1162,1,72.38000041882333,72.37950041882333,-5.000000000023874,1.0,-6.000000000023874,179939.9999997897,0
CLOSE,SL_AND_TP_SAME_BAR_SL_FIRST,1163,1,72.55500602441184,72.55450602441184,-5.000000000023874,1.0,-6.000000000023874,179879.99999978946,0
CLOSE,SL_AND_TP_SAME_BAR_SL_FIRST,1164,1,72.59501340185263,72.59451340185262,-5.000000000023874,1.0,-6.000000000023874,179819.99999978923,0
CLOSE,SL_HIT,1165,1,72.66500091136385,72.66450091136385,-5.000000000023874,1.0,-6.000000000023874,179759.999999789,0
CLOSE,SL_AND_TP_SAME_BAR_SL_FIRST,1166,1,72.61500954587456,72.61450954587455,-5.000000000023874,1.0,-6.000000000023874,179699.99999978876,0
CLOSE,SL_AND_TP_SAME_BAR_SL_FIRST,1167,1,72.7550012912998,72.7545012912998,-5.000000000023874,1.0,-6.000000000023874,179639.99999978853,0
CLOSE,SL_AND_TP_SAME_BAR_SL_FIRST,1168,1,73.4450126211911,73.4445126211911,-5.000000000023874,1.0,-6.000000000023874,179579.9999997883,0
CLOSE,TP_HIT,1169,1,73.14800665176477,73.16000665176477,120.00000000000455,1.0,119.00000000000455,180769.99999978836,0
CLOSE,SL_AND_TP_SAME_BAR_SL_FIRST,1170,1,73.33201510653885,73.33151510653884,-5.000000000023874,1.0,-6.000000000023874,180709.99999978812,0
CLOSE,SL_AND_TP_SAME_BAR_SL_FIRST,1171,1,73.38501444307957,73.38451444307957,-5.000000000023874,1.0,-6.000000000023874,180649.9999997879,0
CLOSE,SL_AND_TP_SAME_BAR_SL_FIRST,1172,1,73.31901353867323,73.31851353867323,-5.000000000023874,1.0,-6.000000000023874,180589.99999978766,0
CLOSE,SL_AND_TP_SAME_BAR_SL_FIRST,1173,1,73.49001626330545,73.48951626330545,-5.000000000023874,1.0,-6.000000000023874,180529.99999978743,0
CLOSE,SL_AND_TP_SAME_BAR_SL_FIRST,1174,1,74.36801019279467,74.36751019279467,-5.000000000023874,1.0,-6.000000000023874,180469.9999997872,0
CLOSE,SL_AND_TP_SAME_BAR_SL_FIRST,1175,1,74.57701498870941,74.5765149887094,-5.000000000023874,1.0,-6.000000000023874,180409.99999978696,0
CLOSE,TP_HIT,1176,1,74.73400654430613,74.74600654430613,120.00000000000455,1.0,119.00000000000455,181599.99999978702,0
CLOSE,SL_AND_TP_SAME_BAR_SL_FIRST,1177,1,74.99000183039485,74.98950183039484,-5.000000000023874,1.0,-6.000000000023874,181539.99999978679,0
CLOSE,SL_HIT,1178,1,75.2700042048893,75.2695042048893,-5.000000000023874,1.0,-6.000000000023874,181479.99999978655,0
CLOSE,SL_AND_TP_SAME_BAR_SL_FIRST,1179,1,75.06000579975971,75.0595057997597,-5.000000000023874,1.0,-6.000000000023874,181419.99999978632,0
CLOSE,SL_AND_TP_SAME_BAR_SL_FIRST,1180,1,74.73000080648885,74.72950080648884,-5.000000000023874,1.0,-6.000000000023874,181359.9999997861,0
CLOSE,TP_HIT,1181,1,74.54001315276975,74.55201315276975,120.00000000000455,1.0,119.00000000000455,182549.99999978615,0
CLOSE,SL_AND_TP_SAME_BAR_SL_FIRST,1182,1,74.86000778910135,74.85950778910134,-5.000000000023874,1.0,-6.000000000023874,182489.9999997859,0
CLOSE,SL_AND_TP_SAME_BAR_SL_FIRST,1183,1,75.39500963738031,75.39450963738031,-5.000000000023874,1.0,-6.000000000023874,182429.99999978568,0
CLOSE,SL_HIT,1184,1,75.43901757056958,75.43851757056957,-5.000000000023874,1.0,-6.000000000023874,182369.99999978545,0
CLOSE,SL_AND_TP_SAME_BAR_SL_FIRST,1185,1,75.12001764852599,75.11951764852599,-5.000000000023874,1.0,-6.000000000023874,182309.9999997852,0
CLOSE,SL_HIT,1186,1,74.93001237094062,74.92951237094061,-5.000000000023874,1.0,-6.000000000023874,182249.99999978498,0
CLOSE,SL_AND_TP_SAME_BAR_SL_FIRST,1187,1,74.7570140666887,74.7565140666887,-5.000000000023874,1.0,-6.000000000023874,182189.99999978475,0
CLOSE,SL_AND_TP_SAME_BAR_SL_FIRST,1188,1,74.59001266693397,74.58951266693397,-5.000000000023874,1.0,-6.000000000023874,182129.99999978452,0
CLOSE,SL_HIT,1189,1,74.493002472693,74.49250247269299,-5.000000000023874,1.0,-6.000000000023874,182069.99999978428,0
CLOSE,SL_AND_TP_SAME_BAR_SL_FIRST,1190,1,74.10000836468275,74.09950836468275,-5.000000000023874,1.0,-6.000000000023874,182009.99999978405,0
CLOSE,SL_AND_TP_SAME_BAR_SL_FIRST,1191,1,74.05500891678173,74.05450891678173,-5.000000000023874,1.0,-6.000000000023874,181949.99999978382,0
CLOSE,SL_AND_TP_SAME_BAR_SL_FIRST,1192,1,73.82001808820785,73.81951808820784,-5.000000000023874,1.0,-6.000000000023874,181889.99999978358,0
CLOSE,SL_AND_TP_SAME_BAR_SL_FIRST,1193,1,73.77000806821897,73.76950806821897,-5.000000000023874,1.0,-6.000000000023874,181829.99999978335,0
CLOSE,SL_AND_TP_SAME_BAR_SL_FIRST,1194,1,73.81000687817566,73.80950687817565,-5.000000000023874,1.0,-6.000000000023874,181769.99999978312,0
CLOSE,SL_AND_TP_SAME_BAR_SL_FIRST,1195,1,73.6050008466175,73.6045008466175,-5.000000000023874,1.0,-6.000000000023874,181709.99999978289,0
CLOSE,TP_HIT,1196,1,73.25401153858456,73.26601153858456,120.00000000000455,1.0,119.00000000000455,182899.99999978294,0
CLOSE,SL_AND_TP_SAME_BAR_SL_FIRST,1197,1,73.46000480570943,73.45950480570943,-5.000000000023874,1.0,-6.000000000023874,182839.9999997827,0
CLOSE,SL_AND_TP_SAME_BAR_SL_FIRST,1198,1,73.37500630018496,73.37450630018496,-5.000000000023874,1.0,-6.000000000023874,182779.99999978248,0
CLOSE,SL_AND_TP_SAME_BAR_SL_FIRST,1199,1,73.53800160003708,73.53750160003707,-5.000000000023874,1.0,-6.000000000023874,182719.99999978225,0
CLOSE,SL_HIT,1200,1,73.48000322565734,73.47950322565734,-5.000000000023874,1.0,-6.000000000023874,182659.999999782,0
CLOSE,SL_AND_TP_SAME_BAR_SL_FIRST,1201,1,73.30001796385571,73.2995179638557,-5.000000000023874,1.0,-6.000000000023874,182599.99999978178,0
CLOSE,SL_HIT,1202,1,73.33500446605453,73.33450446605453,-5.000000000023874,1.0,-6.000000000023874,182539.99999978155,0
CLOSE,SL_AND_TP_SAME_BAR_SL_FIRST,1203,1,73.05501816503747,73.05451816503746,-5.000000000023874,1.0,-6.000000000023874,182479.9999997813,0
CLOSE,SL_HIT,1204,1,73.22000979387701,73.21950979387701,-5.000000000023874,1.0,-6.000000000023874,182419.99999978108,0
CLOSE,SL_AND_TP_SAME_BAR_SL_FIRST,1205,1,73.01501109447528,73.01451109447528,-5.000000000023874,1.0,-6.000000000023874,182359.99999978085,0
CLOSE,SL_AND_TP_SAME_BAR_SL_FIRST,1206,1,72.82701522797335,72.82651522797335,-5.000000000023874,1.0,-6.000000000023874,182299.99999978062,0
CLOSE,SL_AND_TP_SAME_BAR_SL_FIRST,1207,1,72.83500228059032,72.83450228059031,-5.000000000023874,1.0,-6.000000000023874,182239.99999978038,0
CLOSE,SL_HIT,1208,1,72.7950084851218,72.7945084851218,-5.000000000023874,1.0,-6.000000000023874,182179.99999978015,0
CLOSE,SL_AND_TP_SAME_BAR_SL_FIRST,1209,1,72.72501815470962,72.72451815470961,-5.000000000023874,1.0,-6.000000000023874,182119.99999977992,0
CLOSE,SL_HIT,1210,1,72.71001711618358,72.70951711618358,-5.000000000023874,1.0,-6.000000000023874,182059.99999977968,0
CLOSE,SL_AND_TP_SAME_BAR_SL_FIRST,1211,1,72.41001752379991,72.4095175237999,-5.000000000023874,1.0,-6.000000000023874,181999.99999977945,0
CLOSE,SL_AND_TP_SAME_BAR_SL_FIRST,1212,1,72.51800596665822,72.51750596665822,-5.000000000023874,1.0,-6.000000000023874,181939.99999977922,0
CLOSE,SL_AND_TP_SAME_BAR_SL_FIRST,1213,1,72.86500166750686,72.86450166750686,-5.000000000023874,1.0,-6.000000000023874,181879.999999779,0
CLOSE,SL_AND_TP_SAME_BAR_SL_FIRST,1214,1,72.96001871472642,72.95951871472641,-5.000000000023874,1.0,-6.000000000023874,181819.99999977875,0
CLOSE,SL_AND_TP_SAME_BAR_SL_FIRST,1215,1,73.04500446032019,73.04450446032018,-5.000000000023874,1.0,-6.000000000023874,181759.99999977852,0
CLOSE,SL_AND_TP_SAME_BAR_SL_FIRST,1216,1,72.87000765456403,72.86950765456403,-5.000000000023874,1.0,-6.000000000023874,181699.9999997783,0
CLOSE,SL_AND_TP_SAME_BAR_SL_FIRST,1217,1,72.8110099454175,72.8105099454175,-5.000000000023874,1.0,-6.000000000023874,181639.99999977805,0
CLOSE,SL_AND_TP_SAME_BAR_SL_FIRST,1218,1,72.95500685255114,72.95450685255113,-5.000000000023874,1.0,-6.000000000023874,181579.99999977782,0
CLOSE,SL_AND_TP_SAME_BAR_SL_FIRST,1219,1,72.98500594779611,72.98450594779611,-5.000000000023874,1.0,-6.000000000023874,181519.9999997776,0
CLOSE,SL_AND_TP_SAME_BAR_SL_FIRST,1220,1,73.08001697854252,73.07951697854251,-5.000000000023874,1.0,-6.000000000023874,181459.99999977736,0
CLOSE,SL_AND_TP_SAME_BAR_SL_FIRST,1221,1,73.24500001133597,73.24450001133597,-5.000000000023874,1.0,-6.000000000023874,181399.99999977712,0
CLOSE,SL_AND_TP_SAME_BAR_SL_FIRST,1222,1,73.18500054137185,73.18450054137185,-5.000000000023874,1.0,-6.000000000023874,181339.9999997769,0
CLOSE,SL_AND_TP_SAME_BAR_SL_FIRST,1223,1,73.36001366534778,73.35951366534778,-5.000000000023874,1.0,-6.000000000023874,181279.99999977666,0
CLOSE,TP_HIT,1224,1,73.27500095640325,73.28700095640325,120.00000000000455,1.0,119.00000000000455,182469.99999977672,0
CLOSE,SL_AND_TP_SAME_BAR_SL_FIRST,1225,1,74.18601411794683,74.18551411794682,-5.000000000023874,1.0,-6.000000000023874,182409.99999977648,0
CLOSE,SL_AND_TP_SAME_BAR_SL_FIRST,1226,1,74.12001492986947,74.11951492986947,-5.000000000023874,1.0,-6.000000000023874,182349.99999977625,0
CLOSE,SL_AND_TP_SAME_BAR_SL_FIRST,1227,1,74.14001920294623,74.13951920294623,-5.000000000023874,1.0,-6.000000000023874,182289.99999977602,0
CLOSE,SL_AND_TP_SAME_BAR_SL_FIRST,1228,1,74.34000948913643,74.33950948913643,-5.000000000023874,1.0,-6.000000000023874,182229.99999977578,0
CLOSE,SL_AND_TP_SAME_BAR_SL_FIRST,1229,1,74.15001204141517,74.14951204141516,-5.000000000023874,1.0,-6.000000000023874,182169.99999977555,0
CLOSE,SL_AND_TP_SAME_BAR_SL_FIRST,1230,1,74.19001443927375,74.18951443927375,-5.000000000023874,1.0,-6.000000000023874,182109.99999977532,0
CLOSE,SL_AND_TP_SAME_BAR_SL_FIRST,1231,1,74.22000669368074,74.21950669368074,-5.000000000023874,1.0,-6.000000000023874,182049.9999997751,0
CLOSE,SL_AND_TP_SAME_BAR_SL_FIRST,1232,1,74.27500475796278,74.27450475796277,-5.000000000023874,1.0,-6.000000000023874,181989.99999977485,0
CLOSE,SL_AND_TP_SAME_BAR_SL_FIRST,1233,1,74.30001563074977,74.29951563074977,-5.000000000023874,1.0,-6.000000000023874,181929.99999977462,0
CLOSE,SL_AND_TP_SAME_BAR_SL_FIRST,1234,1,74.36501129211055,74.36451129211055,-5.000000000023874,1.0,-6.000000000023874,181869.9999997744,0
CLOSE,SL_AND_TP_SAME_BAR_SL_FIRST,1235,1,74.56500501695086,74.56450501695086,-5.000000000023874,1.0,-6.000000000023874,181809.99999977415,0
CLOSE,SL_AND_TP_SAME_BAR_SL_FIRST,1236,1,74.51801802241854,74.51751802241854,-5.000000000023874,1.0,-6.000000000023874,181749.99999977392,0
CLOSE,SL_AND_TP_SAME_BAR_SL_FIRST,1237,1,74.31701455491465,74.31651455491465,-5.000000000023874,1.0,-6.000000000023874,181689.9999997737,0
CLOSE,SL_AND_TP_SAME_BAR_SL_FIRST,1238,1,74.59100935117198,74.59050935117197,-5.000000000023874,1.0,-6.000000000023874,181629.99999977346,0
CLOSE,SL_AND_TP_SAME_BAR_SL_FIRST,1239,1,74.80001473071954,74.79951473071954,-5.000000000023874,1.0,-6.000000000023874,181569.99999977322,0
CLOSE,SL_AND_TP_SAME_BAR_SL_FIRST,1240,1,74.74001577114119,74.73951577114119,-5.000000000023874,1.0,-6.000000000023874,181509.999999773,0
CLOSE,SL_AND_TP_SAME_BAR_SL_FIRST,1241,1,74.48701940169106,74.48651940169106,-5.000000000023874,1.0,-6.000000000023874,181449.99999977276,0
CLOSE,SL_AND_TP_SAME_BAR_SL_FIRST,1242,1,74.54501571026503,74.54451571026503,-5.000000000023874,1.0,-6.000000000023874,181389.99999977252,0
CLOSE,SL_AND_TP_SAME_BAR_SL_FIRST,1243,1,74.60001904328209,74.59951904328209,-5.000000000023874,1.0,-6.000000000023874,181329.9999997723,0
CLOSE,SL_AND_TP_SAME_BAR_SL_FIRST,1244,1,74.47000457341544,74.46950457341543,-5.000000000023874,1.0,-6.000000000023874,181269.99999977206,0
CLOSE,SL_AND_TP_SAME_BAR_SL_FIRST,1245,1,74.5500070401921,74.5495070401921,-5.000000000023874,1.0,-6.000000000023874,181209.99999977183,0
CLOSE,TP_HIT,1246,1,74.61001332370702,74.62201332370702,120.00000000000455,1.0,119.00000000000455,182399.99999977188,0
CLOSE,SL_AND_TP_SAME_BAR_SL_FIRST,1247,1,74.85801849506186,74.85751849506185,-5.000000000023874,1.0,-6.000000000023874,182339.99999977165,0
CLOSE,SL_AND_TP_SAME_BAR_SL_FIRST,1248,1,74.535017330216,74.53451733021599,-5.000000000023874,1.0,-6.000000000023874,182279.99999977142,0
CLOSE,SL_AND_TP_SAME_BAR_SL_FIRST,1249,1,74.49500268275878,74.49450268275878,-5.000000000023874,1.0,-6.000000000023874,182219.9999997712,0
CLOSE,SL_AND_TP_SAME_BAR_SL_FIRST,1250,1,74.45500469189172,74.45450469189171,-5.000000000023874,1.0,-6.000000000023874,182159.99999977095,0
CLOSE,SL_AND_TP_SAME_BAR_SL_FIRST,1251,1,74.42701762790105,74.42651762790105,-5.000000000023874,1.0,-6.000000000023874,182099.99999977072,0
CLOSE,SL_AND_TP_SAME_BAR_SL_FIRST,1252,1,74.34000482743814,74.33950482743813,-5.000000000023874,1.0,-6.000000000023874,182039.9999997705,0
CLOSE,SL_AND_TP_SAME_BAR_SL_FIRST,1253,1,74.50400028148738,74.50350028148738,-5.000000000023874,1.0,-6.000000000023874,181979.99999977025,0
CLOSE,SL_HIT,1254,1,74.5000170265756,74.4995170265756,-5.000000000023874,1.0,-6.000000000023874,181919.99999977002,0
CLOSE,TP_HIT,1255,1,74.24801069344893,74.26001069344893,120.00000000000455,1.0,119.00000000000455,183109.99999977008,0
CLOSE,SL_AND_TP_SAME_BAR_SL_FIRST,1256,1,74.34400873291246,74.34350873291245,-5.000000000023874,1.0,-6.000000000023874,183049.99999976985,0
CLOSE,SL_HIT,1257,1,74.3560106446924,74.3555106446924,-5.000000000023874,1.0,-6.000000000023874,182989.9999997696,0
CLOSE,SL_AND_TP_SAME_BAR_SL_FIRST,1258,1,74.25100141502614,74.25050141502614,-5.000000000023874,1.0,-6.000000000023874,182929.99999976938,0
CLOSE,SL_AND_TP_SAME_BAR_SL_FIRST,1259,1,74.17500485213073,74.17450485213072,-5.000000000023874,1.0,-6.000000000023874,182869.99999976915,0
CLOSE,SL_AND_TP_SAME_BAR_SL_FIRST,1260,1,74.10000248877918,74.09950248877918,-5.000000000023874,1.0,-6.000000000023874,182809.99999976892,0
CLOSE,SL_AND_TP_SAME_BAR_SL_FIRST,1261,1,74.2420051122253,74.2415051122253,-5.000000000023874,1.0,-6.000000000023874,182749.99999976868,0
CLOSE,SL_AND_TP_SAME_BAR_SL_FIRST,1262,1,74.4880120419229,74.4875120419229,-5.000000000023874,1.0,-6.000000000023874,182689.99999976845,0
CLOSE,SL_AND_TP_SAME_BAR_SL_FIRST,1263,1,74.4350069014032,74.4345069014032,-5.000000000023874,1.0,-6.000000000023874,182629.99999976822,0
CLOSE,SL_AND_TP_SAME_BAR_SL_FIRST,1264,1,74.26301210815004,74.26251210815003,-5.000000000023874,1.0,-6.000000000023874,182569.99999976798,0
CLOSE,SL_HIT,1265,1,74.31500806956245,74.31450806956245,-5.000000000023874,1.0,-6.000000000023874,182509.99999976775,0
CLOSE,SL_AND_TP_SAME_BAR_SL_FIRST,1266,1,74.24200121031123,74.24150121031123,-5.000000000023874,1.0,-6.000000000023874,182449.99999976752,0
CLOSE,SL_AND_TP_SAME_BAR_SL_FIRST,1267,1,74.17001562356921,74.16951562356921,-5.000000000023874,1.0,-6.000000000023874,182389.9999997673,0
CLOSE,SL_HIT,1268,1,74.3750077407203,74.3745077407203,-5.000000000023874,1.0,-6.000000000023874,182329.99999976705,0
CLOSE,SL_AND_TP_SAME_BAR_SL_FIRST,1269,1,74.29000158748062,74.28950158748061,-5.000000000023874,1.0,-6.000000000023874,182269.99999976682,0
CLOSE,SL_AND_TP_SAME_BAR_SL_FIRST,1270,1,74.38000259993656,74.37950259993656,-5.000000000023874,1.0,-6.000000000023874,182209.9999997666,0
CLOSE,SL_HIT,1271,1,74.35200406772283,74.35150406772283,-5.000000000023874,1.0,-6.000000000023874,182149.99999976635,0
CLOSE,SL_AND_TP_SAME_BAR_SL_FIRST,1272,1,74.13500715811313,74.13450715811312,-5.000000000023874,1.0,-6.000000000023874,182089.99999976612,0
CLOSE,SL_AND_TP_SAME_BAR_SL_FIRST,1273,1,74.13600866805275,74.13550866805275,-5.000000000023874,1.0,-6.000000000023874,182029.9999997659,0
CLOSE,SL_AND_TP_SAME_BAR_SL_FIRST,1274,1,74.12001930439753,74.11951930439753,-5.000000000023874,1.0,-6.000000000023874,181969.99999976566,0
CLOSE,SL_AND_TP_SAME_BAR_SL_FIRST,1275,1,74.15500860961784,74.15450860961784,-5.000000000023874,1.0,-6.000000000023874,181909.99999976542,0
CLOSE,SL_AND_TP_SAME_BAR_SL_FIRST,1276,1,73.47501413838296,73.47451413838296,-5.000000000023874,1.0,-6.000000000023874,181849.9999997652,0
CLOSE,SL_AND_TP_SAME_BAR_SL_FIRST,1277,1,73.29900509786393,73.29850509786392,-5.000000000023874,1.0,-6.000000000023874,181789.99999976496,0
CLOSE,SL_AND_TP_SAME_BAR_SL_FIRST,1278,1,72.95100739564143,72.95050739564142,-5.000000000023874,1.0,-6.000000000023874,181729.99999976472,0
CLOSE,SL_AND_TP_SAME_BAR_SL_FIRST,1279,1,72.99500699091388,72.99450699091388,-5.000000000023874,1.0,-6.000000000023874,181669.9999997645,0
CLOSE,SL_AND_TP_SAME_BAR_SL_FIRST,1280,1,73.00601876179928,73.00551876179928,-5.000000000023874,1.0,-6.000000000023874,181609.99999976426,0
CLOSE,SL_AND_TP_SAME_BAR_SL_FIRST,1281,1,72.99701511432069,72.99651511432069,-5.000000000023874,1.0,-6.000000000023874,181549.99999976403,0
CLOSE,SL_AND_TP_SAME_BAR_SL_FIRST,1282,1,73.0780032435671,73.0775032435671,-5.000000000023874,1.0,-6.000000000023874,181489.9999997638,0
CLOSE,SL_AND_TP_SAME_BAR_SL_FIRST,1283,1,73.44200236202447,73.44150236202447,-5.000000000023874,1.0,-6.000000000023874,181429.99999976356,0
CLOSE,SL_AND_TP_SAME_BAR_SL_FIRST,1284,1,73.79600544230186,73.79550544230186,-5.000000000023874,1.0,-6.000000000023874,181369.99999976333,0
CLOSE,SL_HIT,1285,1,73.54600005111536,73.54550005111535,-5.000000000023874,1.0,-6.000000000023874,181309.9999997631,0
CLOSE,TP_HIT,1286,1,73.52401465190847,73.53601465190847,120.00000000000455,1.0,119.00000000000455,182499.99999976315,0
CLOSE,SL_AND_TP_SAME_BAR_SL_FIRST,1287,1,73.56501507594047,73.56451507594046,-5.000000000023874,1.0,-6.000000000023874,182439.99999976292,0
CLOSE,SL_AND_TP_SAME_BAR_SL_FIRST,1288,1,73.64701946136512,73.64651946136512,-5.000000000023874,1.0,-6.000000000023874,182379.9999997627,0
CLOSE,SL_AND_TP_SAME_BAR_SL_FIRST,1289,1,73.44501507868507,73.44451507868507,-5.000000000023874,1.0,-6.000000000023874,182319.99999976245,0
CLOSE,SL_AND_TP_SAME_BAR_SL_FIRST,1290,1,73.57500792739549,73.57450792739549,-5.000000000023874,1.0,-6.000000000023874,182259.99999976222,0
CLOSE,SL_AND_TP_SAME_BAR_SL_FIRST,1291,1,73.64501225957726,73.64451225957725,-5.000000000023874,1.0,-6.000000000023874,182199.999999762,0
CLOSE,SL_AND_TP_SAME_BAR_SL_FIRST,1292,1,73.65301772675647,73.65251772675647,-5.000000000023874,1.0,-6.000000000023874,182139.99999976176,0
CLOSE,SL_AND_TP_SAME_BAR_SL_FIRST,1293,1,73.74501101571761,73.7445110157176,-5.000000000023874,1.0,-6.000000000023874,182079.99999976152,0
CLOSE,SL_AND_TP_SAME_BAR_SL_FIRST,1294,1,73.82500803481416,73.82450803481416,-5.000000000023874,1.0,-6.000000000023874,182019.9999997613,0
CLOSE,SL_AND_TP_SAME_BAR_SL_FIRST,1295,1,73.81000028622918,73.80950028622918,-5.000000000023874,1.0,-6.000000000023874,181959.99999976106,0
CLOSE,SL_AND_TP_SAME_BAR_SL_FIRST,1296,1,73.82100037284013,73.82050037284013,-5.000000000023874,1.0,-6.000000000023874,181899.99999976082,0
CLOSE,SL_AND_TP_SAME_BAR_SL_FIRST,1297,1,73.82501454990086,73.82451454990085,-5.000000000023874,1.0,-6.000000000023874,181839.9999997606,0
CLOSE,SL_AND_TP_SAME_BAR_SL_FIRST,1298,1,74.20001985433017,74.19951985433016,-5.000000000023874,1.0,-6.000000000023874,181779.99999976036,0
CLOSE,SL_AND_TP_SAME_BAR_SL_FIRST,1299,1,74.29801822202822,74.29751822202822,-5.000000000023874,1.0,-6.000000000023874,181719.99999976013,0
CLOSE,SL_AND_TP_SAME_BAR_SL_FIRST,1300,1,74.17000144289557,74.16950144289557,-5.000000000023874,1.0,-6.000000000023874,181659.9999997599,0
CLOSE,SL_AND_TP_SAME_BAR_SL_FIRST,1301,1,74.15000813658646,74.14950813658646,-5.000000000023874,1.0,-6.000000000023874,181599.99999975966,0
CLOSE,SL_AND_TP_SAME_BAR_SL_FIRST,1302,1,74.58800394133081,74.58750394133081,-5.000000000023874,1.0,-6.000000000023874,181539.99999975943,0
CLOSE,SL_AND_TP_SAME_BAR_SL_FIRST,1303,1,74.56501330421604,74.56451330421604,-5.000000000023874,1.0,-6.000000000023874,181479.9999997592,0
CLOSE,SL_AND_TP_SAME_BAR_SL_FIRST,1304,1,74.77800265680202,74.77750265680201,-5.000000000023874,1.0,-6.000000000023874,181419.99999975896,0
CLOSE,SL_AND_TP_SAME_BAR_SL_FIRST,1305,1,74.82500848430607,74.82450848430607,-5.000000000023874,1.0,-6.000000000023874,181359.99999975873,0
CLOSE,SL_AND_TP_SAME_BAR_SL_FIRST,1306,1,75.13100372563495,75.13050372563495,-5.000000000023874,1.0,-6.000000000023874,181299.9999997585,0
CLOSE,SL_AND_TP_SAME_BAR_SL_FIRST,1307,1,75.40301284390377,75.40251284390376,-5.000000000023874,1.0,-6.000000000023874,181239.99999975826,0
CLOSE,SL_AND_TP_SAME_BAR_SL_FIRST,1308,1,75.4880071055732,75.4875071055732,-5.000000000023874,1.0,-6.000000000023874,181179.99999975803,0
CLOSE,SL_AND_TP_SAME_BAR_SL_FIRST,1309,1,75.30600780357072,75.30550780357072,-5.000000000023874,1.0,-6.000000000023874,181119.9999997578,0
CLOSE,SL_AND_TP_SAME_BAR_SL_FIRST,1310,1,74.99501446154858,74.99451446154858,-5.000000000023874,1.0,-6.000000000023874,181059.99999975757,0
CLOSE,TP_HIT,1311,1,75.03001492487574,75.04201492487574,120.00000000000455,1.0,119.00000000000455,182249.99999975762,0
CLOSE,SL_AND_TP_SAME_BAR_SL_FIRST,1312,1,75.21001193764451,75.2095119376445,-5.000000000023874,1.0,-6.000000000023874,182189.9999997574,0
CLOSE,SL_AND_TP_SAME_BAR_SL_FIRST,1313,1,75.1200116475097,75.1195116475097,-5.000000000023874,1.0,-6.000000000023874,182129.99999975716,0
CLOSE,SL_AND_TP_SAME_BAR_SL_FIRST,1314,1,74.81000867765617,74.80950867765617,-5.000000000023874,1.0,-6.000000000023874,182069.99999975692,0
CLOSE,SL_AND_TP_SAME_BAR_SL_FIRST,1315,1,74.88901168669209,74.88851168669208,-5.000000000023874,1.0,-6.000000000023874,182009.9999997567,0
CLOSE,SL_AND_TP_SAME_BAR_SL_FIRST,1316,1,74.99900669230304,74.99850669230304,-5.000000000023874,1.0,-6.000000000023874,181949.99999975646,0
CLOSE,SL_AND_TP_SAME_BAR_SL_FIRST,1317,1,75.02201888203628,75.02151888203628,-5.000000000023874,1.0,-6.000000000023874,181889.99999975623,0
CLOSE,SL_AND_TP_SAME_BAR_SL_FIRST,1318,1,74.94201630392486,74.94151630392486,-5.000000000023874,1.0,-6.000000000023874,181829.999999756,0
CLOSE,SL_AND_TP_SAME_BAR_SL_FIRST,1319,1,75.06900040300582,75.06850040300581,-5.000000000023874,1.0,-6.000000000023874,181769.99999975576,0
CLOSE,SL_AND_TP_SAME_BAR_SL_FIRST,1320,1,74.7880014419472,74.7875014419472,-5.000000000023874,1.0,-6.000000000023874,181709.99999975553,0
CLOSE,SL_AND_TP_SAME_BAR_SL_FIRST,1321,1,74.93500170713416,74.93450170713416,-5.000000000023874,1.0,-6.000000000023874,181649.9999997553,0
CLOSE,SL_AND_TP_SAME_BAR_SL_FIRST,1322,1,74.83700827929579,74.83650827929578,-5.000000000023874,1.0,-6.000000000023874,181589.99999975506,0
CLOSE,SL_AND_TP_SAME_BAR_SL_FIRST,1323,1,74.69501194550166,74.69451194550166,-5.000000000023874,1.0,-6.000000000023874,181529.99999975483,0
CLOSE,SL_AND_TP_SAME_BAR_SL_FIRST,1324,1,74.45200178552437,74.45150178552437,-5.000000000023874,1.0,-6.000000000023874,181469.9999997546,0
CLOSE,SL_AND_TP_SAME_BAR_SL_FIRST,1325,1,74.54800641882271,74.5475064188227,-5.000000000023874,1.0,-6.000000000023874,181409.99999975436,0
CLOSE,SL_AND_TP_SAME_BAR_SL_FIRST,1326,1,74.191016002641,74.190516002641,-5.000000000023874,1.0,-6.000000000023874,181349.99999975413,0
CLOSE,SL_AND_TP_SAME_BAR_SL_FIRST,1327,1,73.921008183969,73.92050818396899,-5.000000000023874,1.0,-6.000000000023874,181289.9999997539,0
CLOSE,SL_AND_TP_SAME_BAR_SL_FIRST,1328,1,74.17500280142248,74.17450280142248,-5.000000000023874,1.0,-6.000000000023874,181229.99999975367,0
CLOSE,SL_AND_TP_SAME_BAR_SL_FIRST,1329,1,74.41501592391671,74.41451592391671,-5.000000000023874,1.0,-6.000000000023874,181169.99999975343,0
CLOSE,SL_AND_TP_SAME_BAR_SL_FIRST,1330,1,74.31201597459841,74.31151597459841,-5.000000000023874,1.0,-6.000000000023874,181109.9999997532,0
CLOSE,SL_AND_TP_SAME_BAR_SL_FIRST,1331,1,74.34700823325717,74.34650823325717,-5.000000000023874,1.0,-6.000000000023874,181049.99999975297,0
CLOSE,SL_AND_TP_SAME_BAR_SL_FIRST,1332,1,74.40400505738927,74.40350505738927,-5.000000000023874,1.0,-6.000000000023874,180989.99999975273,0
CLOSE,SL_AND_TP_SAME_BAR_SL_FIRST,1333,1,74.4570199727149,74.4565199727149,-5.000000000023874,1.0,-6.000000000023874,180929.9999997525,0
CLOSE,SL_AND_TP_SAME_BAR_SL_FIRST,1334,1,74.2550109748697,74.2545109748697,-5.000000000023874,1.0,-6.000000000023874,180869.99999975227,0
CLOSE,TP_HIT,1335,1,74.16500657894741,74.17700657894741,120.00000000000455,1.0,119.00000000000455,182059.99999975233,0
CLOSE,SL_AND_TP_SAME_BAR_SL_FIRST,1336,1,74.35000952372339,74.34950952372338,-5.000000000023874,1.0,-6.000000000023874,181999.9999997521,0
CLOSE,SL_AND_TP_SAME_BAR_SL_FIRST,1337,1,74.44501419024398,74.44451419024398,-5.000000000023874,1.0,-6.000000000023874,181939.99999975186,0
CLOSE,SL_AND_TP_SAME_BAR_SL_FIRST,1338,1,74.44701104163667,74.44651104163667,-5.000000000023874,1.0,-6.000000000023874,181879.99999975163,0
CLOSE,SL_AND_TP_SAME_BAR_SL_FIRST,1339,1,74.62200364426295,74.62150364426294,-5.000000000023874,1.0,-6.000000000023874,181819.9999997514,0
CLOSE,TP_HIT,1340,1,74.5020025357973,74.5140025357973,120.00000000000455,1.0,119.00000000000455,183009.99999975145,0
CLOSE,SL_AND_TP_SAME_BAR_SL_FIRST,1341,1,75.06500764164348,75.06450764164347,-5.000000000023874,1.0,-6.000000000023874,182949.99999975122,0
CLOSE,SL_AND_TP_SAME_BAR_SL_FIRST,1342,1,75.05001271417233,75.04951271417232,-5.000000000023874,1.0,-6.000000000023874,182889.999999751,0
CLOSE,SL_HIT,1343,1,75.1000140953128,75.0995140953128,-5.000000000023874,1.0,-6.000000000023874,182829.99999975075,0
CLOSE,SL_AND_TP_SAME_BAR_SL_FIRST,1344,1,75.02100388627484,75.02050388627484,-5.000000000023874,1.0,-6.000000000023874,182769.99999975052,0
CLOSE,SL_AND_TP_SAME_BAR_SL_FIRST,1345,1,74.98900951226679,74.98850951226679,-5.000000000023874,1.0,-6.000000000023874,182709.9999997503,0
CLOSE,SL_AND_TP_SAME_BAR_SL_FIRST,1346,1,75.2410044489333,75.2405044489333,-5.000000000023874,1.0,-6.000000000023874,182649.99999975006,0
CLOSE,SL_AND_TP_SAME_BAR_SL_FIRST,1347,1,75.39500203696382,75.39450203696381,-5.000000000023874,1.0,-6.000000000023874,182589.99999974982,0
CLOSE,SL_AND_TP_SAME_BAR_SL_FIRST,1348,1,75.40900477536604,75.40850477536604,-5.000000000023874,1.0,-6.000000000023874,182529.9999997496,0
CLOSE,SL_AND_TP_SAME_BAR_SL_FIRST,1349,1,75.38400986291396,75.38350986291395,-5.000000000023874,1.0,-6.000000000023874,182469.99999974936,0
CLOSE,SL_AND_TP_SAME_BAR_SL_FIRST,1350,1,75.59901437258414,75.59851437258413,-5.000000000023874,1.0,-6.000000000023874,182409.99999974912,0
CLOSE,SL_AND_TP_SAME_BAR_SL_FIRST,1351,1,75.71800692154893,75.71750692154893,-5.000000000023874,1.0,-6.000000000023874,182349.9999997489,0
CLOSE,SL_AND_TP_SAME_BAR_SL_FIRST,1352,1,75.77001323131864,75.76951323131864,-5.000000000023874,1.0,-6.000000000023874,182289.99999974866,0
CLOSE,SL_AND_TP_SAME_BAR_SL_FIRST,1353,1,76.0450043455085,76.0445043455085,-5.000000000023874,1.0,-6.000000000023874,182229.99999974843,0
CLOSE,SL_HIT,1354,1,76.35501023282639,76.35451023282639,-5.000000000023874,1.0,-6.000000000023874,182169.9999997482,0
CLOSE,SL_AND_TP_SAME_BAR_SL_FIRST,1355,1,76.18400440990155,76.18350440990154,-5.000000000023874,1.0,-6.000000000023874,182109.99999974796,0
CLOSE,SL_AND_TP_SAME_BAR_SL_FIRST,1356,1,76.01301847037774,76.01251847037774,-5.000000000023874,1.0,-6.000000000023874,182049.99999974773,0
CLOSE,SL_AND_TP_SAME_BAR_SL_FIRST,1357,1,75.73001584080667,75.72951584080667,-5.000000000023874,1.0,-6.000000000023874,181989.9999997475,0
CLOSE,SL_HIT,1358,1,75.70501486907888,75.70451486907888,-5.000000000023874,1.0,-6.000000000023874,181929.99999974726,0
CLOSE,SL_AND_TP_SAME_BAR_SL_FIRST,1359,1,75.46001805572017,75.45951805572017,-5.000000000023874,1.0,-6.000000000023874,181869.99999974703,0
CLOSE,SL_AND_TP_SAME_BAR_SL_FIRST,1360,1,75.0350197712729,75.0345197712729,-5.000000000023874,1.0,-6.000000000023874,181809.9999997468,0
CLOSE,SL_AND_TP_SAME_BAR_SL_FIRST,1361,1,75.00400578906506,75.00350578906506,-5.000000000023874,1.0,-6.000000000023874,181749.99999974656,0
CLOSE,SL_AND_TP_SAME_BAR_SL_FIRST,1362,1,74.98001201202702,74.97951201202702,-5.000000000023874,1.0,-6.000000000023874,181689.99999974633,0
CLOSE,SL_AND_TP_SAME_BAR_SL_FIRST,1363,1,74.7150075804334,74.71450758043339,-5.000000000023874,1.0,-6.000000000023874,181629.9999997461,0
CLOSE,SL_AND_TP_SAME_BAR_SL_FIRST,1364,1,74.57000852608093,74.56950852608092,-5.000000000023874,1.0,-6.000000000023874,181569.99999974587,0
CLOSE,SL_AND_TP_SAME_BAR_SL_FIRST,1365,1,74.41500030037196,74.41450030037196,-5.000000000023874,1.0,-6.000000000023874,181509.99999974563,0
CLOSE,SL_AND_TP_SAME_BAR_SL_FIRST,1366,1,74.48601128594814,74.48551128594814,-5.000000000023874,1.0,-6.000000000023874,181449.9999997454,0
CLOSE,SL_AND_TP_SAME_BAR_SL_FIRST,1367,1,74.40000675612457,74.39950675612457,-5.000000000023874,1.0,-6.000000000023874,181389.99999974517,0
CLOSE,SL_AND_TP_SAME_BAR_SL_FIRST,1368,1,74.53001534643516,74.52951534643516,-5.000000000023874,1.0,-6.000000000023874,181329.99999974493,0
CLOSE,TP_HIT,1369,1,74.28501809966671,74.29701809966672,120.00000000000455,1.0,119.00000000000455,182519.999999745,0
CLOSE,SL_AND_TP_SAME_BAR_SL_FIRST,1370,1,74.38500771368517,74.38450771368517,-5.000000000023874,1.0,-6.000000000023874,182459.99999974476,0
CLOSE,SL_HIT,1371,1,74.27801322591576,74.27751322591575,-5.000000000023874,1.0,-6.000000000023874,182399.99999974453,0
CLOSE,SL_AND_TP_SAME_BAR_SL_FIRST,1372,1,74.02501485652199,74.02451485652199,-5.000000000023874,1.0,-6.000000000023874,182339.9999997443,0
CLOSE,SL_AND_TP_SAME_BAR_SL_FIRST,1373,1,73.81700834781378,73.81650834781378,-5.000000000023874,1.0,-6.000000000023874,182279.99999974406,0
CLOSE,SL_AND_TP_SAME_BAR_SL_FIRST,1374,1,73.79701052167728,73.79651052167728,-5.000000000023874,1.0,-6.000000000023874,182219.99999974383,0
CLOSE,SL_AND_TP_SAME_BAR_SL_FIRST,1375,1,73.97200425115089,73.97150425115089,-5.000000000023874,1.0,-6.000000000023874,182159.9999997436,0
CLOSE,SL_AND_TP_SAME_BAR_SL_FIRST,1376,1,74.15600810746837,74.15550810746836,-5.000000000023874,1.0,-6.000000000023874,182099.99999974336,0
CLOSE,SL_AND_TP_SAME_BAR_SL_FIRST,1377,1,74.25501959193318,74.25451959193317,-5.000000000023874,1.0,-6.000000000023874,182039.99999974313,0
CLOSE,SL_AND_TP_SAME_BAR_SL_FIRST,1378,1,74.56501378395618,74.56451378395617,-5.000000000023874,1.0,-6.000000000023874,181979.9999997429,0
CLOSE,SL_AND_TP_SAME_BAR_SL_FIRST,1379,1,74.4550129683012,74.4545129683012,-5.000000000023874,1.0,-6.000000000023874,181919.99999974266,0
CLOSE,SL_AND_TP_SAME_BAR_SL_FIRST,1380,1,74.46801046197108,74.46751046197107,-5.000000000023874,1.0,-6.000000000023874,181859.99999974243,0
CLOSE,SL_AND_TP_SAME_BAR_SL_FIRST,1381,1,74.40901230557438,74.40851230557438,-5.000000000023874,1.0,-6.000000000023874,181799.9999997422,0
CLOSE,SL_AND_TP_SAME_BAR_SL_FIRST,1382,1,74.64200030786007,74.64150030786007,-5.000000000023874,1.0,-6.000000000023874,181739.99999974197,0
CLOSE,SL_AND_TP_SAME_BAR_SL_FIRST,1383,1,74.78701926674319,74.78651926674318,-5.000000000023874,1.0,-6.000000000023874,181679.99999974173,0
CLOSE,TP_HIT,1384,1,74.90301003760588,74.91501003760588,120.00000000000455,1.0,119.00000000000455,182869.9999997418,0
CLOSE,SL_AND_TP_SAME_BAR_SL_FIRST,1385,1,75.20900641971713,75.20850641971712,-5.000000000023874,1.0,-6.000000000023874,182809.99999974156,0
CLOSE,SL_AND_TP_SAME_BAR_SL_FIRST,1386,1,75.04600622028934,75.04550622028934,-5.000000000023874,1.0,-6.000000000023874,182749.99999974133,0
CLOSE,SL_AND_TP_SAME_BAR_SL_FIRST,1387,1,74.5560155998572,74.5555155998572,-5.000000000023874,1.0,-6.000000000023874,182689.9999997411,0
CLOSE,SL_AND_TP_SAME_BAR_SL_FIRST,1388,1,74.75101332352357,74.75051332352356,-5.000000000023874,1.0,-6.000000000023874,182629.99999974086,0
CLOSE,SL_AND_TP_SAME_BAR_SL_FIRST,1389,1,74.82300630127358,74.82250630127358,-5.000000000023874,1.0,-6.000000000023874,182569.99999974063,0
CLOSE,SL_AND_TP_SAME_BAR_SL_FIRST,1390,1,74.64401468809801,74.64351468809801,-5.000000000023874,1.0,-6.000000000023874,182509.9999997404,0
CLOSE,SL_AND_TP_SAME_BAR_SL_FIRST,1391,1,74.64501157218177,74.64451157218177,-5.000000000023874,1.0,-6.000000000023874,182449.99999974016,0
CLOSE,SL_AND_TP_SAME_BAR_SL_FIRST,1392,1,74.65501335994827,74.65451335994827,-5.000000000023874,1.0,-6.000000000023874,182389.99999973993,0
CLOSE,SL_AND_TP_SAME_BAR_SL_FIRST,1393,1,74.69001455143824,74.68951455143824,-5.000000000023874,1.0,-6.000000000023874,182329.9999997397,0
CLOSE,TP_HIT,1394,1,74.77800633914283,74.79000633914283,120.00000000000455,1.0,119.00000000000455,183519.99999973975,0
CLOSE,TP_HIT,1395,1,75.07401516325399,75.08601516325399,120.00000000000455,1.0,119.00000000000455,184709.9999997398,0
CLOSE,TP_HIT,1396,1,75.3190102241474,75.3310102241474,120.00000000000455,1.0,119.00000000000455,185899.99999973987,0
CLOSE,SL_AND_TP_SAME_BAR_SL_FIRST,1397,1,75.65801846617427,75.65751846617427,-5.000000000023874,1.0,-6.000000000023874,185839.99999973964,0
CLOSE,SL_AND_TP_SAME_BAR_SL_FIRST,1398,1,75.14901657857877,75.14851657857876,-5.000000000023874,1.0,-6.000000000023874,185779.9999997394,0
CLOSE,SL_AND_TP_SAME_BAR_SL_FIRST,1399,1,75.02200674463016,75.02150674463016,-5.000000000023874,1.0,-6.000000000023874,185719.99999973917,0
CLOSE,SL_HIT,1400,1,75.10000440916237,75.09950440916236,-5.000000000023874,1.0,-6.000000000023874,185659.99999973894,0
CLOSE,SL_AND_TP_SAME_BAR_SL_FIRST,1401,1,74.67000277877489,74.66950277877488,-5.000000000023874,1.0,-6.000000000023874,185599.9999997387,0
CLOSE,TP_HIT,1402,1,74.4950166099045,74.5070166099045,120.00000000000455,1.0,119.00000000000455,186789.99999973876,0
CLOSE,SL_AND_TP_SAME_BAR_SL_FIRST,1403,1,74.62001395216983,74.61951395216983,-5.000000000023874,1.0,-6.000000000023874,186729.99999973853,0
CLOSE,TP_HIT,1404,1,74.63000642116734,74.64200642116734,120.00000000000455,1.0,119.00000000000455,187919.9999997386,0
CLOSE,SL_HIT,1405,1,75.60001982452204,75.59951982452203,-5.000000000023874,1.0,-6.000000000023874,187859.99999973836,0
CLOSE,TP_HIT,1406,1,75.0600132758704,75.0720132758704,120.00000000000455,1.0,119.00000000000455,189049.99999973841,0
CLOSE,SL_AND_TP_SAME_BAR_SL_FIRST,1407,1,75.49300998365007,75.49250998365007,-5.000000000023874,1.0,-6.000000000023874,188989.99999973818,0
CLOSE,SL_AND_TP_SAME_BAR_SL_FIRST,1408,1,75.75200894148665,75.75150894148665,-5.000000000023874,1.0,-6.000000000023874,188929.99999973795,0
CLOSE,SL_AND_TP_SAME_BAR_SL_FIRST,1409,1,75.61100370111521,75.6105037011152,-5.000000000023874,1.0,-6.000000000023874,188869.99999973772,0
CLOSE,SL_AND_TP_SAME_BAR_SL_FIRST,1410,1,75.9430091303868,75.9425091303868,-5.000000000023874,1.0,-6.000000000023874,188809.99999973748,0
CLOSE,TP_HIT,1411,1,76.4100143858902,76.4220143858902,120.00000000000455,1.0,119.00000000000455,189999.99999973754,0
CLOSE,SL_AND_TP_SAME_BAR_SL_FIRST,1412,1,76.9600008136505,76.9595008136505,-5.000000000023874,1.0,-6.000000000023874,189939.9999997373,0
CLOSE,SL_AND_TP_SAME_BAR_SL_FIRST,1413,1,76.89000690081495,76.88950690081495,-5.000000000023874,1.0,-6.000000000023874,189879.99999973708,0
CLOSE,SL_AND_TP_SAME_BAR_SL_FIRST,1414,1,76.3550103851672,76.3545103851672,-5.000000000023874,1.0,-6.000000000023874,189819.99999973684,0
CLOSE,SL_AND_TP_SAME_BAR_SL_FIRST,1415,1,76.29000464764982,76.28950464764982,-5.000000000023874,1.0,-6.000000000023874,189759.9999997366,0
CLOSE,SL_AND_TP_SAME_BAR_SL_FIRST,1416,1,76.48300652279231,76.4825065227923,-5.000000000023874,1.0,-6.000000000023874,189699.99999973638,0
CLOSE,SL_AND_TP_SAME_BAR_SL_FIRST,1417,1,76.43000734030025,76.42950734030025,-5.000000000023874,1.0,-6.000000000023874,189639.99999973614,0
CLOSE,SL_AND_TP_SAME_BAR_SL_FIRST,1418,1,76.41000908631685,76.40950908631685,-5.000000000023874,1.0,-6.000000000023874,189579.9999997359,0
CLOSE,SL_HIT,1419,1,76.19000155061376,76.18950155061376,-5.000000000023874,1.0,-6.000000000023874,189519.99999973568,0
CLOSE,TP_HIT,1420,1,75.9120047587104,75.9240047587104,120.00000000000455,1.0,119.00000000000455,190709.99999973574,0
CLOSE,SL_AND_TP_SAME_BAR_SL_FIRST,1421,1,76.05001210441023,76.04951210441023,-5.000000000023874,1.0,-6.000000000023874,190649.9999997355,0
CLOSE,SL_AND_TP_SAME_BAR_SL_FIRST,1422,1,76.28001484375304,76.27951484375303,-5.000000000023874,1.0,-6.000000000023874,190589.99999973527,0
