Date,Price,Open,High,Low,Change %
"Apr 03, 2000",43.612,43.62,43.64,43.56,0.03%
"Apr 04, 2000",43.615,43.595,43.66,43.575,0.01%
"Apr 05, 2000",43.61,43.67,43.69,43.61,-0.01%
"Apr 06, 2000",43.6,43.65,43.682,43.6,-0.02%
"Apr 07, 2000",43.62,43.64,43.672,43.62,0.05%
"Apr 10, 2000",43.61,43.63,43.7,43.61,-0.02%
"Apr 11, 2000",43.615,43.655,43.702,43.615,0.01%
"Apr 12, 2000",43.625,43.655,43.7,43.615,0.02%
"Apr 13, 2000",43.64,43.682,43.707,43.64,0.03%
"Apr 14, 2000",43.665,43.685,43.73,43.665,0.06%
"Apr 17, 2000",43.66,43.68,43.717,43.65,-0.01%
"Apr 18, 2000",43.625,43.675,43.72,43.625,-0.08%
"Apr 19, 2000",43.65,43.66,43.715,43.65,0.06%
"Apr 20, 2000",43.65,43.71,43.765,43.65,0.00%
"Apr 21, 2000",43.625,43.685,43.705,43.625,-0.06%
"Apr 24, 2000",43.65,43.65,43.707,43.6,0.06%
"Apr 25, 2000",43.65,43.65,43.707,43.63,0.00%
"Apr 26, 2000",43.65,43.66,43.71,43.65,0.00%
"Apr 27, 2000",43.625,43.695,43.737,43.625,-0.06%
"Apr 28, 2000",43.65,43.705,43.705,43.63,0.06%
"Aug 01, 2000",45.1,45.08,45.26,44.91,0.11%
"Aug 02, 2000",45.325,45.125,45.425,44.885,0.50%
"Aug 03, 2000",45.3,45.3,45.77,45.3,-0.06%
"Aug 04, 2000",45.385,45.325,45.495,45.275,0.19%
"Aug 07, 2000",45.555,45.425,45.65,45.375,0.37%
"Aug 08, 2000",45.7,45.58,45.795,45.55,0.32%
"Aug 09, 2000",45.615,45.765,45.845,45.485,-0.19%
"Aug 10, 2000",45.86,45.65,45.92,45.62,0.54%
"Aug 11, 2000",45.8,45.85,46.16,45.75,-0.13%
"Aug 14, 2000",45.75,45.75,46.005,45.75,-0.11%
"Aug 15, 2000",45.71,45.76,45.8,45.64,-0.09%
"Aug 16, 2000",45.73,45.75,45.797,45.7,0.04%
"Aug 17, 2000",45.9,45.69,45.945,45.65,0.37%
"Aug 18, 2000",45.82,45.94,46.055,45.8,-0.17%
"Aug 21, 2000",45.64,45.79,45.88,45.39,-0.39%
"Aug 22, 2000",45.675,45.625,45.805,45.605,0.08%
"Aug 23, 2000",45.81,45.76,45.89,45.69,0.30%
"Aug 24, 2000",46.155,46.075,46.255,45.985,0.75%
"Aug 25, 2000",45.88,45.95,46.05,45.88,-0.60%
"Aug 28, 2000",45.81,45.9,45.975,45.8,-0.15%
"Aug 29, 2000",45.8,45.8,45.915,45.56,-0.02%
"Aug 30, 2000",45.815,45.815,45.965,45.785,0.03%
"Aug 31, 2000",45.805,45.845,45.915,45.795,-0.02%
"Dec 01, 2000",46.845,46.845,46.902,46.785,-0.05%
"Dec 04, 2000",46.82,46.84,46.9,46.76,-0.05%
"Dec 05, 2000",46.695,46.815,46.815,46.605,-0.27%
"Dec 06, 2000",46.77,46.89,46.92,46.73,0.16%
"Dec 07, 2000",46.745,46.705,46.835,46.655,-0.05%
"Dec 08, 2000",46.725,46.825,46.845,46.725,-0.04%
"Dec 11, 2000",46.75,46.75,46.81,46.7,0.05%
"Dec 12, 2000",46.73,46.75,46.795,46.62,-0.04%
"Dec 13, 2000",46.755,46.785,46.822,46.51,0.05%
"Dec 14, 2000",46.755,46.795,46.817,46.695,0.00%
"Dec 15, 2000",46.755,46.795,46.81,46.725,0.00%
"Dec 18, 2000",46.74,46.79,46.82,46.73,-0.03%
"Dec 19, 2000",46.69,46.8,46.81,46.66,-0.11%
"Dec 20, 2000",46.715,46.775,46.845,46.645,0.05%
"Dec 21, 2000",46.69,46.72,46.777,46.65,-0.05%
"Dec 22, 2000",46.69,46.76,46.78,46.65,0.00%
"Dec 25, 2000",46.68,46.68,46.68,46.68,-0.02%
"Dec 26, 2000",46.68,46.75,46.835,46.62,0.00%
"Dec 27, 2000",46.69,46.705,46.785,46.64,0.02%
"Dec 28, 2000",46.7,46.7,46.76,46.65,0.02%
"Dec 29, 2000",46.68,46.78,46.815,46.67,-0.04%
"Feb 23, 2000",43.6,43.64,43.662,43.6,0.00%
"Feb 24, 2000",43.6,43.66,43.665,43.55,0.00%
"Feb 25, 2000",43.65,43.665,43.68,43.6,0.11%
"Feb 28, 2000",43.605,43.692,43.697,43.605,-0.10%
"Feb 29, 2000",43.614,43.603,43.62,43.553,0.02%
"Jul 03, 2000",44.66,44.7,44.742,44.66,0.02%
"Jul 04, 2000",44.665,44.575,44.697,44.575,0.01%
"Jul 05, 2000",44.67,44.737,44.75,44.325,0.01%
"Jul 06, 2000",44.73,44.72,44.825,44.71,0.13%
"Jul 07, 2000",44.705,44.795,44.817,44.705,-0.06%
"Jul 10, 2000",44.645,44.705,44.735,44.625,-0.13%
"Jul 11, 2000",44.675,44.725,44.76,44.675,0.07%
"Jul 12, 2000",44.675,44.725,44.762,44.675,0.00%
"Jul 13, 2000",44.705,44.675,44.785,44.675,0.07%
"Jul 14, 2000",44.705,44.725,44.785,44.675,0.00%
"Jul 17, 2000",44.705,44.675,44.745,44.575,0.00%
"Jul 18, 2000",44.755,44.725,44.822,44.675,0.11%
"Jul 19, 2000",44.775,44.725,44.867,44.575,0.04%
"Jul 20, 2000",44.92,44.8,45.01,44.8,0.32%
"Jul 21, 2000",44.71,44.97,45.16,44.54,-0.47%
"Jul 24, 2000",44.725,44.975,44.975,44.675,0.03%
"Jul 25, 2000",44.91,44.86,45.035,44.86,0.41%
"Jul 26, 2000",44.88,44.95,45.045,44.88,-0.07%
"Jul 27, 2000",44.875,44.855,44.977,44.855,-0.01%
"Jul 28, 2000",44.885,44.875,44.967,44.875,0.02%
"Jul 31, 2000",45.05,44.92,45.14,44.9,0.37%
"Jun 01, 2000",44.55,44.61,44.65,44.55,-0.06%
"Jun 02, 2000",44.6,44.65,44.76,44.6,0.11%
"Jun 05, 2000",44.675,44.69,44.745,44.575,0.17%
"Jun 06, 2000",44.665,44.685,44.772,44.625,-0.02%
"Jun 07, 2000",44.74,44.64,44.825,44.64,0.17%
"Jun 08, 2000",44.725,44.825,45.045,44.665,-0.03%
"Jun 09, 2000",44.75,44.8,44.91,44.75,0.06%
"Jun 12, 2000",44.75,44.82,44.877,44.75,0.00%
"Jun 13, 2000",44.75,44.71,44.827,44.7,0.00%
"Jun 14, 2000",44.7,44.8,44.83,44.7,-0.11%
"Jun 15, 2000",44.7,44.77,44.78,44.7,0.00%
"Jun 16, 2000",44.73,44.7,44.85,44.7,0.07%
"Jun 19, 2000",44.725,44.795,45.125,44.725,-0.01%
"Jun 20, 2000",44.675,44.685,44.745,44.575,-0.11%
"Jun 21, 2000",44.65,44.67,44.7,44.65,-0.06%
"Jun 22, 2000",44.625,44.727,44.765,44.575,-0.06%
"Jun 23, 2000",44.675,44.625,44.765,44.625,0.11%
"Jun 26, 2000",44.675,44.725,44.75,44.575,0.00%
"Jun 27, 2000",44.675,44.725,44.752,44.605,0.00%
"Jun 28, 2000",44.675,44.675,44.745,44.675,0.00%
"Jun 29, 2000",44.665,44.732,44.735,44.665,-0.02%
"Jun 30, 2000",44.65,44.715,44.735,44.6,-0.03%
"Mar 01, 2000",43.625,43.635,43.642,43.525,0.03%
"Mar 02, 2000",43.575,43.655,43.685,43.525,-0.11%
"Mar 03, 2000",43.6,43.65,43.65,43.6,0.06%
"Mar 06, 2000",43.6,43.622,43.627,43.55,0.00%
"Mar 07, 2000",43.565,43.645,43.645,43.565,-0.08%
"Mar 08, 2000",43.59,43.63,43.632,43.59,0.06%
"Mar 09, 2000",43.58,43.61,43.63,43.57,-0.02%
"Mar 10, 2000",43.575,43.625,43.68,43.575,-0.01%
"Mar 13, 2000",43.6,43.627,43.632,43.5,0.06%
"Mar 14, 2000",43.59,43.6,43.64,43.59,-0.02%
"Mar 15, 2000",43.575,43.66,43.662,43.575,-0.03%
"Mar 16, 2000",43.575,43.58,43.587,43.565,0.00%
"Mar 17, 2000",43.58,43.63,43.63,43.58,0.01%
"Mar 20, 2000",43.565,43.595,43.595,43.525,-0.03%
"Mar 21, 2000",43.575,43.605,43.615,43.525,0.02%
"Mar 22, 2000",43.575,43.625,43.665,43.575,0.00%
"Mar 23, 2000",43.585,43.66,43.67,43.565,0.02%
"Mar 24, 2000",43.575,43.67,43.68,43.575,-0.02%
"Mar 27, 2000",43.585,43.635,43.67,43.565,0.02%
"Mar 28, 2000",43.575,43.677,43.685,43.575,-0.02%
"Mar 29, 2000",43.585,43.625,43.665,43.585,0.02%
"Mar 30, 2000",43.59,43.62,43.675,43.59,0.01%
"Mar 31, 2000",43.6,43.66,43.672,43.55,0.02%
"May 01, 2000",43.675,43.727,43.727,43.625,0.06%
"May 02, 2000",43.675,43.715,43.737,43.675,0.00%
"May 03, 2000",43.655,43.705,43.727,43.655,-0.05%
"May 04, 2000",43.655,43.715,43.727,43.645,0.00%
"May 05, 2000",43.65,43.67,43.697,43.6,-0.01%
"May 08, 2000",43.625,43.705,43.722,43.625,-0.06%
"May 09, 2000",43.65,43.69,43.75,43.62,0.06%
"May 10, 2000",44.075,43.805,44.255,43.805,0.97%
"May 11, 2000",44.12,44.27,44.375,44.12,0.10%
"May 12, 2000",44,44,44.107,43.985,-0.27%
"May 15, 2000",43.9,44,44.15,43.9,-0.23%
"May 16, 2000",43.925,43.925,44.055,43.925,0.06%
"May 17, 2000",43.935,44.015,44.05,43.935,0.02%
"May 18, 2000",43.95,43.99,44.017,43.715,0.03%
"May 19, 2000",43.94,43.98,44.025,43.94,-0.02%
"May 22, 2000",44.025,44.025,44.055,43.925,0.19%
"May 23, 2000",44.05,44.05,44.145,44.03,0.06%
"May 24, 2000",44.15,44.1,44.24,43.9,0.23%
"May 25, 2000",44.05,44.24,44.84,44,-0.23%
"May 26, 2000",44.29,44.19,44.465,44.04,0.54%
"May 29, 2000",44.51,44.4,44.56,44.25,0.50%
"May 30, 2000",44.55,44.55,44.677,44.5,0.09%
"May 31, 2000",44.575,44.625,44.652,44.475,0.06%
"Nov 01, 2000",46.775,46.825,46.945,46.685,-0.15%
"Nov 02, 2000",46.755,46.825,46.837,46.522,-0.04%
"Nov 03, 2000",46.62,46.83,46.83,46.58,-0.29%
"Nov 06, 2000",46.63,46.82,46.82,46.57,0.02%
"Nov 07, 2000",46.665,46.645,46.76,46.605,0.08%
"Nov 08, 2000",46.685,46.565,46.78,46.565,0.04%
"Nov 09, 2000",46.66,46.74,46.825,46.65,-0.05%
"Nov 10, 2000",46.735,46.745,46.815,46.665,0.16%
"Nov 13, 2000",46.79,46.69,46.85,46.69,0.12%
"Nov 14, 2000",46.78,46.65,46.84,46.6,-0.02%
"Nov 15, 2000",46.8,46.85,46.87,46.74,0.04%
"Nov 16, 2000",46.835,46.795,46.905,46.735,0.07%
"Nov 17, 2000",46.815,46.885,46.935,46.785,-0.04%
"Nov 20, 2000",46.765,46.805,46.872,46.765,-0.11%
"Nov 21, 2000",46.79,46.79,46.852,46.71,0.05%
"Nov 22, 2000",46.81,46.79,46.887,46.7,0.04%
"Nov 23, 2000",46.82,46.8,46.875,46.75,0.02%
"Nov 24, 2000",46.8,46.88,46.99,46.8,-0.04%
"Nov 27, 2000",46.855,46.845,46.92,46.745,0.12%
"Nov 28, 2000",46.89,46.89,46.957,46.81,0.07%
"Nov 29, 2000",46.875,46.925,46.967,46.455,-0.03%
"Nov 30, 2000",46.87,46.88,46.945,46.86,-0.01%
"Oct 02, 2000",46.06,46.15,46.15,46,0.17%
"Oct 03, 2000",46.08,46,46.19,46,0.04%
"Oct 04, 2000",46.07,46.16,46.175,46.05,-0.02%
"Oct 05, 2000",46.1,46.13,46.195,46.07,0.07%
"Oct 06, 2000",46.15,46.18,46.28,46.13,0.11%
"Oct 09, 2000",46.09,46.1,46.155,46.05,-0.13%
"Oct 10, 2000",46.215,46.125,46.235,46.055,0.27%
"Oct 11, 2000",46.365,46.185,46.435,46.185,0.32%
"Oct 12, 2000",46.295,46.415,46.445,46.255,-0.15%
"Oct 13, 2000",46.38,46.34,46.5,46.22,0.18%
"Oct 16, 2000",46.315,46.435,46.46,46.285,-0.14%
"Oct 17, 2000",46.305,46.355,46.435,46.225,-0.02%
"Oct 18, 2000",46.345,46.375,46.405,46.225,0.09%
"Oct 19, 2000",46.31,46.34,46.417,46.24,-0.08%
"Oct 20, 2000",46.35,46.35,46.405,46.25,0.09%
"Oct 23, 2000",46.39,46.36,46.442,46.31,0.09%
"Oct 24, 2000",46.395,46.345,46.455,46.285,0.01%
"Oct 25, 2000",46.63,46.47,46.71,46.33,0.51%
"Oct 26, 2000",46.63,46.52,46.72,46.42,0.00%
"Oct 27, 2000",46.77,46.68,46.865,46.58,0.30%
"Oct 30, 2000",46.675,46.805,47.015,46.675,-0.20%
"Oct 31, 2000",46.845,46.655,46.905,46.635,0.36%
"Sep 01, 2000",45.8,45.82,45.87,45.8,-0.01%
"Sep 04, 2000",45.725,45.745,45.795,45.715,-0.16%
"Sep 05, 2000",45.715,45.745,45.815,45.705,-0.02%
"Sep 06, 2000",45.65,45.8,45.805,45.65,-0.14%
"Sep 07, 2000",45.63,45.69,45.745,45.63,-0.04%
"Sep 08, 2000",45.64,45.69,45.73,45.64,0.02%
"Sep 11, 2000",45.625,45.655,45.707,45.625,-0.03%
"Sep 12, 2000",45.6,45.67,45.715,45.6,-0.05%
"Sep 13, 2000",45.6,45.69,45.74,45.6,0.00%
"Sep 14, 2000",45.66,45.59,45.78,45.59,0.13%
"Sep 15, 2000",45.775,45.705,45.855,45.705,0.25%
"Sep 18, 2000",46.05,45.92,46.11,45.8,0.60%
"Sep 19, 2000",46.38,46.05,46.5,45.9,0.72%
"Sep 20, 2000",46.3,46.45,46.49,46.1,-0.17%
"Sep 21, 2000",45.93,46.33,46.41,45.9,-0.80%
"Sep 22, 2000",46.08,46.3,46.3,45.9,0.33%
"Sep 25, 2000",46.05,46.1,46.25,46.05,-0.07%
"Sep 26, 2000",46.05,46.03,46.16,45.95,0.00%
"Sep 27, 2000",46.05,46.05,46.215,46,0.00%
"Sep 28, 2000",45.975,46.115,46.275,45.775,-0.16%
"Sep 29, 2000",45.98,46.03,46.15,45.98,0.01%
"Apr 02, 2001",46.61,46.66,46.67,46.59,-0.21%
"Apr 03, 2001",46.625,46.645,46.7,46.595,0.03%
"Apr 04, 2001",46.595,46.685,46.697,46.595,-0.06%
"Apr 05, 2001",46.595,46.655,46.665,46.575,0.00%
"Apr 06, 2001",46.565,46.565,46.635,46.535,-0.06%
"Apr 09, 2001",46.54,46.56,46.62,46.52,-0.05%
"Apr 10, 2001",46.555,46.595,46.612,46.525,0.03%
"Apr 11, 2001",46.685,46.545,46.76,46.545,0.28%
"Apr 12, 2001",46.845,46.645,46.985,46.545,0.34%
"Apr 13, 2001",46.84,46.84,46.84,46.84,-0.01%
"Apr 16, 2001",47.025,46.875,47.075,46.865,0.39%
"Apr 17, 2001",46.85,47,47.09,46.64,-0.37%
"Apr 18, 2001",46.845,46.845,46.99,46.68,-0.01%
"Apr 19, 2001",46.84,46.84,46.905,46.82,-0.01%
"Apr 20, 2001",46.82,46.89,46.91,46.82,-0.04%
"Apr 23, 2001",46.82,46.83,46.88,46.79,0.00%
"Apr 24, 2001",46.81,46.81,46.9,46.79,-0.02%
"Apr 25, 2001",46.825,46.885,46.905,46.805,0.03%
"Apr 26, 2001",46.84,46.88,46.92,46.75,0.03%
"Apr 27, 2001",46.835,46.885,46.912,46.825,-0.01%
"Apr 30, 2001",46.84,46.895,46.91,46.82,0.01%
"Aug 01, 2001",47.11,47.15,47.2,47.11,-0.04%
"Aug 02, 2001",47.1,47.13,47.215,47.08,-0.02%
"Aug 03, 2001",47.12,47.12,47.172,47.08,0.04%
"Aug 06, 2001",47.11,47.14,47.172,47.1,-0.02%
"Aug 07, 2001",47.12,47.1,47.167,47.09,0.02%
"Aug 08, 2001",47.14,47.14,47.212,47.1,0.04%
"Aug 09, 2001",47.13,47.17,47.2,47.06,-0.02%
"Aug 10, 2001",47.12,47.19,47.19,47.1,-0.02%
"Aug 13, 2001",47.12,47.14,47.175,47.12,0.00%
"Aug 14, 2001",47.11,47.165,47.172,47.1,-0.02%
"Aug 15, 2001",47.11,47.13,47.16,47.1,0.00%
"Aug 16, 2001",47.11,47.17,47.17,47.1,0.00%
"Aug 17, 2001",47.12,47.14,47.18,47.1,0.02%
"Aug 20, 2001",47.105,47.145,47.175,47.095,-0.03%
"Aug 21, 2001",47.13,47.16,47.175,47.11,0.05%
"Aug 22, 2001",47.13,47.16,47.172,47.1,0.00%
"Aug 23, 2001",47.12,47.11,47.172,47.1,-0.02%
"Aug 24, 2001",47.12,47.16,47.175,47.1,0.00%
"Aug 27, 2001",47.14,47.16,47.19,47.1,0.04%
"Aug 28, 2001",47.14,47.187,47.202,47.1,0.00%
"Aug 29, 2001",47.11,47.14,47.185,47.1,-0.06%
"Aug 30, 2001",47.13,47.13,47.192,47.11,0.04%
"Aug 31, 2001",47.12,47.15,47.25,47.1,-0.02%
"Dec 03, 2001",47.88,47.96,47.992,47.87,-0.10%
"Dec 04, 2001",47.96,47.965,48.007,47.87,0.17%
"Dec 05, 2001",47.89,47.88,47.967,47.88,-0.15%
"Dec 06, 2001",47.85,47.89,47.98,47.85,-0.08%
"Dec 07, 2001",47.81,47.85,47.93,47.81,-0.08%
"Dec 10, 2001",47.81,47.85,47.88,47.81,0.00%
"Dec 11, 2001",47.8,47.81,47.877,47.77,-0.02%
"Dec 12, 2001",47.79,47.8,47.945,47.79,-0.02%
"Dec 13, 2001",47.79,47.79,47.92,47.77,0.00%
"Dec 14, 2001",47.81,47.79,47.917,47.79,0.04%
"Dec 17, 2001",47.81,47.855,47.855,47.79,0.00%
"Dec 18, 2001",47.81,47.81,47.885,47.81,0.00%
"Dec 19, 2001",47.75,47.81,47.852,47.75,-0.13%
"Dec 20, 2001",47.78,47.75,47.85,47.75,0.06%
"Dec 21, 2001",47.8,47.78,47.887,47.78,0.04%
"Dec 24, 2001",47.9,47.815,47.987,47.75,0.21%
"Dec 25, 2001",47.93,47.96,47.962,47.92,0.06%
"Dec 26, 2001",47.9,47.95,48.12,47.9,-0.06%
"Dec 27, 2001",48.16,47.9,48.23,47.9,0.54%
"Dec 28, 2001",48.24,48.15,48.4,48.02,0.17%
"Dec 31, 2001",48.22,48.24,48.3,48.16,-0.04%
"Feb 01, 2001",46.375,46.415,46.442,46.365,-0.03%
"Feb 02, 2001",46.395,46.385,46.455,46.345,0.04%
"Feb 05, 2001",46.39,46.42,46.447,46.345,-0.01%
"Feb 06, 2001",46.37,46.41,46.457,46.3,-0.04%
"Feb 07, 2001",46.4,46.41,46.475,46.3,0.06%
"Feb 08, 2001",46.405,46.435,46.527,46.355,0.01%
"Feb 09, 2001",46.45,46.4,46.57,46.4,0.10%
"Feb 12, 2001",46.505,46.485,46.56,46.425,0.12%
"Feb 13, 2001",46.55,46.55,46.61,46.41,0.10%
"Feb 14, 2001",46.585,46.575,46.67,46.545,0.08%
"Feb 15, 2001",46.575,46.615,46.717,46.475,-0.02%
"Feb 16, 2001",46.515,46.585,46.585,46.435,-0.13%
"Feb 19, 2001",46.55,46.51,46.575,46.43,0.08%
"Feb 20, 2001",46.605,46.535,46.67,46.455,0.12%
"Feb 21, 2001",46.595,46.525,46.652,46.525,-0.02%
"Feb 22, 2001",46.57,46.67,46.717,46.55,-0.05%
"Feb 23, 2001",46.595,46.605,46.705,46.395,0.05%
"Feb 26, 2001",46.615,46.625,46.677,46.56,0.04%
"Feb 27, 2001",46.625,46.635,46.702,46.585,0.02%
"Feb 28, 2001",46.54,46.6,46.7,46.5,-0.18%
"Jan 02, 2001",46.69,46.7,46.755,46.66,0.02%
"Jan 03, 2001",46.7,46.71,46.76,46.65,0.02%
"Jan 04, 2001",46.73,46.7,46.821,46.68,0.06%
"Jan 05, 2001",46.705,46.735,46.825,46.655,-0.05%
"Jan 08, 2001",46.675,46.705,46.77,46.655,-0.06%
"Jan 09, 2001",46.625,46.705,46.745,46.605,-0.11%
"Jan 10, 2001",46.625,46.655,46.735,46.625,0.00%
"Jan 11, 2001",46.625,46.665,46.697,46.605,0.00%
"Jan 12, 2001",46.535,46.665,46.665,46.525,-0.19%
"Jan 15, 2001",46.525,46.555,46.675,46.525,-0.02%
"Jan 16, 2001",46.51,46.56,46.59,46.44,-0.03%
"Jan 17, 2001",46.435,46.555,46.575,46.425,-0.16%
"Jan 18, 2001",46.395,46.525,46.525,46.385,-0.09%
"Jan 19, 2001",46.375,46.475,46.475,46.365,-0.04%
"Jan 22, 2001",46.37,46.43,46.46,46.36,-0.01%
"Jan 23, 2001",46.34,46.38,46.417,46.33,-0.06%
"Jan 24, 2001",46.36,46.38,46.42,46.33,0.04%
"Jan 25, 2001",46.485,46.427,46.545,46.415,0.27%
"Jan 26, 2001",46.48,46.51,46.52,46.45,-0.01%
"Jan 29, 2001",46.465,46.505,46.57,46.385,-0.03%
"Jan 30, 2001",46.41,46.5,46.54,46.4,-0.12%
"Jan 31, 2001",46.39,46.5,46.5,46.38,-0.04%
"Jul 02, 2001",47.13,47.04,47.21,47.03,0.19%
"Jul 03, 2001",47.12,47.13,47.25,47.04,-0.02%
"Jul 04, 2001",47.11,47.04,47.225,47.04,-0.02%
"Jul 05, 2001",47.13,47.15,47.21,47.1,0.04%
"Jul 06, 2001",47.12,47.17,47.215,47.12,-0.02%
"Jul 09, 2001",47.14,47.17,47.207,47.13,0.04%
"Jul 10, 2001",47.14,47.18,47.22,47.12,0.00%
"Jul 11, 2001",47.15,47.19,47.21,47.13,0.02%
"Jul 12, 2001",47.15,47.19,47.235,47.14,0.00%
"Jul 13, 2001",47.16,47.19,47.21,47.13,0.02%
"Jul 16, 2001",47.15,47.16,47.215,47.13,-0.02%
"Jul 17, 2001",47.11,47.2,47.2,47.11,-0.08%
"Jul 18, 2001",47.14,47.11,47.212,47.11,0.06%
"Jul 19, 2001",47.11,47.15,47.22,47.1,-0.06%
"Jul 20, 2001",47.12,47.15,47.175,47.1,0.02%
"Jul 23, 2001",47.12,47.11,47.185,47.1,0.00%
"Jul 24, 2001",47.12,47.15,47.185,47.1,0.00%
"Jul 25, 2001",47.14,47.14,47.197,47.1,0.04%
"Jul 26, 2001",47.085,47.125,47.182,47.075,-0.12%
"Jul 27, 2001",47.14,47.15,47.22,47.14,0.12%
"Jul 30, 2001",47.14,47.15,47.197,47.11,0.00%
"Jul 31, 2001",47.13,47.16,47.62,47.12,-0.02%
"Jun 01, 2001",47,46.99,47.13,46.95,0.00%
"Jun 04, 2001",47.01,47.04,47.1,46.95,0.02%
"Jun 05, 2001",47.01,47.05,47.06,46.9,0.00%
"Jun 06, 2001",46.98,46.9,47.05,46.9,-0.06%
"Jun 07, 2001",46.97,46.9,47.05,46.85,-0.02%
"Jun 08, 2001",46.95,46.95,47.025,46.85,-0.04%
"Jun 11, 2001",46.98,47.01,47.045,46.85,0.06%
"Jun 12, 2001",47.03,46.97,47.082,46.85,0.11%
"Jun 13, 2001",47.04,47.06,47.1,46.85,0.02%
"Jun 14, 2001",46.98,47.02,47.08,46.82,-0.13%
"Jun 15, 2001",47,47.06,47.077,47,0.04%
"Jun 18, 2001",46.97,47.03,47.052,46.95,-0.06%
"Jun 19, 2001",46.97,47.02,47.027,46.95,0.00%
"Jun 20, 2001",46.96,47,47.012,46.95,-0.02%
"Jun 21, 2001",46.99,47.01,47.055,46.97,0.06%
"Jun 22, 2001",46.99,47.03,47.067,46.97,0.00%
"Jun 25, 2001",47.01,47,47.075,46.95,0.04%
"Jun 26, 2001",47.02,47.05,47.095,46.95,0.02%
"Jun 27, 2001",46.975,47.065,47.07,46.965,-0.10%
"Jun 28, 2001",47.01,47.04,47.12,47,0.07%
"Jun 29, 2001",47.04,47.05,47.11,47.04,0.06%
"Mar 01, 2001",46.53,46.59,46.64,46.49,-0.02%
"Mar 02, 2001",46.54,46.6,46.707,46.53,0.02%
"Mar 05, 2001",46.515,46.595,46.62,46.505,-0.05%
"Mar 06, 2001",46.495,46.495,46.555,46.245,-0.04%
"Mar 07, 2001",46.51,46.525,46.57,46.49,0.03%
"Mar 08, 2001",46.515,46.495,46.62,46.485,0.01%
"Mar 09, 2001",46.52,46.57,46.587,46.34,0.01%
"Mar 12, 2001",46.54,46.57,46.607,46.48,0.04%
"Mar 13, 2001",46.64,46.59,46.71,46.54,0.21%
"Mar 14, 2001",46.645,46.685,46.767,46.625,0.01%
"Mar 15, 2001",46.62,46.69,46.697,46.61,-0.05%
"Mar 16, 2001",46.665,46.595,46.735,46.585,0.10%
"Mar 19, 2001",46.68,46.6,46.735,46.6,0.03%
"Mar 20, 2001",46.695,46.735,46.945,46.645,0.03%
"Mar 21, 2001",46.695,46.685,46.935,46.605,0.00%
"Mar 22, 2001",46.7,46.7,46.75,46.64,0.01%
"Mar 23, 2001",46.66,46.73,46.75,46.66,-0.09%
"Mar 26, 2001",46.65,46.65,46.705,46.6,-0.02%
"Mar 27, 2001",46.61,46.69,46.775,46.58,-0.09%
"Mar 28, 2001",46.6,46.71,46.71,46.55,-0.02%
"Mar 29, 2001",46.615,46.655,46.715,46.545,0.03%
"Mar 30, 2001",46.71,46.8,46.8,46.64,0.20%
"May 01, 2001",46.845,46.885,46.885,46.815,0.01%
"May 02, 2001",46.82,46.82,46.925,46.667,-0.05%
"May 03, 2001",46.775,46.775,46.857,46.755,-0.10%
"May 04, 2001",46.77,46.78,46.84,46.76,-0.01%
"May 07, 2001",46.805,46.845,46.86,46.785,0.07%
"May 08, 2001",46.775,46.795,46.832,46.745,-0.06%
"May 09, 2001",46.775,46.805,46.845,46.745,0.00%
"May 10, 2001",46.825,46.88,46.885,46.775,0.11%
"May 11, 2001",46.86,46.77,46.912,46.77,0.07%
"May 14, 2001",47.19,47.13,47.247,47.08,0.70%
"May 15, 2001",47,46.98,47.095,46.94,-0.40%
"May 16, 2001",46.92,47.01,47.03,46.87,-0.17%
"May 17, 2001",46.94,46.98,47.007,46.9,0.04%
"May 18, 2001",46.93,46.96,46.992,46.91,-0.02%
"May 21, 2001",46.96,47.01,47.022,46.92,0.06%
"May 22, 2001",47.01,47.01,47.1,46.96,0.11%
"May 23, 2001",46.97,47.02,47.147,46.95,-0.09%
"May 24, 2001",46.97,46.96,47.037,46.9,0.00%
"May 25, 2001",46.97,47,47.025,46.95,0.00%
"May 28, 2001",46.975,46.997,47.02,46.935,0.01%
"May 29, 2001",46.97,46.99,47.05,46.95,-0.01%
"May 30, 2001",46.95,47.01,47.022,46.95,-0.04%
"May 31, 2001",47,46.96,47.062,46.95,0.11%
"Nov 01, 2001",48,48.01,48.052,47.98,0.02%
"Nov 02, 2001",47.99,48.01,48.05,47.947,-0.02%
"Nov 05, 2001",47.97,48,48.035,47.95,-0.04%
"Nov 06, 2001",47.99,47.95,48.03,47.95,0.04%
"Nov 07, 2001",47.99,47.99,48.032,47.96,0.00%
"Nov 08, 2001",48.02,47.95,48.1,47.95,0.06%
"Nov 09, 2001",48,48.05,48.087,47.98,-0.04%
"Nov 12, 2001",47.99,48,48.042,47.8,-0.02%
"Nov 13, 2001",48.06,48.03,48.115,47.99,0.15%
"Nov 14, 2001",48.06,48.05,48.06,48,0.00%
"Nov 15, 2001",47.98,48.06,48.09,47.98,-0.17%
"Nov 16, 2001",47.98,47.98,48.017,47.95,0.00%
"Nov 19, 2001",47.95,47.97,48.11,47.94,-0.06%
"Nov 20, 2001",47.98,47.95,48.022,47.94,0.06%
"Nov 21, 2001",47.98,47.98,48.022,47.95,0.00%
"Nov 22, 2001",48.025,47.975,48.082,47.955,0.09%
"Nov 23, 2001",48.05,48.087,48.45,48,0.05%
"Nov 26, 2001",48,48.02,48.09,47.98,-0.10%
"Nov 27, 2001",47.97,48,48.05,47.97,-0.06%
"Nov 28, 2001",47.99,47.97,48.06,47.97,0.04%
"Nov 29, 2001",47.96,47.99,48.047,47.96,-0.06%
"Nov 30, 2001",47.93,47.96,48.01,47.89,-0.06%
"Oct 01, 2001",47.98,47.91,48.032,47.87,0.27%
"Oct 02, 2001",47.98,47.99,48.03,47.97,0.00%
"Oct 03, 2001",47.91,48.03,48.03,47.91,-0.15%
"Oct 04, 2001",47.99,48,48.045,47.85,0.17%
"Oct 05, 2001",48,48,48.072,47.98,0.02%
"Oct 08, 2001",48.13,48,48.26,48,0.27%
"Oct 09, 2001",48.12,48.14,48.222,48.12,-0.02%
"Oct 10, 2001",48.04,48.15,48.165,48.04,-0.17%
"Oct 11, 2001",48.04,48.05,48.13,48.03,0.00%
"Oct 12, 2001",48.02,48.04,48.09,48.02,-0.04%
"Oct 15, 2001",48.02,48.06,48.072,48,0.00%
"Oct 16, 2001",48,48.09,48.097,47.98,-0.04%
"Oct 17, 2001",48,48,48.05,47.95,0.00%
"Oct 18, 2001",48.03,47.95,48.08,47.95,0.06%
"Oct 19, 2001",48.03,48.05,48.107,48.02,0.00%
"Oct 22, 2001",48,48.08,48.087,47.95,-0.06%
"Oct 23, 2001",47.98,48.05,48.147,47.95,-0.04%
"Oct 24, 2001",48.03,48.03,48.087,48,0.10%
"Oct 25, 2001",48.01,48.06,48.105,48,-0.04%
"Oct 26, 2001",47.97,48.06,48.06,47.97,-0.08%
"Oct 29, 2001",47.97,48.05,48.052,47.95,0.00%
"Oct 30, 2001",47.98,48,48.048,47.97,0.02%
"Oct 31, 2001",47.99,48.03,48.042,47.72,0.02%
"Sep 03, 2001",47.15,47.145,47.19,47.145,0.06%
"Sep 04, 2001",47.15,47.15,47.22,47.12,0.00%
"Sep 05, 2001",47.15,47.18,47.217,47.12,0.00%
"Sep 06, 2001",47.17,47.16,47.227,47.13,0.04%
"Sep 07, 2001",47.22,47.18,47.315,47.13,0.11%
"Sep 10, 2001",47.33,47.26,47.402,47.13,0.23%
"Sep 11, 2001",47.41,47.37,47.527,47.34,0.17%
"Sep 12, 2001",47.44,47.34,47.5,47.34,0.06%
"Sep 13, 2001",47.54,47.5,47.615,47.45,0.21%
"Sep 14, 2001",47.8,47.55,47.88,47.55,0.55%
"Sep 17, 2001",47.845,47.825,47.875,47.775,0.09%
"Sep 18, 2001",47.97,47.8,48.07,47.8,0.26%
"Sep 19, 2001",48.01,47.9,48.1,47.89,0.08%
"Sep 20, 2001",47.98,48,48.135,47.85,-0.06%
"Sep 21, 2001",48.03,48.05,48.1,47.95,0.10%
"Sep 24, 2001",47.91,48,48.02,47.86,-0.25%
"Sep 25, 2001",47.86,47.91,47.972,47.86,-0.10%
"Sep 26, 2001",47.86,47.86,47.925,47.85,0.00%
"Sep 27, 2001",47.86,47.88,47.96,47.85,0.00%
"Sep 28, 2001",47.85,47.905,47.92,47.85,-0.02%
"Apr 01, 2002",48.78,48.78,48.78,48.78,0.00%
"Apr 02, 2002",48.8,48.78,48.877,48.77,0.04%
"Apr 03, 2002",48.86,48.8,48.99,48.79,0.12%
"Apr 04, 2002",48.87,48.86,48.98,48.84,0.02%
"Apr 05, 2002",48.81,48.87,48.907,48.79,-0.12%
"Apr 08, 2002",48.86,48.8,48.945,48.8,0.10%
"Apr 09, 2002",48.87,48.91,49.005,48.84,0.02%
"Apr 10, 2002",48.86,48.92,48.955,48.83,-0.02%
"Apr 11, 2002",48.88,48.93,48.98,48.84,0.04%
"Apr 12, 2002",48.89,48.91,48.985,48.875,0.02%
"Apr 15, 2002",48.91,48.96,48.99,48.91,0.04%
"Apr 16, 2002",48.91,48.96,48.992,48.91,0.00%
"Apr 17, 2002",48.91,48.96,49.012,48.91,0.00%
"Apr 18, 2002",48.88,48.96,48.99,48.88,-0.06%
"Apr 19, 2002",48.87,48.94,48.965,48.87,-0.02%
"Apr 22, 2002",48.9,48.92,48.982,48.87,0.06%
"Apr 23, 2002",48.96,48.94,49.045,48.94,0.12%
"Apr 24, 2002",48.95,49,49.102,48.95,-0.02%
"Apr 25, 2002",48.95,49.03,49.03,48.95,0.00%
"Apr 26, 2002",48.94,49,49.035,48.94,-0.02%
"Apr 29, 2002",48.96,49.015,49.037,48.93,0.04%
"Apr 30, 2002",48.93,48.99,49.05,48.9,-0.06%
"Aug 01, 2002",48.63,48.69,48.717,48.63,-0.02%
"Aug 02, 2002",48.63,48.68,48.707,48.63,0.00%
"Aug 05, 2002",48.62,48.69,48.697,48.62,-0.02%
"Aug 06, 2002",48.68,48.66,48.76,48.63,0.12%
"Aug 07, 2002",48.65,48.72,48.767,48.63,-0.06%
"Aug 08, 2002",48.63,48.68,48.715,48.63,-0.04%
"Aug 09, 2002",48.62,48.67,48.737,48.59,-0.02%
"Aug 12, 2002",48.59,48.66,48.685,48.59,-0.06%
"Aug 13, 2002",48.57,48.63,48.665,48.57,-0.04%
"Aug 14, 2002",48.58,48.62,48.67,48.55,0.02%
"Aug 15, 2002",48.58,48.65,48.65,48.56,0.00%
"Aug 16, 2002",48.55,48.63,48.635,48.53,-0.06%
"Aug 19, 2002",48.56,48.615,48.64,48.53,0.02%
"Aug 20, 2002",48.54,48.652,48.652,48.54,-0.04%
"Aug 21, 2002",48.51,48.58,48.62,48.51,-0.06%
"Aug 22, 2002",48.5,48.577,48.59,48.5,-0.02%
"Aug 23, 2002",48.5,48.57,48.59,48.5,0.00%
"Aug 26, 2002",48.5,48.56,48.567,48.462,0.00%
"Aug 27, 2002",48.48,48.53,48.565,48.45,-0.04%
"Aug 28, 2002",48.45,48.48,48.545,48.35,-0.06%
"Aug 29, 2002",48.49,48.5,48.59,48.45,0.08%
"Aug 30, 2002",48.47,48.58,48.585,48.47,-0.04%
"Dec 02, 2002",48.27,48.317,48.4,48.27,-0.08%
"Dec 03, 2002",48.23,48.27,48.332,48.23,-0.08%
"Dec 04, 2002",48.18,48.23,48.3,48.18,-0.10%
"Dec 05, 2002",48.22,48.18,48.307,48.18,0.08%
"Dec 06, 2002",48.19,48.22,48.325,48.15,-0.06%
"Dec 09, 2002",48.19,48.25,48.3,48.19,0.00%
"Dec 10, 2002",48.19,48.19,48.252,48.18,0.00%
"Dec 11, 2002",48.13,48.19,48.245,48.13,-0.12%
"Dec 12, 2002",48.17,48.13,48.285,48.13,0.08%
"Dec 13, 2002",48.15,48.17,48.247,48.15,-0.04%
"Dec 16, 2002",48.13,48.212,48.227,48.12,-0.04%
"Dec 17, 2002",48.11,48.17,48.192,48.05,-0.04%
"Dec 18, 2002",48.1,48.11,48.207,48.05,-0.02%
"Dec 19, 2002",48.06,48.1,48.192,48.06,-0.08%
"Dec 20, 2002",47.98,48.06,48.12,47.98,-0.17%
"Dec 23, 2002",47.98,48.02,48.06,47.98,0.00%
"Dec 24, 2002",47.99,47.98,48.085,47.98,0.02%
"Dec 25, 2002",47.99,47.99,47.99,47.99,0.00%
"Dec 26, 2002",48,48.067,48.085,48,0.02%
"Dec 27, 2002",47.96,48.05,48.08,47.96,-0.08%
"Dec 30, 2002",47.91,48.01,48.04,47.91,-0.10%
"Dec 31, 2002",47.95,47.91,48.075,47.91,0.08%
"Feb 01, 2002",48.5,48.51,48.605,48.5,-0.02%
"Feb 04, 2002",48.59,48.57,48.675,48.51,0.19%
"Feb 05, 2002",48.64,48.59,48.782,48.59,0.10%
"Feb 06, 2002",48.66,48.64,48.765,48.59,0.04%
"Feb 07, 2002",48.67,48.66,48.815,48.65,0.02%
"Feb 08, 2002",48.65,48.67,48.752,48.6,-0.04%
"Feb 11, 2002",48.7,48.7,48.775,48.65,0.10%
"Feb 12, 2002",48.64,48.7,48.76,48.64,-0.12%
"Feb 13, 2002",48.65,48.64,48.74,48.62,0.02%
"Feb 14, 2002",48.66,48.65,48.78,48.65,0.02%
"Feb 15, 2002",48.66,48.66,48.767,48.63,0.00%
"Feb 18, 2002",48.6,48.7,48.73,48.6,-0.12%
"Feb 19, 2002",48.62,48.66,48.727,48.62,0.04%
"Feb 20, 2002",48.59,48.62,48.687,48.59,-0.06%
"Feb 21, 2002",48.64,48.59,48.712,48.59,0.10%
"Feb 22, 2002",48.74,48.64,48.805,48.64,0.21%
"Feb 25, 2002",48.77,48.71,48.93,48.7,0.06%
"Feb 26, 2002",48.7,48.77,48.86,48.7,-0.14%
"Feb 27, 2002",48.71,48.7,48.84,48.7,0.02%
"Feb 28, 2002",48.71,48.71,48.87,48.71,0.00%
"Jan 02, 2002",48.22,48.3,48.367,48.22,0.00%
"Jan 03, 2002",48.23,48.3,48.31,48.077,0.02%
"Jan 04, 2002",48.23,48.3,48.35,48.23,0.00%
"Jan 07, 2002",48.22,48.25,48.307,48.22,-0.02%
"Jan 08, 2002",48.25,48.23,48.345,48.23,0.06%
"Jan 09, 2002",48.27,48.25,48.355,48.25,0.04%
"Jan 10, 2002",48.36,48.27,48.44,48.27,0.19%
"Jan 11, 2002",48.39,48.36,48.465,48.35,0.06%
"Jan 14, 2002",48.31,48.395,48.437,48.3,-0.17%
"Jan 15, 2002",48.26,48.31,48.38,48.26,-0.10%
"Jan 16, 2002",48.25,48.26,48.365,48.25,-0.02%
"Jan 17, 2002",48.27,48.25,48.445,48.25,0.04%
"Jan 18, 2002",48.22,48.27,48.362,48.22,-0.10%
"Jan 21, 2002",48.3,48.272,48.31,48.22,0.17%
"Jan 22, 2002",48.32,48.28,48.337,48.05,0.04%
"Jan 23, 2002",48.32,48.27,48.35,48.05,0.00%
"Jan 24, 2002",48.39,48.35,48.395,48.05,0.14%
"Jan 25, 2002",48.33,48.3,48.412,48.05,-0.12%
"Jan 28, 2002",48.32,48.38,48.4,48.32,-0.02%
"Jan 29, 2002",48.38,48.32,48.47,48.28,0.12%
"Jan 30, 2002",48.48,48.38,48.655,48.38,0.21%
"Jan 31, 2002",48.51,48.48,48.64,48.48,0.06%
"Jul 01, 2002",48.81,48.92,48.925,48.8,-0.10%
"Jul 02, 2002",48.82,48.85,48.905,48.78,0.02%
"Jul 03, 2002",48.78,48.84,48.887,48.75,-0.08%
"Jul 04, 2002",48.81,48.855,48.88,48.79,0.06%
"Jul 05, 2002",48.81,48.83,48.885,48.75,0.00%
"Jul 08, 2002",48.79,48.8,48.872,48.77,-0.04%
"Jul 09, 2002",48.77,48.82,48.87,48.77,-0.04%
"Jul 10, 2002",48.77,48.81,48.837,48.75,0.00%
"Jul 11, 2002",48.76,48.8,48.86,48.76,-0.02%
"Jul 12, 2002",48.75,48.83,48.835,48.75,-0.02%
"Jul 15, 2002",48.8,48.75,48.89,48.75,0.10%
"Jul 16, 2002",48.78,48.85,48.885,48.77,-0.04%
"Jul 17, 2002",48.76,48.81,48.837,48.76,-0.04%
"Jul 18, 2002",48.75,48.78,48.83,48.717,-0.02%
"Jul 19, 2002",48.7,48.815,48.815,48.7,-0.10%
"Jul 22, 2002",48.68,48.75,48.775,48.68,-0.04%
"Jul 23, 2002",48.67,48.71,48.76,48.65,-0.02%
"Jul 24, 2002",48.66,48.7,48.735,48.65,-0.02%
"Jul 25, 2002",48.66,48.71,48.735,48.64,0.00%
"Jul 26, 2002",48.66,48.7,48.732,48.64,0.00%
"Jul 29, 2002",48.71,48.71,48.8,48.65,0.10%
"Jul 30, 2002",48.69,48.77,48.825,48.65,-0.04%
"Jul 31, 2002",48.64,48.7,48.732,48.64,-0.10%
"Jun 03, 2002",49.02,49.05,49.102,48.97,0.02%
"Jun 04, 2002",49.02,49.04,49.105,49.02,0.00%
"Jun 05, 2002",49,49.06,49.1,48.97,-0.04%
"Jun 06, 2002",48.98,49.05,49.085,48.96,-0.04%
"Jun 07, 2002",49,49.02,49.077,49,0.04%
"Jun 10, 2002",48.97,49.03,49.065,48.97,-0.06%
"Jun 11, 2002",48.95,49.02,49.037,48.95,-0.04%
"Jun 12, 2002",48.95,48.99,49.035,48.95,0.00%
"Jun 13, 2002",48.99,48.99,49.062,48.98,0.08%
"Jun 14, 2002",48.98,49,49.08,48.97,-0.02%
"Jun 17, 2002",48.97,49.02,49.057,48.97,-0.02%
"Jun 18, 2002",48.94,49,49.052,48.94,-0.06%
"Jun 19, 2002",48.89,49.01,49.012,48.89,-0.10%
"Jun 20, 2002",48.89,48.96,48.97,48.89,0.00%
"Jun 21, 2002",48.9,48.8,48.98,48.8,0.02%
"Jun 24, 2002",48.86,48.94,48.957,48.86,-0.08%
"Jun 25, 2002",48.88,48.9,48.955,48.86,0.04%
"Jun 26, 2002",48.82,48.942,48.947,48.82,-0.12%
"Jun 27, 2002",48.81,48.915,48.925,48.81,-0.02%
"Jun 28, 2002",48.86,48.87,48.955,48.84,0.10%
"Mar 01, 2002",48.71,48.71,48.81,48.71,0.00%
"Mar 04, 2002",48.67,48.71,48.765,48.67,-0.08%
"Mar 05, 2002",48.67,48.67,48.772,48.65,0.00%
"Mar 06, 2002",48.66,48.67,48.752,48.65,-0.02%
"Mar 07, 2002",48.71,48.66,48.785,48.66,0.10%
"Mar 08, 2002",48.71,48.71,48.827,48.71,0.00%
"Mar 11, 2002",48.71,48.76,48.812,48.71,0.00%
"Mar 12, 2002",48.71,48.71,48.775,48.71,0.00%
"Mar 13, 2002",48.69,48.71,48.792,48.69,-0.04%
"Mar 14, 2002",48.69,48.69,48.792,48.68,0.00%
"Mar 15, 2002",48.68,48.69,48.78,48.68,-0.02%
"Mar 18, 2002",48.69,48.74,48.765,48.69,0.02%
"Mar 19, 2002",48.71,48.69,48.782,48.69,0.04%
"Mar 20, 2002",48.71,48.71,48.782,48.71,0.00%
"Mar 21, 2002",48.73,48.71,48.807,48.7,0.04%
"Mar 22, 2002",48.75,48.77,48.827,48.72,0.04%
"Mar 25, 2002",48.75,48.75,48.812,48.73,0.00%
"Mar 26, 2002",48.73,48.75,48.82,48.7,-0.04%
"Mar 27, 2002",48.78,48.73,48.9,48.73,0.10%
"Mar 28, 2002",48.78,48.78,48.855,48.78,0.00%
"Mar 29, 2002",48.78,48.78,48.78,48.78,0.00%
"May 01, 2002",48.93,48.97,48.988,48.91,0.00%
"May 02, 2002",48.93,49,49.012,48.9,0.00%
"May 03, 2002",48.95,49,49.035,48.94,0.04%
"May 06, 2002",48.92,49.025,49.05,48.9,-0.06%
"May 07, 2002",48.94,48.99,49.015,48.94,0.04%
"May 08, 2002",48.92,48.98,49.025,48.92,-0.04%
"May 09, 2002",48.94,48.96,49.022,48.94,0.04%
"May 10, 2002",48.97,48.97,49.05,48.96,0.06%
"May 13, 2002",48.98,49.01,49.072,48.98,0.02%
"May 14, 2002",48.97,49.045,49.072,48.97,-0.02%
"May 15, 2002",48.99,49.02,49.1,48.99,0.04%
"May 16, 2002",49,49.04,49.12,49,0.02%
"May 17, 2002",48.99,49.08,49.1,48.97,-0.02%
"May 20, 2002",49.01,49.05,49.11,49,0.04%
"May 21, 2002",48.96,49.07,49.097,48.96,-0.10%
"May 22, 2002",48.96,49,49.04,48.95,0.00%
"May 23, 2002",49.02,49,49.105,49,0.12%
"May 24, 2002",48.97,49.05,49.067,48.97,-0.10%
"May 27, 2002",48.95,49,49.045,48.95,-0.04%
"May 28, 2002",48.97,48.965,49.045,48.95,0.04%
"May 29, 2002",48.96,49.04,49.045,48.95,-0.02%
"May 30, 2002",48.98,48.99,49.057,48.95,0.04%
"May 31, 2002",49.01,49.05,49.092,48.96,0.06%
"Nov 01, 2002",48.31,48.34,48.4,48.3,-0.06%
"Nov 04, 2002",48.31,48.37,48.38,48.31,0.00%
"Nov 05, 2002",48.3,48.31,48.382,48.28,-0.02%
"Nov 06, 2002",48.31,48.3,48.382,48.3,0.02%
"Nov 07, 2002",48.29,48.31,48.392,48.29,-0.04%
"Nov 08, 2002",48.24,48.29,48.33,48.24,-0.10%
"Nov 11, 2002",48.23,48.27,48.315,48.23,-0.02%
"Nov 12, 2002",48.25,48.265,48.33,48.21,0.04%
"Nov 13, 2002",48.25,48.25,48.345,48.25,0.00%
"Nov 14, 2002",48.24,48.25,48.337,48.24,-0.02%
"Nov 15, 2002",48.18,48.24,48.3,48.17,-0.12%
"Nov 18, 2002",48.18,48.245,48.265,48.17,0.00%
"Nov 19, 2002",48.18,48.18,48.247,48.17,0.00%
"Nov 20, 2002",48.2,48.18,48.277,48.17,0.04%
"Nov 21, 2002",48.16,48.2,48.3,48.16,-0.08%
"Nov 22, 2002",48.17,48.16,48.255,48.16,0.02%
"Nov 25, 2002",48.18,48.247,48.262,48.18,0.02%
"Nov 26, 2002",48.19,48.18,48.272,48.18,0.02%
"Nov 27, 2002",48.22,48.19,48.295,48.19,0.06%
"Nov 28, 2002",48.27,48.282,48.315,48.27,0.10%
"Nov 29, 2002",48.31,48.3,48.385,48.27,0.08%
"Oct 01, 2002",48.34,48.39,48.43,48.305,-0.02%
"Oct 02, 2002",48.34,48.33,48.39,48.33,0.00%
"Oct 03, 2002",48.33,48.39,48.412,48.33,-0.02%
"Oct 04, 2002",48.33,48.35,48.415,48.33,0.00%
"Oct 07, 2002",48.34,48.38,48.412,48.33,0.02%
"Oct 08, 2002",48.34,48.34,48.42,48.33,0.00%
"Oct 09, 2002",48.3,48.38,48.39,48.29,-0.08%
"Oct 10, 2002",48.33,48.35,48.41,48.33,0.06%
"Oct 11, 2002",48.31,48.36,48.395,48.31,-0.04%
"Oct 14, 2002",48.31,48.34,48.395,48.31,0.00%
"Oct 15, 2002",48.31,48.31,48.38,48.25,0.00%
"Oct 16, 2002",48.36,48.34,48.447,48.34,0.10%
"Oct 17, 2002",48.37,48.41,48.452,48.33,0.02%
"Oct 18, 2002",48.39,48.41,48.462,48.39,0.04%
"Oct 21, 2002",48.33,48.442,48.442,48.33,-0.12%
"Oct 22, 2002",48.34,48.395,48.417,48.34,0.02%
"Oct 23, 2002",48.36,48.41,48.442,48.31,0.04%
"Oct 24, 2002",48.37,48.44,48.487,48.31,0.02%
"Oct 25, 2002",48.36,48.35,48.435,48.31,-0.02%
"Oct 28, 2002",48.4,48.39,48.48,48.34,0.08%
"Oct 29, 2002",48.36,48.4,48.53,48.34,-0.08%
"Oct 30, 2002",48.36,48.36,48.452,48.34,0.00%
"Oct 31, 2002",48.34,48.36,48.465,48.34,-0.04%
"Sep 02, 2002",48.45,48.52,48.535,48.45,-0.04%
"Sep 03, 2002",48.45,48.5,48.53,48.35,0.00%
"Sep 04, 2002",48.43,48.35,48.525,48.35,-0.04%
"Sep 05, 2002",48.45,48.44,48.53,48.35,0.04%
"Sep 06, 2002",48.52,48.48,48.63,48.48,0.14%
"Sep 09, 2002",48.47,48.6,48.61,48.47,-0.10%
"Sep 10, 2002",48.47,48.54,48.56,48.47,0.00%
"Sep 11, 2002",48.43,48.48,48.52,48.35,-0.08%
"Sep 12, 2002",48.43,48.47,48.522,48.35,0.00%
"Sep 13, 2002",48.42,48.46,48.497,48.41,-0.02%
"Sep 16, 2002",48.38,48.46,48.47,48.35,-0.08%
"Sep 17, 2002",48.4,48.43,48.48,48.4,0.04%
"Sep 18, 2002",48.38,48.43,48.46,48.38,-0.04%
"Sep 19, 2002",48.39,48.435,48.472,48.35,0.02%
"Sep 20, 2002",48.41,48.35,48.52,48.35,0.04%
"Sep 23, 2002",48.39,48.455,48.47,48.39,-0.04%
"Sep 24, 2002",48.37,48.42,48.465,48.35,-0.04%
"Sep 25, 2002",48.38,48.435,48.467,48.37,0.02%
"Sep 26, 2002",48.38,48.445,48.46,48.35,0.00%
"Sep 27, 2002",48.35,48.42,48.46,48.35,-0.06%
"Sep 30, 2002",48.35,48.4,48.42,48.35,0.00%
"Apr 01, 2003",47.475,47.455,47.475,47.375,-0.01%
"Apr 02, 2003",47.35,47.4,47.5,47.35,-0.26%
"Apr 03, 2003",47.38,47.41,47.462,47.3,0.06%
"Apr 04, 2003",47.39,47.44,47.455,47.37,0.02%
"Apr 07, 2003",47.39,47.41,47.46,47.38,0.00%
"Apr 08, 2003",47.4,47.42,47.487,47.4,0.02%
"Apr 09, 2003",47.4,47.35,47.53,47.35,0.00%
"Apr 10, 2003",47.35,47.4,47.517,47.3,-0.11%
"Apr 11, 2003",47.33,47.44,47.44,47.33,-0.04%
"Apr 14, 2003",47.405,47.335,47.405,47.305,0.16%
"Apr 15, 2003",47.31,47.35,47.41,47.31,-0.20%
"Apr 16, 2003",47.33,47.37,47.407,47.3,0.04%
"Apr 17, 2003",47.29,47.39,47.422,47.29,-0.08%
"Apr 18, 2003",47.29,47.29,47.29,47.29,0.00%
"Apr 21, 2003",47.33,47.36,47.407,47.33,0.08%
"Apr 22, 2003",47.29,47.36,47.425,47.29,-0.08%
"Apr 23, 2003",47.355,47.225,47.372,47.225,0.14%
"Apr 24, 2003",47.3,47.38,47.39,47.3,-0.12%
"Apr 25, 2003",47.32,47.37,47.42,47.32,0.04%
"Apr 28, 2003",47.3,47.43,47.435,47.3,-0.04%
"Apr 29, 2003",47.32,47.4,47.442,47.32,0.04%
"Apr 30, 2003",47.32,47.41,47.42,47.32,0.00%
"Aug 01, 2003",46.165,46.165,46.255,46.075,0.00%
"Aug 04, 2003",46.165,46.145,46.217,46.075,0.00%
"Aug 05, 2003",46.095,46.095,46.155,46.045,-0.15%
"Aug 06, 2003",46.065,46.085,46.135,45.985,-0.07%
"Aug 07, 2003",45.92,46.1,46.12,45.92,-0.31%
"Aug 08, 2003",45.99,45.96,46.052,45.9,0.15%
"Aug 11, 2003",45.965,45.965,46.065,45.905,-0.05%
"Aug 12, 2003",45.885,45.905,45.955,45.805,-0.17%
"Aug 13, 2003",45.885,45.835,45.952,45.805,0.00%
"Aug 14, 2003",45.885,45.825,45.915,45.815,0.00%
"Aug 15, 2003",45.915,45.925,45.925,45.825,0.07%
"Aug 18, 2003",45.85,45.9,45.925,45.8,-0.14%
"Aug 19, 2003",45.825,45.855,45.895,45.775,-0.05%
"Aug 20, 2003",45.85,45.82,45.93,45.75,0.05%
"Aug 21, 2003",45.855,45.805,45.905,45.725,0.01%
"Aug 22, 2003",45.825,45.815,45.922,45.755,-0.07%
"Aug 25, 2003",45.85,45.82,46.02,45.82,0.05%
"Aug 26, 2003",45.855,45.875,45.925,45.805,0.01%
"Aug 27, 2003",45.75,45.8,45.915,45.75,-0.23%
"Aug 28, 2003",45.86,45.81,45.882,45.8,0.24%
"Aug 29, 2003",45.86,45.8,45.9,45.72,0.00%
"Dec 01, 2003",45.735,45.755,45.825,45.685,-0.08%
"Dec 02, 2003",45.715,45.695,45.772,45.625,-0.04%
"Dec 03, 2003",45.615,45.615,45.695,45.535,-0.22%
"Dec 04, 2003",45.625,45.565,45.67,45.555,0.02%
"Dec 05, 2003",45.57,45.62,45.662,45.54,-0.12%
"Dec 08, 2003",45.52,45.55,45.605,45.45,-0.11%
"Dec 09, 2003",45.525,45.485,45.59,45.475,0.01%
"Dec 10, 2003",45.51,45.48,45.602,45.43,-0.03%
"Dec 11, 2003",45.51,45.46,45.587,45.46,0.00%
"Dec 12, 2003",45.52,45.5,45.58,45.48,0.02%
"Dec 15, 2003",45.535,45.515,45.6,45.485,0.03%
"Dec 16, 2003",45.53,45.55,45.575,45.42,-0.01%
"Dec 17, 2003",45.525,45.495,45.572,45.425,-0.01%
"Dec 18, 2003",45.515,45.485,45.555,45.435,-0.02%
"Dec 19, 2003",45.45,45.47,45.575,45.45,-0.14%
"Dec 22, 2003",45.525,45.475,45.62,45.465,0.17%
"Dec 23, 2003",45.475,45.515,45.655,45.465,-0.11%
"Dec 24, 2003",45.475,45.495,45.62,45.475,0.00%
"Dec 25, 2003",45.475,45.475,45.475,45.475,0.00%
"Dec 26, 2003",45.45,45.53,45.64,45.45,-0.05%
"Dec 29, 2003",45.57,45.53,45.73,45.48,0.26%
"Dec 30, 2003",45.525,45.585,45.745,45.465,-0.10%
"Dec 31, 2003",45.625,45.515,45.637,45.485,0.22%
"Feb 03, 2003",47.77,47.75,47.832,47.725,-0.06%
"Feb 04, 2003",47.75,47.82,47.84,47.75,-0.04%
"Feb 05, 2003",47.65,47.77,47.84,47.65,-0.21%
"Feb 06, 2003",47.65,47.75,47.805,47.65,0.00%
"Feb 07, 2003",47.67,47.75,47.792,47.67,0.04%
"Feb 10, 2003",47.575,47.71,47.727,47.575,-0.20%
"Feb 11, 2003",47.575,47.705,47.885,47.525,0.00%
"Feb 12, 2003",47.65,47.6,47.95,47.6,0.16%
"Feb 13, 2003",47.82,47.85,47.97,47.82,0.36%
"Feb 14, 2003",47.84,47.87,47.94,47.8,0.04%
"Feb 17, 2003",47.71,47.86,47.9,47.71,-0.27%
"Feb 18, 2003",47.65,47.78,47.805,47.65,-0.13%
"Feb 19, 2003",47.65,47.74,47.757,47.65,0.00%
"Feb 20, 2003",47.625,47.705,47.735,47.575,-0.05%
"Feb 21, 2003",47.625,47.575,47.772,47.525,0.00%
"Feb 24, 2003",47.665,47.685,47.762,47.645,0.08%
"Feb 25, 2003",47.63,47.76,47.812,47.63,-0.07%
"Feb 26, 2003",47.73,47.83,47.862,47.72,0.21%
"Feb 27, 2003",47.61,47.7,47.742,47.61,-0.25%
"Feb 28, 2003",47.61,47.68,47.737,47.61,0.00%
"Jan 01, 2003",48.013,48.013,48.013,48.013,0.13%
"Jan 02, 2003",48,48.052,48.08,48,-0.03%
"Jan 03, 2003",47.98,48,48.085,47.98,-0.04%
"Jan 06, 2003",47.96,48.02,48.06,47.96,-0.04%
"Jan 07, 2003",47.95,47.96,48.062,47.9,-0.02%
"Jan 08, 2003",47.95,47.95,48.037,47.89,0.00%
"Jan 09, 2003",47.91,47.95,48.037,47.91,-0.08%
"Jan 10, 2003",47.95,47.91,48.025,47.91,0.08%
"Jan 13, 2003",47.91,47.985,48.017,47.89,-0.08%
"Jan 14, 2003",47.9,47.91,47.982,47.85,-0.02%
"Jan 15, 2003",47.92,47.9,47.995,47.9,0.04%
"Jan 16, 2003",47.91,48.005,48.03,47.91,-0.02%
"Jan 17, 2003",47.91,47.91,47.99,47.91,0.00%
"Jan 20, 2003",47.92,47.96,47.997,47.92,0.02%
"Jan 21, 2003",47.92,47.95,48.012,47.92,0.00%
"Jan 22, 2003",47.88,47.92,47.99,47.85,-0.08%
"Jan 23, 2003",47.87,47.88,47.99,47.87,-0.02%
"Jan 24, 2003",47.85,47.92,47.972,47.85,-0.04%
"Jan 27, 2003",47.95,48.01,48.055,47.95,0.21%
"Jan 28, 2003",47.87,47.94,48.007,47.87,-0.17%
"Jan 29, 2003",47.95,48,48.03,47.88,0.17%
"Jan 30, 2003",47.8,47.83,47.872,47.75,-0.31%
"Jan 31, 2003",47.8,47.85,47.87,47.75,0.00%
"Jul 01, 2003",46.4,46.35,46.53,46.35,-0.02%
"Jul 02, 2003",46.36,46.44,46.575,46.31,-0.09%
"Jul 03, 2003",46.36,46.41,46.47,46.35,0.00%
"Jul 04, 2003",46.3,46.35,46.462,46.3,-0.13%
"Jul 07, 2003",46.29,46.32,46.38,46.29,-0.02%
"Jul 08, 2003",46.25,46.32,46.39,46.25,-0.09%
"Jul 09, 2003",46.245,46.255,46.325,46.165,-0.01%
"Jul 10, 2003",46.215,46.195,46.27,46.125,-0.06%
"Jul 11, 2003",46.05,46.2,46.25,46.05,-0.36%
"Jul 14, 2003",46.095,46.075,46.125,45.985,0.10%
"Jul 15, 2003",46.08,46.08,46.26,46.05,-0.03%
"Jul 16, 2003",46.16,46.17,46.4,46.12,0.17%
"Jul 17, 2003",46.18,46.2,46.32,46.18,0.04%
"Jul 18, 2003",46.2,46.21,46.32,46.2,0.04%
"Jul 21, 2003",46.22,46.25,46.335,46.22,0.04%
"Jul 22, 2003",46.1,46.27,46.335,46.1,-0.26%
"Jul 23, 2003",46.11,46.19,46.23,46.1,0.02%
"Jul 24, 2003",46.08,46.15,46.242,46.08,-0.07%
"Jul 25, 2003",46.115,46.075,46.187,46.055,0.08%
"Jul 28, 2003",46.125,46.085,46.18,46.065,0.02%
"Jul 29, 2003",46.08,46.13,46.225,46.08,-0.10%
"Jul 30, 2003",46.105,46.075,46.155,46.045,0.05%
"Jul 31, 2003",46.165,46.095,46.2,46.065,0.13%
"Jun 02, 2003",47.1,47.05,47.3,47.05,0.17%
"Jun 03, 2003",46.9,47.11,47.15,46.9,-0.42%
"Jun 04, 2003",46.8,46.85,46.985,46.8,-0.21%
"Jun 05, 2003",46.79,46.88,47.01,46.79,-0.02%
"Jun 06, 2003",46.83,46.89,46.95,46.83,0.09%
"Jun 09, 2003",46.82,46.89,46.985,46.82,-0.02%
"Jun 10, 2003",46.74,46.9,46.915,46.74,-0.17%
"Jun 11, 2003",46.65,46.75,46.867,46.65,-0.19%
"Jun 12, 2003",46.62,46.7,46.75,46.62,-0.06%
"Jun 13, 2003",46.65,46.68,46.805,46.55,0.06%
"Jun 16, 2003",46.61,46.74,46.8,46.61,-0.09%
"Jun 17, 2003",46.54,46.65,46.707,46.54,-0.15%
"Jun 18, 2003",46.52,46.57,46.657,46.52,-0.04%
"Jun 19, 2003",46.585,46.575,46.655,46.485,0.14%
"Jun 20, 2003",46.48,46.5,46.675,46.48,-0.23%
"Jun 23, 2003",46.61,46.53,46.745,46.53,0.28%
"Jun 24, 2003",46.52,46.66,46.765,46.52,-0.19%
"Jun 25, 2003",46.53,46.59,46.7,46.53,0.02%
"Jun 26, 2003",46.53,46.5,46.67,46.45,0.00%
"Jun 27, 2003",46.455,46.475,46.592,46.325,-0.16%
"Jun 30, 2003",46.41,46.44,46.547,46.35,-0.10%
"Mar 03, 2003",47.63,47.69,47.71,47.6,0.04%
"Mar 04, 2003",47.65,47.79,47.802,47.65,0.04%
"Mar 05, 2003",47.65,47.77,47.8,47.65,0.00%
"Mar 06, 2003",47.58,47.65,47.695,47.58,-0.15%
"Mar 07, 2003",47.65,47.765,47.83,47.65,0.15%
"Mar 10, 2003",47.65,47.66,47.73,47.63,0.00%
"Mar 11, 2003",47.59,47.6,47.707,47.55,-0.13%
"Mar 12, 2003",47.6,47.68,47.71,47.6,0.02%
"Mar 13, 2003",47.61,47.71,47.72,47.61,0.02%
"Mar 14, 2003",47.61,47.69,47.695,47.61,0.00%
"Mar 17, 2003",47.63,47.66,47.722,47.63,0.04%
"Mar 18, 2003",47.63,47.7,47.73,47.6,0.00%
"Mar 19, 2003",47.65,47.67,47.752,47.63,0.04%
"Mar 20, 2003",47.7,47.73,47.88,47.7,0.10%
"Mar 21, 2003",47.61,47.79,47.81,47.61,-0.19%
"Mar 24, 2003",47.675,47.675,47.705,47.525,0.14%
"Mar 25, 2003",47.59,47.68,47.717,47.58,-0.18%
"Mar 26, 2003",47.55,47.63,47.662,47.54,-0.08%
"Mar 27, 2003",47.5,47.64,47.68,47.5,-0.11%
"Mar 28, 2003",47.5,47.57,47.617,47.5,0.00%
"Mar 31, 2003",47.48,47.45,47.592,47.43,-0.04%
"May 01, 2003",47.3,47.375,47.38,47.3,-0.04%
"May 02, 2003",47.3,47.35,47.405,47.3,0.00%
"May 05, 2003",47.25,47.34,47.4,47.25,-0.11%
"May 06, 2003",47.23,47.33,47.365,47.23,-0.04%
"May 07, 2003",47.23,47.31,47.325,47.16,0.00%
"May 08, 2003",47.22,47.25,47.32,47.2,-0.02%
"May 09, 2003",47.15,47.24,47.3,47.15,-0.15%
"May 12, 2003",47.13,47.17,47.25,47.13,-0.04%
"May 13, 2003",47.1,47.16,47.23,47.1,-0.06%
"May 14, 2003",47.1,47.12,47.202,47.1,0.00%
"May 15, 2003",47.08,47.185,47.185,47.08,-0.04%
"May 16, 2003",47.07,47.1,47.18,47.07,-0.02%
"May 19, 2003",46.94,47.11,47.16,46.94,-0.28%
"May 20, 2003",46.9,46.95,47.035,46.88,-0.09%
"May 21, 2003",46.85,46.89,46.96,46.797,-0.11%
"May 22, 2003",46.86,46.86,46.985,46.84,0.02%
"May 23, 2003",46.82,46.87,47.03,46.82,-0.09%
"May 26, 2003",46.889,46.824,46.931,46.824,0.15%
"May 27, 2003",46.8,46.87,46.952,46.8,-0.19%
"May 28, 2003",46.905,46.885,47.065,46.885,0.22%
"May 29, 2003",47,46.94,47.112,46.94,0.20%
"May 30, 2003",47.02,47.01,47.15,47.01,0.04%
"Nov 03, 2003",45.31,45.25,45.355,45.24,-0.02%
"Nov 04, 2003",45.325,45.245,45.365,45.215,0.03%
"Nov 05, 2003",45.25,45.32,45.39,45.25,-0.17%
"Nov 06, 2003",45.25,45.33,45.36,45.25,0.00%
"Nov 07, 2003",45.3,45.31,45.33,45.18,0.11%
"Nov 10, 2003",45.215,45.265,45.335,45.205,-0.19%
"Nov 11, 2003",45.26,45.25,45.345,45.25,0.10%
"Nov 12, 2003",45.31,45.28,45.4,45.28,0.11%
"Nov 13, 2003",45.405,45.365,45.475,45.295,0.21%
"Nov 14, 2003",45.36,45.38,45.47,45.36,-0.10%
"Nov 17, 2003",45.495,45.375,45.625,45.375,0.30%
"Nov 18, 2003",45.55,45.5,45.69,45.5,0.12%
"Nov 19, 2003",45.63,45.58,45.655,45.485,0.18%
"Nov 20, 2003",45.735,45.555,45.825,45.555,0.23%
"Nov 21, 2003",45.715,45.785,45.965,45.695,-0.04%
"Nov 24, 2003",45.85,45.71,45.94,45.71,0.30%
"Nov 25, 2003",45.9,45.87,46.007,45.87,0.11%
"Nov 26, 2003",45.88,45.82,45.91,45.82,-0.04%
"Nov 27, 2003",45.895,45.895,45.955,45.895,0.03%
"Nov 28, 2003",45.77,45.87,46.02,45.77,-0.27%
"Oct 01, 2003",45.545,45.755,45.755,45.455,-0.23%
"Oct 02, 2003",45.5,45.55,45.61,45.4,-0.10%
"Oct 03, 2003",45.325,45.445,45.545,45.305,-0.38%
"Oct 06, 2003",45.385,45.445,45.487,45.345,0.13%
"Oct 07, 2003",45.28,45.36,45.425,45.27,-0.23%
"Oct 08, 2003",45.31,45.37,45.445,45.3,0.07%
"Oct 09, 2003",45.22,45.31,45.445,45.21,-0.20%
"Oct 10, 2003",45.38,45.2,45.482,45.2,0.35%
"Oct 13, 2003",45.41,45.31,45.45,45.31,0.07%
"Oct 14, 2003",45.655,45.315,45.705,45.315,0.54%
"Oct 15, 2003",45.64,45.62,45.81,45.59,-0.03%
"Oct 16, 2003",45.3,45.67,45.72,45.25,-0.74%
"Oct 17, 2003",45.305,45.285,45.435,45.255,0.01%
"Oct 20, 2003",45.32,45.28,45.41,45.27,0.03%
"Oct 21, 2003",45.31,45.3,45.402,45.27,-0.02%
"Oct 22, 2003",45.305,45.275,45.41,45.225,-0.01%
"Oct 23, 2003",45.275,45.275,45.382,45.265,-0.07%
"Oct 24, 2003",45.315,45.315,45.347,45.235,0.09%
"Oct 27, 2003",45.395,45.235,45.425,45.235,0.18%
"Oct 28, 2003",45.31,45.32,45.48,45.23,-0.19%
"Oct 29, 2003",45.3,45.31,45.372,45.26,-0.02%
"Oct 30, 2003",45.29,45.33,45.355,45.23,-0.02%
"Oct 31, 2003",45.32,45.22,45.335,45.22,0.07%
"Sep 01, 2003",45.83,45.86,45.902,45.83,-0.07%
"Sep 02, 2003",45.88,45.81,45.91,45.76,0.11%
"Sep 03, 2003",45.885,45.875,45.967,45.835,0.01%
"Sep 04, 2003",45.945,45.905,45.995,45.825,0.13%
"Sep 05, 2003",45.845,45.815,45.972,45.815,-0.22%
"Sep 08, 2003",45.835,45.845,45.97,45.745,-0.02%
"Sep 09, 2003",45.79,45.75,45.875,45.75,-0.10%
"Sep 10, 2003",45.7,45.75,45.84,45.7,-0.20%
"Sep 11, 2003",45.68,45.74,45.76,45.64,-0.04%
"Sep 12, 2003",45.75,45.7,45.875,45.66,0.15%
"Sep 15, 2003",45.755,45.805,45.842,45.745,0.01%
"Sep 16, 2003",45.85,45.75,45.95,45.75,0.21%
"Sep 17, 2003",45.9,45.75,46.002,45.75,0.11%
"Sep 18, 2003",45.95,45.94,46.12,45.92,0.11%
"Sep 19, 2003",45.89,45.98,46.002,45.89,-0.13%
"Sep 22, 2003",45.75,45.9,45.95,45.73,-0.31%
"Sep 23, 2003",45.83,45.7,45.85,45.7,0.17%
"Sep 24, 2003",45.755,45.755,45.895,45.745,-0.16%
"Sep 25, 2003",45.87,45.74,45.89,45.74,0.25%
"Sep 26, 2003",45.72,45.84,45.92,45.72,-0.33%
"Sep 29, 2003",45.79,45.76,45.92,45.7,0.15%
"Sep 30, 2003",45.65,45.8,45.81,45.65,-0.31%
"Apr 01, 2004",43.31,43.3,43.5,43.3,-0.09%
"Apr 02, 2004",43.6,43.35,43.835,43.35,0.67%
"Apr 05, 2004",43.62,43.7,43.82,43.62,0.05%
"Apr 06, 2004",43.62,43.66,43.82,43.62,0.00%
"Apr 07, 2004",43.48,43.68,43.79,43.45,-0.32%
"Apr 08, 2004",43.575,43.485,43.665,43.485,0.22%
"Apr 09, 2004",43.545,43.595,43.645,43.445,-0.07%
"Apr 12, 2004",43.615,43.565,43.715,43.565,0.16%
"Apr 13, 2004",43.71,43.6,43.865,43.55,0.22%
"Apr 14, 2004",43.85,43.75,43.85,43.65,0.32%
"Apr 15, 2004",43.97,43.76,44.01,43.67,0.27%
"Apr 16, 2004",43.77,43.91,44,43.77,-0.45%
"Apr 19, 2004",43.885,43.755,43.917,43.705,0.26%
"Apr 20, 2004",43.865,43.855,44.057,43.855,-0.05%
"Apr 21, 2004",44.015,43.985,44.105,43.885,0.34%
"Apr 22, 2004",44.165,44.025,44.19,44.025,0.34%
"Apr 23, 2004",44.06,44.11,44.24,43.99,-0.24%
"Apr 26, 2004",44.06,43.98,44.205,43.98,0.00%
"Apr 27, 2004",44.17,44.05,44.27,44.05,0.25%
"Apr 28, 2004",44.12,44.13,44.22,44.07,-0.11%
"Apr 29, 2004",44.385,44.105,44.475,44.105,0.60%
"Apr 30, 2004",44.47,44.37,44.56,44.35,0.19%
"Aug 02, 2004",46.275,46.425,46.48,46.275,-0.22%
"Aug 03, 2004",46.365,46.285,46.425,46.275,0.19%
"Aug 04, 2004",46.345,46.345,46.425,46.275,-0.04%
"Aug 05, 2004",46.33,46.32,46.41,46.27,-0.03%
"Aug 06, 2004",46.28,46.32,46.51,46.24,-0.11%
"Aug 09, 2004",46.35,46.2,46.47,46.2,0.15%
"Aug 10, 2004",46.325,46.335,46.515,46.285,-0.05%
"Aug 11, 2004",46.29,46.235,46.44,46.21,-0.08%
"Aug 12, 2004",46.185,46.325,46.355,46.135,-0.23%
"Aug 13, 2004",46.22,46.24,46.335,46.18,0.08%
"Aug 16, 2004",46.335,46.205,46.425,46.205,0.25%
"Aug 17, 2004",46.3,46.41,46.465,46.3,-0.08%
"Aug 18, 2004",46.3,46.31,46.455,46.3,0.00%
"Aug 19, 2004",46.25,46.3,46.402,46.25,-0.11%
"Aug 20, 2004",46.225,46.265,46.325,46.195,-0.05%
"Aug 23, 2004",46.2,46.2,46.32,46.2,-0.05%
"Aug 24, 2004",46.275,46.235,46.33,46.215,0.16%
"Aug 25, 2004",46.3,46.29,46.4,46.29,0.05%
"Aug 26, 2004",46.32,46.31,46.41,46.23,0.04%
"Aug 27, 2004",46.305,46.265,46.39,46.225,-0.03%
"Aug 30, 2004",46.345,46.235,46.467,46.185,0.09%
"Aug 31, 2004",46.315,46.39,46.415,46.285,-0.06%
"Dec 01, 2004",44.22,44.54,44.58,44.22,-0.63%
"Dec 02, 2004",44.095,44.365,44.385,44.025,-0.28%
"Dec 03, 2004",44.06,44.11,44.295,44.01,-0.08%
"Dec 06, 2004",43.475,44.075,44.075,43.375,-1.33%
"Dec 07, 2004",43.66,43.43,43.84,43.38,0.43%
"Dec 08, 2004",43.845,43.72,44.215,43.655,0.42%
"Dec 09, 2004",44.125,43.945,44.275,43.945,0.64%
"Dec 10, 2004",44.575,44.135,44.805,44.135,1.02%
"Dec 13, 2004",44.175,44.575,44.59,44.065,-0.90%
"Dec 14, 2004",43.995,44.145,44.245,43.995,-0.41%
"Dec 15, 2004",43.77,43.92,44.31,43.77,-0.51%
"Dec 16, 2004",43.8,43.82,43.997,43.73,0.07%
"Dec 17, 2004",43.81,43.77,44.13,43.76,0.02%
"Dec 20, 2004",43.885,43.785,43.985,43.785,0.17%
"Dec 21, 2004",43.745,43.855,43.905,43.675,-0.32%
"Dec 22, 2004",43.83,43.815,43.92,43.72,0.19%
"Dec 23, 2004",43.645,43.765,43.84,43.625,-0.42%
"Dec 24, 2004",43.65,43.67,43.86,43.65,0.01%
"Dec 27, 2004",43.795,43.695,43.895,43.695,0.33%
"Dec 28, 2004",43.695,43.785,43.825,43.625,-0.23%
"Dec 29, 2004",43.695,43.715,43.825,43.575,0.00%
"Dec 30, 2004",43.695,43.73,43.805,43.615,0.00%
"Dec 31, 2004",43.25,43.65,43.68,43.25,-1.02%
"Feb 02, 2004",45.275,45.245,45.332,45.245,0.01%
"Feb 03, 2004",45.295,45.245,45.32,45.235,0.04%
"Feb 04, 2004",45.27,45.25,45.365,45.24,-0.06%
"Feb 05, 2004",45.21,45.28,45.337,45.14,-0.13%
"Feb 06, 2004",45.285,45.255,45.317,45.185,0.17%
"Feb 09, 2004",45.21,45.27,45.31,45.14,-0.17%
"Feb 10, 2004",45.19,45.24,45.3,45.16,-0.04%
"Feb 11, 2004",45.195,45.215,45.31,45.195,0.01%
"Feb 12, 2004",45.215,45.215,45.262,45.155,0.04%
"Feb 13, 2004",45.19,45.24,45.315,45.18,-0.06%
"Feb 16, 2004",45.215,45.185,45.305,45.185,0.06%
"Feb 17, 2004",45.23,45.27,45.355,45.23,0.03%
"Feb 18, 2004",45.235,45.255,45.305,45.225,0.01%
"Feb 19, 2004",45.27,45.27,45.35,45.22,0.08%
"Feb 20, 2004",45.275,45.245,45.307,45.215,0.01%
"Feb 23, 2004",45.285,45.235,45.33,45.235,0.02%
"Feb 24, 2004",45.25,45.27,45.347,45.22,-0.08%
"Feb 25, 2004",45.2,45.26,45.322,45.2,-0.11%
"Feb 26, 2004",45.2,45.22,45.302,45.2,0.00%
"Feb 27, 2004",45.205,45.255,45.302,45.195,0.01%
"Jan 01, 2004",45.596,45.589,45.609,45.564,-0.06%
"Jan 02, 2004",45.64,45.55,45.76,45.55,0.10%
"Jan 05, 2004",45.59,45.64,45.737,45.54,-0.11%
"Jan 06, 2004",45.615,45.585,45.685,45.555,0.05%
"Jan 07, 2004",45.535,45.595,45.69,45.475,-0.18%
"Jan 08, 2004",45.505,45.525,45.61,45.485,-0.07%
"Jan 09, 2004",45.43,45.47,45.53,45.34,-0.16%
"Jan 12, 2004",45.37,45.42,45.5,45.37,-0.13%
"Jan 13, 2004",45.35,45.46,45.505,45.35,-0.04%
"Jan 14, 2004",45.37,45.445,45.49,45.37,0.04%
"Jan 15, 2004",45.43,45.46,45.46,45.33,0.13%
"Jan 16, 2004",45.4,45.5,45.52,45.37,-0.07%
"Jan 19, 2004",45.42,45.42,45.477,45.37,0.04%
"Jan 20, 2004",45.375,45.395,45.472,45.375,-0.10%
"Jan 21, 2004",45.35,45.39,45.46,45.35,-0.06%
"Jan 22, 2004",45.39,45.45,45.45,45.31,0.09%
"Jan 23, 2004",45.385,45.405,45.41,45.315,-0.01%
"Jan 26, 2004",45.32,45.31,45.36,45.18,-0.14%
"Jan 27, 2004",45.38,45.31,45.5,45.3,0.13%
"Jan 28, 2004",45.385,45.335,45.395,45.305,0.01%
"Jan 29, 2004",45.275,45.315,45.387,45.235,-0.24%
"Jan 30, 2004",45.27,45.28,45.355,45.23,-0.01%
"Jul 01, 2004",45.8,45.96,45.96,45.8,-0.38%
"Jul 02, 2004",45.7,45.85,46.01,45.7,-0.22%
"Jul 05, 2004",45.8,45.69,45.82,45.62,0.22%
"Jul 06, 2004",45.99,45.71,46.09,45.71,0.41%
"Jul 07, 2004",45.825,46.01,46.035,45.775,-0.36%
"Jul 08, 2004",45.715,45.805,45.905,45.685,-0.24%
"Jul 09, 2004",45.615,45.705,45.835,45.605,-0.22%
"Jul 12, 2004",45.675,45.605,45.75,45.605,0.13%
"Jul 13, 2004",45.82,45.64,45.91,45.64,0.32%
"Jul 14, 2004",45.91,45.885,46.035,45.83,0.20%
"Jul 15, 2004",46.05,45.9,46.235,45.9,0.30%
"Jul 16, 2004",45.8,46.02,46.26,45.8,-0.54%
"Jul 19, 2004",46.075,45.825,46.105,45.775,0.60%
"Jul 20, 2004",46.075,46.035,46.2,45.995,0.00%
"Jul 21, 2004",46.1,46.05,46.17,46.04,0.05%
"Jul 22, 2004",46.235,46.025,46.3,46.025,0.29%
"Jul 23, 2004",46.29,46.29,46.38,46.205,0.12%
"Jul 26, 2004",46.255,46.265,46.325,46.205,-0.08%
"Jul 27, 2004",46.195,46.285,46.295,46.155,-0.13%
"Jul 28, 2004",46.24,46.215,46.41,46.18,0.10%
"Jul 29, 2004",46.385,46.245,46.51,46.245,0.31%
"Jul 30, 2004",46.375,46.415,46.54,46.345,-0.02%
"Jun 01, 2004",45.38,45.45,45.512,45.38,-0.22%
"Jun 02, 2004",45.33,45.46,45.485,45.33,-0.11%
"Jun 03, 2004",45.15,45.34,45.4,45.15,-0.40%
"Jun 04, 2004",45.05,45.21,45.28,45.05,-0.22%
"Jun 07, 2004",45.02,45.02,45.12,44.97,-0.07%
"Jun 08, 2004",44.96,44.98,45.135,44.95,-0.13%
"Jun 09, 2004",44.93,44.99,45.03,44.89,-0.07%
"Jun 10, 2004",45.02,44.95,45.135,44.91,0.20%
"Jun 11, 2004",45.07,44.99,45.165,44.99,0.11%
"Jun 14, 2004",45.325,45.145,45.37,45.085,0.57%
"Jun 15, 2004",45.3,45.29,45.432,45.26,-0.06%
"Jun 16, 2004",45.34,45.28,45.47,45.28,0.09%
"Jun 17, 2004",45.475,45.315,45.565,45.315,0.30%
"Jun 18, 2004",45.57,45.41,45.685,45.41,0.21%
"Jun 21, 2004",45.86,45.58,45.97,45.57,0.64%
"Jun 22, 2004",46.18,45.84,46.275,45.84,0.70%
"Jun 23, 2004",45.675,46.175,46.345,45.625,-1.09%
"Jun 24, 2004",45.875,45.665,45.945,45.665,0.44%
"Jun 25, 2004",45.785,45.785,45.995,45.755,-0.20%
"Jun 28, 2004",45.905,45.775,45.975,45.745,0.26%
"Jun 29, 2004",46.035,45.855,46.145,45.855,0.28%
"Jun 30, 2004",45.975,46.025,46.115,45.925,-0.13%
"Mar 01, 2004",45.21,45.2,45.25,45.16,0.01%
"Mar 02, 2004",45.22,45.2,45.28,45.17,0.02%
"Mar 03, 2004",45.27,45.2,45.34,45.2,0.11%
"Mar 04, 2004",45.27,45.26,45.365,45.26,0.00%
"Mar 05, 2004",45.325,45.285,45.357,45.205,0.12%
"Mar 08, 2004",45.18,45.25,45.295,45.18,-0.32%
"Mar 09, 2004",45.18,45.21,45.265,45.18,0.00%
"Mar 10, 2004",45.2,45.22,45.285,45.19,0.04%
"Mar 11, 2004",45.21,45.18,45.287,45.18,0.02%
"Mar 12, 2004",45.27,45.27,45.332,45.2,0.13%
"Mar 15, 2004",45.22,45.23,45.265,45.17,-0.11%
"Mar 16, 2004",45.21,45.19,45.25,45.16,-0.02%
"Mar 17, 2004",45.19,45.21,45.287,45.18,-0.04%
"Mar 18, 2004",45.215,45.185,45.26,45.155,0.06%
"Mar 19, 2004",45.175,45.215,45.267,45.125,-0.09%
"Mar 22, 2004",45.04,45.14,45.195,45.03,-0.30%
"Mar 23, 2004",44.815,45.065,45.107,44.815,-0.50%
"Mar 24, 2004",44.725,44.875,44.91,44.725,-0.20%
"Mar 25, 2004",44.735,44.735,44.82,44.665,0.02%
"Mar 26, 2004",44.42,44.7,44.772,44.32,-0.70%
"Mar 29, 2004",43.995,44.405,44.425,43.885,-0.96%
"Mar 30, 2004",44.02,44,44.12,44,0.06%
"Mar 31, 2004",43.35,44.01,44.095,43.35,-1.52%
"May 03, 2004",44.83,44.48,45.05,44.42,0.81%
"May 04, 2004",44.57,44.72,44.86,44.57,-0.58%
"May 05, 2004",44.53,44.63,44.81,44.42,-0.09%
"May 06, 2004",44.61,44.53,44.73,44.53,0.18%
"May 07, 2004",44.61,44.53,44.77,44.53,0.00%
"May 10, 2004",44.95,44.6,45.12,44.55,0.76%
"May 11, 2004",45.32,44.94,45.51,44.92,0.82%
"May 12, 2004",45.3,45.3,45.51,45.25,-0.04%
"May 13, 2004",45.235,45.295,45.675,44.975,-0.14%
"May 14, 2004",45.52,45.2,45.73,45.2,0.63%
"May 17, 2004",45.45,45.52,46.01,45.42,-0.15%
"May 18, 2004",45.405,45.465,45.595,45.395,-0.10%
"May 19, 2004",45.14,45.42,45.42,45.08,-0.58%
"May 20, 2004",45.225,45.175,45.365,45.033,0.19%
"May 21, 2004",45.235,45.195,45.445,45.185,0.02%
"May 24, 2004",45.28,45.2,45.435,45.2,0.10%
"May 25, 2004",45.295,45.265,45.415,45.225,0.03%
"May 26, 2004",45.34,45.28,45.44,45.28,0.10%
"May 27, 2004",45.345,45.355,45.585,45.345,0.01%
"May 28, 2004",45.385,45.355,45.605,45.325,0.09%
"May 31, 2004",45.48,45.38,45.66,45.38,0.21%
"Nov 01, 2004",45.375,45.335,45.445,45.305,0.09%
"Nov 02, 2004",45.465,45.365,45.54,45.365,0.20%
"Nov 03, 2004",45.295,45.455,45.545,45.275,-0.37%
"Nov 04, 2004",45.105,45.325,45.41,45.005,-0.42%
"Nov 05, 2004",45.035,45.175,45.31,45.035,-0.16%
"Nov 08, 2004",45.11,45.19,45.23,44.98,0.17%
"Nov 09, 2004",45.115,45.075,45.25,45.025,0.01%
"Nov 10, 2004",45.105,45.115,45.207,45.065,-0.02%
"Nov 11, 2004",45.15,45.24,45.255,45.04,0.10%
"Nov 12, 2004",45.06,45.07,45.18,45.02,-0.20%
"Nov 15, 2004",45.045,45.065,45.095,44.935,-0.03%
"Nov 16, 2004",45.005,45.045,45.102,44.925,-0.09%
"Nov 17, 2004",45,45,45.09,44.89,-0.01%
"Nov 18, 2004",45.015,45.055,45.195,44.975,0.03%
"Nov 19, 2004",45.05,45.01,45.185,44.93,0.08%
"Nov 22, 2004",44.92,45.02,45.12,44.92,-0.29%
"Nov 23, 2004",45.015,45.005,45.122,44.925,0.21%
"Nov 24, 2004",45.005,44.995,45.1,44.965,-0.02%
"Nov 25, 2004",45.02,45.01,45.1,44.95,0.03%
"Nov 26, 2004",44.945,44.975,45.025,44.925,-0.17%
"Nov 29, 2004",44.67,44.99,45.09,44.6,-0.61%
"Nov 30, 2004",44.5,44.76,44.825,44.5,-0.38%
"Oct 01, 2004",45.855,45.935,45.98,45.845,-0.15%
"Oct 04, 2004",45.79,45.84,45.955,45.78,-0.14%
"Oct 05, 2004",45.83,45.81,45.905,45.81,0.09%
"Oct 06, 2004",45.835,45.805,45.947,45.785,0.01%
"Oct 07, 2004",45.845,45.805,45.925,45.755,0.02%
"Oct 08, 2004",45.775,45.795,45.875,45.705,-0.15%
"Oct 11, 2004",45.78,45.72,45.86,45.72,0.01%
"Oct 12, 2004",45.84,45.81,45.907,45.77,0.13%
"Oct 13, 2004",45.815,45.825,45.875,45.775,-0.05%
"Oct 14, 2004",45.795,45.785,45.905,45.775,-0.04%
"Oct 15, 2004",45.795,45.875,45.9,45.775,0.00%
"Oct 18, 2004",45.815,45.785,45.87,45.765,0.04%
"Oct 19, 2004",45.775,45.795,45.86,45.725,-0.09%
"Oct 20, 2004",45.775,45.725,45.83,45.655,0.00%
"Oct 21, 2004",45.715,45.725,45.81,45.665,-0.13%
"Oct 22, 2004",45.715,45.675,45.745,45.645,0.00%
"Oct 25, 2004",45.6,45.65,45.73,45.58,-0.25%
"Oct 26, 2004",45.64,45.645,45.73,45.54,0.09%
"Oct 27, 2004",45.595,45.725,45.765,45.525,-0.10%
"Oct 28, 2004",45.44,45.56,45.64,45.44,-0.34%
"Oct 29, 2004",45.335,45.495,45.587,45.305,-0.23%
"Sep 01, 2004",46.29,46.28,46.367,46.28,-0.05%
"Sep 02, 2004",46.305,46.295,46.37,46.255,0.03%
"Sep 03, 2004",46.285,46.275,46.345,46.225,-0.04%
"Sep 06, 2004",46.28,46.25,46.36,46.25,-0.01%
"Sep 07, 2004",46.315,46.275,46.402,46.275,0.08%
"Sep 08, 2004",46.3,46.39,46.4,46.29,-0.03%
"Sep 09, 2004",46.285,46.275,46.345,46.225,-0.03%
"Sep 10, 2004",46.22,46.26,46.305,46.19,-0.14%
"Sep 13, 2004",46.145,46.225,46.265,46.025,-0.16%
"Sep 14, 2004",45.775,46.165,46.165,45.755,-0.80%
"Sep 15, 2004",45.81,45.83,45.95,45.74,0.08%
"Sep 16, 2004",45.805,45.805,46.015,45.795,-0.01%
"Sep 17, 2004",45.845,45.855,45.947,45.775,0.09%
"Sep 20, 2004",45.835,45.805,46,45.805,-0.02%
"Sep 21, 2004",45.785,45.835,45.9,45.775,-0.11%
"Sep 22, 2004",45.83,45.79,45.89,45.79,0.10%
"Sep 23, 2004",45.845,45.835,45.985,45.835,0.03%
"Sep 24, 2004",45.83,45.82,45.965,45.82,-0.03%
"Sep 27, 2004",45.905,45.915,45.995,45.855,0.16%
"Sep 28, 2004",46.045,45.895,46.135,45.895,0.30%
"Sep 29, 2004",45.965,46.1,46.225,45.925,-0.17%
"Sep 30, 2004",45.925,46.005,46.005,45.845,-0.09%
"Apr 01, 2005",43.675,43.705,43.795,43.575,0.00%
"Apr 04, 2005",43.75,43.63,43.825,43.61,0.17%
"Apr 05, 2005",43.76,43.7,43.9,43.7,0.02%
"Apr 06, 2005",43.72,43.73,43.835,43.69,-0.09%
"Apr 07, 2005",43.695,43.695,43.832,43.665,-0.06%
"Apr 08, 2005",43.68,43.68,43.85,43.66,-0.03%
"Apr 11, 2005",43.645,43.615,43.775,43.615,-0.08%
"Apr 12, 2005",43.695,43.79,43.86,43.625,0.11%
"Apr 13, 2005",43.73,43.72,43.785,43.61,0.08%
"Apr 14, 2005",43.74,43.64,43.75,43.64,0.02%
"Apr 15, 2005",43.77,43.63,43.895,43.63,0.07%
"Apr 18, 2005",43.695,43.735,43.875,43.695,-0.17%
"Apr 19, 2005",43.75,43.62,43.82,43.62,0.13%
"Apr 20, 2005",43.735,43.655,43.797,43.615,-0.03%
"Apr 21, 2005",43.725,43.625,43.78,43.605,-0.02%
"Apr 22, 2005",43.66,43.7,43.79,43.65,-0.15%
"Apr 25, 2005",43.67,43.63,43.811,43.62,0.02%
"Apr 26, 2005",43.675,43.595,43.724,43.585,0.01%
"Apr 27, 2005",43.71,43.695,43.79,43.55,0.08%
"Apr 28, 2005",43.65,43.63,43.78,43.6,-0.14%
"Apr 29, 2005",43.43,43.62,43.75,43.43,-0.50%
"Aug 01, 2005",43.41,43.42,43.51,43.35,-0.07%
"Aug 02, 2005",43.485,43.365,43.572,43.355,0.17%
"Aug 03, 2005",43.405,43.465,43.57,43.395,-0.18%
"Aug 04, 2005",43.485,43.375,43.567,43.355,0.18%
"Aug 05, 2005",43.455,43.465,43.557,43.435,-0.07%
"Aug 08, 2005",43.48,43.41,43.585,43.41,0.06%
"Aug 09, 2005",43.51,43.47,43.63,43.47,0.07%
"Aug 10, 2005",43.5,43.48,43.62,43.48,-0.02%
"Aug 11, 2005",43.55,43.5,43.655,43.5,0.11%
"Aug 12, 2005",43.495,43.505,43.635,43.485,-0.13%
"Aug 15, 2005",43.48,43.47,43.59,43.44,-0.03%
"Aug 16, 2005",43.48,43.46,43.58,43.46,0.00%
"Aug 17, 2005",43.505,43.455,43.62,43.435,0.06%
"Aug 18, 2005",43.53,43.47,43.615,43.47,0.06%
"Aug 19, 2005",43.545,43.495,43.615,43.475,0.03%
"Aug 22, 2005",43.575,43.525,43.665,43.495,0.07%
"Aug 23, 2005",43.625,43.555,43.765,43.545,0.11%
"Aug 24, 2005",43.715,43.575,43.795,43.555,0.21%
"Aug 25, 2005",43.675,43.665,43.81,43.625,-0.09%
"Aug 26, 2005",43.64,43.65,43.797,43.64,-0.08%
"Aug 29, 2005",43.845,43.67,43.93,43.625,0.47%
"Aug 30, 2005",44.015,43.845,44.195,43.835,0.39%
"Aug 31, 2005",44.015,43.955,44.185,43.925,0.00%
"Dec 01, 2005",45.945,45.855,46.105,45.785,0.12%
"Dec 02, 2005",46.125,45.925,46.26,45.825,0.39%
"Dec 05, 2005",46.265,46.105,46.412,46.045,0.30%
"Dec 06, 2005",46.135,46.225,46.31,46.125,-0.28%
"Dec 07, 2005",46.18,46.14,46.27,46.02,0.10%
"Dec 08, 2005",46.195,46.145,46.395,46.065,0.03%
"Dec 09, 2005",46.125,46.175,46.27,46.075,-0.15%
"Dec 12, 2005",46.025,46.105,46.242,46.025,-0.22%
"Dec 13, 2005",46.045,45.985,46.135,45.945,0.04%
"Dec 14, 2005",45.655,45.975,45.975,45.575,-0.85%
"Dec 15, 2005",45.29,45.52,45.68,45.29,-0.80%
"Dec 16, 2005",45.26,45.3,45.54,45.19,-0.07%
"Dec 19, 2005",44.975,45.225,45.375,44.945,-0.63%
"Dec 20, 2005",45.15,44.91,45.37,44.85,0.39%
"Dec 21, 2005",45.18,45.14,45.42,45.02,0.07%
"Dec 22, 2005",45.13,45.12,45.41,45.06,-0.11%
"Dec 23, 2005",45.125,45.125,45.25,45.075,-0.01%
"Dec 26, 2005",45.045,45.115,45.135,45.008,-0.18%
"Dec 27, 2005",45.195,45.025,45.28,44.985,0.33%
"Dec 28, 2005",45.095,45.165,45.36,45.085,-0.22%
"Dec 29, 2005",45.12,45.05,45.205,45.01,0.06%
"Dec 30, 2005",44.995,45.105,45.14,44.965,-0.28%
"Feb 01, 2005",43.66,43.66,43.767,43.66,0.03%
"Feb 02, 2005",43.335,43.73,43.73,43.285,-0.74%
"Feb 03, 2005",43.315,43.295,43.445,43.295,-0.05%
"Feb 04, 2005",43.37,43.33,43.56,43.28,0.13%
"Feb 07, 2005",43.44,43.37,43.645,43.37,0.16%
"Feb 08, 2005",43.67,43.4,43.765,43.4,0.53%
"Feb 09, 2005",43.625,43.705,43.757,43.605,-0.10%
"Feb 10, 2005",43.76,43.71,43.9,43.66,0.31%
"Feb 11, 2005",43.78,43.77,43.925,43.69,0.05%
"Feb 14, 2005",43.7,43.82,43.82,43.64,-0.18%
"Feb 15, 2005",43.775,43.725,43.895,43.665,0.17%
"Feb 16, 2005",43.695,43.725,43.855,43.655,-0.18%
"Feb 17, 2005",43.675,43.645,43.817,43.635,-0.05%
"Feb 18, 2005",43.785,43.695,43.9,43.695,0.25%
"Feb 21, 2005",43.77,43.77,43.9,43.76,-0.03%
"Feb 22, 2005",43.69,43.74,43.81,43.63,-0.18%
"Feb 23, 2005",43.645,43.645,43.765,43.635,-0.10%
"Feb 24, 2005",43.62,43.6,43.785,43.6,-0.06%
"Feb 25, 2005",43.645,43.585,43.765,43.585,0.06%
"Feb 28, 2005",43.635,43.645,43.75,43.625,-0.02%
"Jan 03, 2005",43.4,43.42,43.71,43.35,0.35%
"Jan 04, 2005",43.495,43.335,43.615,43.315,0.22%
"Jan 05, 2005",43.53,43.4,43.87,43.36,0.08%
"Jan 06, 2005",43.875,43.695,43.985,43.665,0.79%
"Jan 07, 2005",43.75,43.88,43.985,43.66,-0.28%
"Jan 10, 2005",43.89,43.68,44.11,43.68,0.32%
"Jan 11, 2005",43.725,43.835,43.88,43.585,-0.38%
"Jan 12, 2005",43.56,43.69,43.86,43.56,-0.38%
"Jan 13, 2005",43.505,43.635,43.785,43.435,-0.13%
"Jan 14, 2005",43.605,43.525,43.9,43.515,0.23%
"Jan 17, 2005",43.6,43.65,43.8,43.51,-0.01%
"Jan 18, 2005",43.69,43.59,43.835,43.59,0.21%
"Jan 19, 2005",43.65,43.67,43.832,43.59,-0.09%
"Jan 20, 2005",43.73,43.64,43.865,43.64,0.18%
"Jan 21, 2005",43.665,43.705,43.765,43.615,-0.15%
"Jan 24, 2005",43.695,43.675,43.805,43.625,0.07%
"Jan 25, 2005",43.71,43.69,43.872,43.67,0.03%
"Jan 26, 2005",43.7,43.68,43.79,43.67,-0.02%
"Jan 27, 2005",43.715,43.685,43.855,43.665,0.03%
"Jan 28, 2005",43.68,43.71,43.86,43.62,-0.08%
"Jan 31, 2005",43.645,43.655,43.795,43.635,-0.08%
"Jul 01, 2005",43.55,43.45,43.585,43.43,0.15%
"Jul 04, 2005",43.545,43.455,43.6,43.405,-0.01%
"Jul 05, 2005",43.55,43.5,43.647,43.43,0.01%
"Jul 06, 2005",43.555,43.495,43.612,43.435,0.01%
"Jul 07, 2005",43.59,43.54,43.725,43.45,0.08%
"Jul 08, 2005",43.59,43.57,43.692,43.52,0.00%
"Jul 11, 2005",43.54,43.55,43.62,43.52,-0.11%
"Jul 12, 2005",43.535,43.505,43.672,43.445,-0.01%
"Jul 13, 2005",43.575,43.455,43.575,43.435,0.09%
"Jul 14, 2005",43.52,43.5,43.59,43.41,-0.13%
"Jul 15, 2005",43.505,43.465,43.562,43.415,-0.03%
"Jul 18, 2005",43.515,43.52,43.617,43.395,0.02%
"Jul 19, 2005",43.55,43.48,43.65,43.41,0.08%
"Jul 20, 2005",43.505,43.485,43.587,43.415,-0.10%
"Jul 21, 2005",43.19,43.49,43.557,43.19,-0.72%
"Jul 22, 2005",43.5,43.05,43.56,43.05,0.72%
"Jul 25, 2005",43.505,43.415,43.595,43.415,0.01%
"Jul 26, 2005",43.435,43.475,43.61,43.385,-0.16%
"Jul 27, 2005",43.39,43.41,43.52,43.38,-0.10%
"Jul 28, 2005",43.37,43.39,43.495,43.37,-0.05%
"Jul 29, 2005",43.44,43.36,43.56,43.36,0.16%
"Jun 01, 2005",43.73,43.705,43.85,43.67,0.07%
"Jun 02, 2005",43.655,43.675,43.805,43.615,-0.17%
"Jun 03, 2005",43.595,43.615,43.715,43.535,-0.14%
"Jun 06, 2005",43.6,43.55,43.635,43.5,0.01%
"Jun 07, 2005",43.555,43.525,43.575,43.455,-0.10%
"Jun 08, 2005",43.49,43.49,43.572,43.42,-0.15%
"Jun 09, 2005",43.495,43.375,43.59,43.375,0.01%
"Jun 10, 2005",43.51,43.47,43.595,43.42,0.03%
"Jun 13, 2005",43.625,43.465,43.715,43.435,0.26%
"Jun 14, 2005",43.595,43.585,43.7,43.495,-0.07%
"Jun 15, 2005",43.635,43.555,43.7,43.485,0.09%
"Jun 16, 2005",43.585,43.585,43.697,43.495,-0.11%
"Jun 17, 2005",43.515,43.525,43.615,43.455,-0.16%
"Jun 20, 2005",43.54,43.5,43.632,43.46,0.06%
"Jun 21, 2005",43.5,43.5,43.66,43.43,-0.09%
"Jun 22, 2005",43.48,43.5,43.592,43.46,-0.05%
"Jun 23, 2005",43.5,43.48,43.63,43.43,0.05%
"Jun 24, 2005",43.515,43.475,43.63,43.425,0.03%
"Jun 27, 2005",43.49,43.47,43.565,43.42,-0.06%
"Jun 28, 2005",43.485,43.425,43.575,43.375,-0.01%
"Jun 29, 2005",43.53,43.46,43.605,43.42,0.10%
"Jun 30, 2005",43.485,43.495,43.572,43.435,-0.10%
"Mar 01, 2005",43.65,43.67,43.78,43.55,0.03%
"Mar 02, 2005",43.7,43.6,43.782,43.6,0.11%
"Mar 03, 2005",43.665,43.655,43.795,43.635,-0.08%
"Mar 04, 2005",43.63,43.61,43.805,43.61,-0.08%
"Mar 07, 2005",43.66,43.61,43.79,43.6,0.07%
"Mar 08, 2005",43.605,43.595,43.725,43.565,-0.13%
"Mar 09, 2005",43.56,43.6,43.795,43.56,-0.10%
"Mar 10, 2005",43.51,43.56,43.71,43.51,-0.11%
"Mar 11, 2005",43.455,43.505,43.665,43.455,-0.13%
"Mar 14, 2005",43.48,43.51,43.632,43.48,0.06%
"Mar 15, 2005",43.49,43.51,43.68,43.49,0.02%
"Mar 16, 2005",43.555,43.475,43.72,43.475,0.15%
"Mar 17, 2005",43.595,43.495,43.745,43.475,0.09%
"Mar 18, 2005",43.59,43.56,43.735,43.49,-0.01%
"Mar 21, 2005",43.68,43.61,43.792,43.59,0.21%
"Mar 22, 2005",43.71,43.64,43.815,43.62,0.07%
"Mar 23, 2005",43.73,43.67,43.865,43.64,0.05%
"Mar 24, 2005",43.705,43.775,43.885,43.685,-0.06%
"Mar 25, 2005",43.665,43.685,43.765,43.665,-0.09%
"Mar 28, 2005",43.725,43.715,43.872,43.635,0.14%
"Mar 29, 2005",43.74,43.855,43.91,43.74,0.03%
"Mar 30, 2005",43.72,43.74,43.902,43.71,-0.05%
"Mar 31, 2005",43.675,43.695,43.825,43.645,-0.10%
"May 02, 2005",43.575,43.615,43.645,43.455,0.33%
"May 03, 2005",43.59,43.48,43.635,43.44,0.03%
"May 04, 2005",43.51,43.55,43.62,43.37,-0.18%
"May 05, 2005",43.405,43.365,43.497,43.335,-0.24%
"May 06, 2005",43.455,43.375,43.495,43.285,0.12%
"May 09, 2005",43.47,43.33,43.56,43.29,0.03%
"May 10, 2005",43.37,43.35,43.512,43.33,-0.23%
"May 11, 2005",43.315,43.335,43.46,43.165,-0.13%
"May 12, 2005",43.375,43.315,43.455,43.315,0.14%
"May 13, 2005",43.43,43.452,43.48,43.35,0.13%
"May 16, 2005",43.495,43.355,43.537,43.355,0.15%
"May 17, 2005",43.465,43.435,43.535,43.375,-0.07%
"May 18, 2005",43.48,43.45,43.67,43.41,0.03%
"May 19, 2005",43.44,43.44,43.512,43.37,-0.09%
"May 20, 2005",43.48,43.41,43.55,43.36,0.09%
"May 23, 2005",43.49,43.41,43.58,43.39,0.02%
"May 24, 2005",43.48,43.44,43.64,43.4,-0.02%
"May 25, 2005",43.495,43.445,43.585,43.435,0.03%
"May 26, 2005",43.525,43.435,43.576,43.425,0.07%
"May 27, 2005",43.505,43.435,43.565,43.425,-0.05%
"May 30, 2005",43.58,43.42,43.612,43.42,0.17%
"May 31, 2005",43.7,43.54,43.828,43.52,0.28%
"Nov 01, 2005",45.085,45.025,45.115,45.025,0.03%
"Nov 02, 2005",45.195,45.025,45.315,45.025,0.24%
"Nov 03, 2005",45.255,45.165,45.375,45.135,0.13%
"Nov 04, 2005",45.47,45.23,45.567,45.19,0.48%
"Nov 07, 2005",45.835,45.515,45.94,45.375,0.80%
"Nov 08, 2005",45.715,45.775,46.055,45.715,-0.26%
"Nov 09, 2005",45.705,45.675,45.885,45.645,-0.02%
"Nov 10, 2005",45.705,45.625,45.855,45.625,0.00%
"Nov 11, 2005",45.555,45.655,45.885,45.555,-0.33%
"Nov 14, 2005",45.685,45.685,45.805,45.595,0.29%
"Nov 15, 2005",45.665,45.575,45.795,45.515,-0.04%
"Nov 16, 2005",45.73,45.59,45.845,45.59,0.14%
"Nov 17, 2005",45.665,45.705,45.82,45.655,-0.14%
"Nov 18, 2005",45.725,45.625,45.83,45.605,0.13%
"Nov 21, 2005",45.675,45.695,45.815,45.625,-0.11%
"Nov 22, 2005",45.78,45.69,45.905,45.63,0.23%
"Nov 23, 2005",45.725,45.755,45.805,45.685,-0.12%
"Nov 24, 2005",45.7,45.66,45.76,45.62,-0.05%
"Nov 25, 2005",45.765,45.675,45.852,45.585,0.14%
"Nov 28, 2005",45.875,45.705,46.04,45.675,0.24%
"Nov 29, 2005",45.85,45.84,45.97,45.74,-0.05%
"Nov 30, 2005",45.89,45.83,45.995,45.73,0.09%
"Oct 03, 2005",44.05,43.92,44.187,43.9,0.22%
"Oct 04, 2005",44.15,44.02,44.275,44.01,0.23%
"Oct 05, 2005",44.175,44.105,44.375,44.095,0.06%
"Oct 06, 2005",44.215,44.185,44.315,44.135,0.09%
"Oct 07, 2005",44.365,44.175,44.45,44.145,0.34%
"Oct 10, 2005",44.76,44.45,44.77,44.45,0.89%
"Oct 11, 2005",44.79,44.65,45.002,44.63,0.07%
"Oct 12, 2005",44.775,44.785,44.815,44.705,-0.03%
"Oct 13, 2005",44.905,44.995,44.995,44.875,0.29%
"Oct 14, 2005",44.795,44.845,44.965,44.765,-0.24%
"Oct 17, 2005",44.84,44.74,44.94,44.73,0.10%
"Oct 18, 2005",45.095,44.775,45.255,44.745,0.57%
"Oct 19, 2005",45.115,45.045,45.43,45.035,0.04%
"Oct 20, 2005",45.175,45.075,45.275,45.035,0.13%
"Oct 21, 2005",45.04,45.13,45.22,44.99,-0.30%
"Oct 24, 2005",45.075,45.025,45.245,44.965,0.08%
"Oct 25, 2005",44.975,45.025,45.205,44.945,-0.22%
"Oct 26, 2005",45.035,44.935,45.105,44.935,0.13%
"Oct 27, 2005",45.015,44.975,45.115,44.935,-0.04%
"Oct 28, 2005",45.045,44.985,45.185,44.935,0.07%
"Oct 31, 2005",45.07,45,45.19,44.98,0.06%
"Sep 01, 2005",43.965,44.015,44.16,43.925,-0.11%
"Sep 02, 2005",43.85,43.97,44.02,43.85,-0.26%
"Sep 05, 2005",43.815,43.765,43.815,43.705,-0.08%
"Sep 06, 2005",43.84,43.74,44,43.73,0.06%
"Sep 07, 2005",43.825,43.825,43.925,43.805,-0.03%
"Sep 08, 2005",43.8,43.78,43.905,43.74,-0.06%
"Sep 09, 2005",43.795,43.745,43.91,43.735,-0.01%
"Sep 12, 2005",43.81,43.73,43.867,43.72,0.03%
"Sep 13, 2005",43.855,43.735,43.935,43.725,0.10%
"Sep 14, 2005",43.845,43.785,43.975,43.785,-0.02%
"Sep 15, 2005",43.83,43.78,43.985,43.78,-0.03%
"Sep 16, 2005",43.845,43.805,43.93,43.765,0.03%
"Sep 19, 2005",43.855,43.845,43.965,43.845,0.02%
"Sep 20, 2005",43.845,43.925,43.95,43.845,-0.02%
"Sep 21, 2005",43.87,43.81,43.965,43.81,0.06%
"Sep 22, 2005",43.875,43.825,43.96,43.785,0.01%
"Sep 23, 2005",43.905,43.825,43.985,43.825,0.07%
"Sep 26, 2005",43.9,44,44.015,43.9,-0.01%
"Sep 27, 2005",44.015,43.845,44.075,43.845,0.26%
"Sep 28, 2005",44.005,44.035,44.125,43.895,-0.02%
"Sep 29, 2005",43.975,43.905,44.055,43.895,-0.07%
"Sep 30, 2005",43.955,43.895,43.975,43.895,-0.05%
"Apr 03, 2006",44.41,44.47,44.65,44.41,-0.20%
"Apr 04, 2006",44.6,44.41,44.735,44.41,0.43%
"Apr 05, 2006",44.44,44.57,44.74,44.44,-0.36%
"Apr 06, 2006",44.59,44.44,44.7,44.44,0.34%
"Apr 07, 2006",44.53,44.59,44.757,44.48,-0.13%
"Apr 10, 2006",44.67,44.48,44.91,44.46,0.31%
"Apr 11, 2006",44.69,44.68,44.83,44.63,0.04%
"Apr 12, 2006",45.1,44.68,45.29,44.68,0.92%
"Apr 13, 2006",45.07,45.1,45.42,45.04,-0.07%
"Apr 14, 2006",45,45.07,45.15,44.99,-0.16%
"Apr 17, 2006",44.995,44.995,45.195,44.975,-0.01%
"Apr 18, 2006",45.06,44.95,45.3,44.94,0.14%
"Apr 19, 2006",44.98,45.07,45.23,44.98,-0.18%
"Apr 20, 2006",45.03,44.96,45.195,44.94,0.11%
"Apr 21, 2006",45.07,45.03,45.17,45,0.09%
"Apr 24, 2006",44.87,45.02,45.12,44.86,-0.44%
"Apr 25, 2006",44.895,44.815,45.125,44.695,0.06%
"Apr 26, 2006",45.05,44.85,45.15,44.81,0.35%
"Apr 27, 2006",44.83,45.02,45.1,44.83,-0.49%
"Apr 28, 2006",44.9,44.82,45.1,44.78,0.16%
"Aug 01, 2006",46.54,46.48,46.72,46.42,0.09%
"Aug 02, 2006",46.625,46.485,46.717,46.385,0.18%
"Aug 03, 2006",46.48,46.6,46.8,46.48,-0.31%
"Aug 04, 2006",46.46,46.46,46.66,46.43,-0.04%
"Aug 07, 2006",46.54,46.44,46.61,46.4,0.17%
"Aug 08, 2006",46.48,46.51,46.64,46.46,-0.13%
"Aug 09, 2006",46.41,46.45,46.62,46.41,-0.15%
"Aug 10, 2006",46.33,46.39,46.475,46.33,-0.17%
"Aug 11, 2006",46.47,46.32,46.572,46.32,0.30%
"Aug 14, 2006",46.54,46.42,46.64,46.38,0.15%
"Aug 15, 2006",46.48,46.49,46.6,46.41,-0.13%
"Aug 16, 2006",46.48,46.45,46.6,46.41,0.00%
"Aug 17, 2006",46.37,46.45,46.53,46.37,-0.24%
"Aug 18, 2006",46.39,46.34,46.53,46.31,0.04%
"Aug 21, 2006",46.42,46.4,46.49,46.36,0.06%
"Aug 22, 2006",46.45,46.39,46.55,46.36,0.06%
"Aug 23, 2006",46.47,46.45,46.59,46.41,0.04%
"Aug 24, 2006",46.43,46.42,46.59,46.38,-0.09%
"Aug 25, 2006",46.42,46.39,46.612,46.37,-0.02%
"Aug 28, 2006",46.49,46.42,46.59,46.42,0.15%
"Aug 29, 2006",46.47,46.46,46.555,46.37,-0.04%
"Aug 30, 2006",46.38,46.43,46.525,46.36,-0.19%
"Aug 31, 2006",46.48,46.39,46.58,46.37,0.22%
"Dec 01, 2006",44.465,44.585,44.725,44.465,-0.30%
"Dec 04, 2006",44.5,44.51,44.655,44.41,0.08%
"Dec 05, 2006",44.43,44.45,44.61,44.41,-0.16%
"Dec 06, 2006",44.615,44.395,44.77,44.355,0.42%
"Dec 07, 2006",44.525,44.575,44.785,44.505,-0.20%
"Dec 08, 2006",44.51,44.48,44.74,44.45,-0.03%
"Dec 11, 2006",44.705,44.515,44.867,44.515,0.44%
"Dec 12, 2006",44.69,44.69,44.95,44.64,-0.03%
"Dec 13, 2006",44.69,44.64,44.89,44.63,0.00%
"Dec 14, 2006",44.57,44.67,44.84,44.57,-0.27%
"Dec 15, 2006",44.495,44.545,44.755,44.495,-0.17%
"Dec 18, 2006",44.64,44.49,44.81,44.49,0.33%
"Dec 19, 2006",44.595,44.615,44.895,44.575,-0.10%
"Dec 20, 2006",44.545,44.565,44.765,44.525,-0.11%
"Dec 21, 2006",44.52,44.53,44.78,44.51,-0.06%
"Dec 22, 2006",44.38,44.47,44.64,44.38,-0.31%
"Dec 25, 2006",44.38,44.38,44.38,44.38,0.00%
"Dec 26, 2006",44.335,44.365,44.615,44.335,-0.10%
"Dec 27, 2006",44.14,44.32,44.45,44.14,-0.44%
"Dec 28, 2006",44.095,44.29,44.39,44.095,-0.10%
"Dec 29, 2006",44.115,44.225,44.405,44.105,0.05%
"Feb 01, 2006",44.14,43.92,44.245,43.92,0.49%
"Feb 02, 2006",44.165,44.105,44.365,44.065,0.06%
"Feb 03, 2006",44.12,44.12,44.28,44.1,-0.10%
"Feb 06, 2006",44.135,44.105,44.257,44.065,0.03%
"Feb 07, 2006",44.16,44.11,44.32,44.08,0.06%
"Feb 08, 2006",44.155,44.115,44.287,44.075,-0.01%
"Feb 09, 2006",44.12,44.11,44.23,44.08,-0.08%
"Feb 10, 2006",44.105,44.075,44.265,44.075,-0.03%
"Feb 13, 2006",44.18,44.07,44.317,44.01,0.17%
"Feb 14, 2006",44.16,44.12,44.247,44.08,-0.05%
"Feb 15, 2006",44.175,44.125,44.305,44.085,0.03%
"Feb 16, 2006",44.25,44.13,44.382,44.11,0.17%
"Feb 17, 2006",44.3,44.21,44.507,44.18,0.11%
"Feb 20, 2006",44.34,44.26,44.465,44.22,0.09%
"Feb 21, 2006",44.42,44.32,44.452,44.22,0.18%
"Feb 22, 2006",44.55,44.31,44.655,44.23,0.29%
"Feb 23, 2006",44.37,44.52,44.645,44.36,-0.40%
"Feb 24, 2006",44.3,44.31,44.482,44.23,-0.16%
"Feb 27, 2006",44.43,44.27,44.51,44.24,0.29%
"Feb 28, 2006",44.275,44.395,44.562,44.235,-0.35%
"Jan 02, 2006",45.075,45.105,45.145,45.062,0.18%
"Jan 03, 2006",44.965,45.125,45.145,44.965,-0.24%
"Jan 04, 2006",44.705,44.885,44.9,44.665,-0.58%
"Jan 05, 2006",44.6,44.65,44.765,44.6,-0.23%
"Jan 06, 2006",44.32,44.57,44.785,44.31,-0.63%
"Jan 09, 2006",44.25,44.32,44.375,44.22,-0.16%
"Jan 10, 2006",44.185,44.205,44.46,44.165,-0.15%
"Jan 11, 2006",43.915,44.145,44.145,43.915,-0.61%
"Jan 12, 2006",44.02,43.95,44.23,43.93,0.24%
"Jan 13, 2006",44.1,44.06,44.335,44.01,0.18%
"Jan 16, 2006",44.17,44.03,44.237,44.01,0.16%
"Jan 17, 2006",44.24,44.11,44.38,44.07,0.16%
"Jan 18, 2006",44.3,44.2,44.54,44.17,0.14%
"Jan 19, 2006",44.18,44.27,44.48,44.15,-0.27%
"Jan 20, 2006",44.17,44.17,44.405,44.12,-0.02%
"Jan 23, 2006",44.095,44.125,44.235,44.025,-0.17%
"Jan 24, 2006",44.195,44.095,44.29,44.075,0.23%
"Jan 25, 2006",44.105,44.145,44.395,44.095,-0.20%
"Jan 26, 2006",44.02,44.1,44.11,43.99,-0.19%
"Jan 27, 2006",44.04,44.01,44.34,43.97,0.05%
"Jan 30, 2006",44.045,44.245,44.285,44.045,0.01%
"Jan 31, 2006",43.925,44.095,44.19,43.925,-0.27%
"Jul 03, 2006",45.93,45.83,46.105,45.83,0.11%
"Jul 04, 2006",45.965,45.89,46.045,45.84,0.08%
"Jul 05, 2006",45.925,45.945,46.102,45.815,-0.09%
"Jul 06, 2006",46.01,45.88,46.205,45.85,0.19%
"Jul 07, 2006",45.86,45.97,46.14,45.86,-0.33%
"Jul 10, 2006",45.99,45.83,46.167,45.82,0.28%
"Jul 11, 2006",46.02,45.96,46.23,45.96,0.07%
"Jul 12, 2006",46.1,46.01,46.26,46.01,0.17%
"Jul 13, 2006",46.18,46.08,46.35,46.08,0.17%
"Jul 14, 2006",46.2,46.14,46.495,46.11,0.04%
"Jul 17, 2006",46.66,46.2,46.81,46.2,1.00%
"Jul 18, 2006",46.63,46.63,46.835,46.58,-0.06%
"Jul 19, 2006",46.83,46.63,47.06,46.57,0.43%
"Jul 20, 2006",46.8,46.83,46.89,46.69,-0.06%
"Jul 21, 2006",46.73,46.8,46.865,46.65,-0.15%
"Jul 24, 2006",46.84,46.61,46.99,46.61,0.24%
"Jul 25, 2006",46.76,46.83,46.94,46.74,-0.17%
"Jul 26, 2006",46.71,46.76,46.912,46.7,-0.11%
"Jul 27, 2006",46.53,46.7,46.76,46.51,-0.39%
"Jul 28, 2006",46.54,46.49,46.7,46.47,0.02%
"Jul 31, 2006",46.5,46.5,46.6,46.46,-0.09%
"Jun 01, 2006",46.2,46.21,46.48,46.17,-0.23%
"Jun 02, 2006",45.68,46.18,46.33,45.68,-1.13%
"Jun 05, 2006",45.72,45.67,45.895,45.67,0.09%
"Jun 06, 2006",45.82,45.73,46,45.61,0.22%
"Jun 07, 2006",45.875,45.785,46.07,45.755,0.12%
"Jun 08, 2006",45.945,45.815,46.145,45.745,0.15%
"Jun 09, 2006",45.805,45.915,45.98,45.785,-0.30%
"Jun 12, 2006",45.72,45.77,45.95,45.72,-0.19%
"Jun 13, 2006",45.82,45.74,46.067,45.72,0.22%
"Jun 14, 2006",45.83,45.81,46.11,45.81,0.02%
"Jun 15, 2006",45.89,45.81,45.99,45.81,0.13%
"Jun 16, 2006",45.7,45.92,45.95,45.7,-0.41%
"Jun 19, 2006",45.77,45.68,45.93,45.67,0.15%
"Jun 20, 2006",45.81,45.75,45.965,45.75,0.09%
"Jun 21, 2006",45.67,45.79,45.97,45.77,-0.31%
"Jun 22, 2006",46,45.79,46.135,45.77,0.72%
"Jun 23, 2006",46.02,45.97,46.275,45.95,0.04%
"Jun 26, 2006",46.23,45.97,46.4,45.95,0.46%
"Jun 27, 2006",46.3,46.2,46.41,46.19,0.15%
"Jun 28, 2006",46.26,46.21,46.47,46.19,-0.09%
"Jun 29, 2006",46.14,46.21,46.385,46.14,-0.26%
"Jun 30, 2006",45.88,46.13,46.135,45.88,-0.56%
"Mar 01, 2006",44.29,44.21,44.38,44.19,0.03%
"Mar 02, 2006",44.2,44.25,44.392,44.2,-0.20%
"Mar 03, 2006",44.205,44.205,44.395,44.115,0.01%
"Mar 06, 2006",44.27,44.18,44.39,44.17,0.15%
"Mar 07, 2006",44.285,44.235,44.415,44.215,0.03%
"Mar 08, 2006",44.38,44.22,44.5,44.22,0.21%
"Mar 09, 2006",44.38,44.36,44.625,44.34,0.00%
"Mar 10, 2006",44.32,44.32,44.32,44.32,-0.14%
"Mar 13, 2006",44.425,44.435,44.58,44.385,0.24%
"Mar 14, 2006",44.365,44.365,44.517,44.345,-0.14%
"Mar 15, 2006",44.11,44.31,44.43,44.11,-0.57%
"Mar 16, 2006",44.3,44.13,44.447,44.13,0.43%
"Mar 17, 2006",44.275,44.265,44.475,44.225,-0.06%
"Mar 20, 2006",44.275,44.285,44.477,44.275,0.00%
"Mar 21, 2006",44.3,44.21,44.447,44.21,0.06%
"Mar 22, 2006",44.425,44.275,44.53,44.275,0.28%
"Mar 23, 2006",44.445,44.375,44.602,44.345,0.05%
"Mar 24, 2006",44.5,44.637,44.71,44.5,0.12%
"Mar 27, 2006",44.615,44.475,44.7,44.445,0.26%
"Mar 28, 2006",44.575,44.595,44.775,44.515,-0.09%
"Mar 29, 2006",44.54,44.52,44.735,44.48,-0.08%
"Mar 30, 2006",44.475,44.525,44.725,44.465,-0.15%
"Mar 31, 2006",44.5,44.655,44.675,44.5,0.06%
"May 01, 2006",44.79,44.9,44.9,44.79,-0.24%
"May 02, 2006",44.83,44.76,44.95,44.72,0.09%
"May 03, 2006",44.82,44.81,44.91,44.76,-0.02%
"May 04, 2006",44.82,44.82,45.005,44.73,0.00%
"May 05, 2006",44.85,44.8,44.99,44.76,0.07%
"May 08, 2006",44.82,44.82,44.905,44.77,-0.07%
"May 09, 2006",44.845,44.795,44.98,44.755,0.06%
"May 10, 2006",44.85,44.82,44.97,44.78,0.01%
"May 11, 2006",44.86,44.82,45.11,44.78,0.02%
"May 12, 2006",44.95,44.83,45.11,44.82,0.20%
"May 15, 2006",45.38,44.93,45.59,44.88,0.96%
"May 16, 2006",45.05,45.38,45.66,45.05,-0.73%
"May 17, 2006",44.7,45.05,45.41,44.7,-0.78%
"May 18, 2006",45.28,44.7,45.64,44.7,1.30%
"May 19, 2006",45.37,45.28,45.63,45.27,0.20%
"May 22, 2006",45.46,45.38,45.82,45.38,0.20%
"May 23, 2006",45.39,45.45,45.62,45.39,-0.15%
"May 24, 2006",45.6,45.37,45.78,45.37,0.46%
"May 25, 2006",45.76,45.6,45.95,45.6,0.35%
"May 26, 2006",45.83,45.76,45.915,45.69,0.15%
"May 29, 2006",46.1,45.78,46.13,45.75,0.59%
"May 30, 2006",46.14,46.06,46.305,46.02,0.09%
"May 31, 2006",46.305,46.115,46.56,46.025,0.36%
"Nov 01, 2006",44.8,44.91,44.96,44.79,-0.27%
"Nov 02, 2006",44.83,44.78,44.965,44.71,0.07%
"Nov 03, 2006",44.77,44.81,44.91,44.73,-0.13%
"Nov 06, 2006",44.85,44.74,44.95,44.72,0.18%
"Nov 07, 2006",44.63,44.81,44.88,44.63,-0.49%
"Nov 08, 2006",44.6,44.61,44.712,44.57,-0.07%
"Nov 09, 2006",44.47,44.55,44.75,44.46,-0.29%
"Nov 10, 2006",44.56,44.43,44.725,44.36,0.20%
"Nov 13, 2006",44.84,44.55,45.005,44.55,0.63%
"Nov 14, 2006",45.06,44.83,45.23,44.79,0.49%
"Nov 15, 2006",45.275,45.055,45.385,45.015,0.48%
"Nov 16, 2006",44.83,45.21,45.35,44.82,-0.98%
"Nov 17, 2006",44.72,44.8,45.085,44.72,-0.25%
"Nov 20, 2006",44.9,44.71,45.09,44.67,0.40%
"Nov 21, 2006",44.78,44.86,45.075,44.775,-0.27%
"Nov 22, 2006",44.63,44.74,44.83,44.62,-0.33%
"Nov 23, 2006",44.69,44.63,44.755,44.59,0.13%
"Nov 24, 2006",44.605,44.655,44.965,44.595,-0.19%
"Nov 27, 2006",44.575,44.575,44.695,44.535,-0.07%
"Nov 28, 2006",44.59,44.51,44.775,44.49,0.03%
"Nov 29, 2006",44.55,44.57,44.722,44.53,-0.09%
"Nov 30, 2006",44.6,44.55,44.78,44.51,0.11%
"Oct 02, 2006",45.79,45.79,45.79,45.79,-0.26%
"Oct 03, 2006",45.7,45.8,45.905,45.7,-0.20%
"Oct 04, 2006",45.67,45.66,45.77,45.6,-0.07%
"Oct 05, 2006",45.58,45.65,45.737,45.53,-0.20%
"Oct 06, 2006",45.42,45.54,45.7,45.42,-0.35%
"Oct 09, 2006",45.66,45.39,45.75,45.39,0.53%
"Oct 10, 2006",45.68,45.61,45.82,45.57,0.04%
"Oct 11, 2006",45.56,45.835,45.84,45.55,-0.26%
"Oct 12, 2006",45.54,45.53,45.65,45.49,-0.04%
"Oct 13, 2006",45.32,45.49,45.56,45.31,-0.48%
"Oct 16, 2006",45.365,45.275,45.49,45.275,0.10%
"Oct 17, 2006",45.2,45.31,45.46,45.2,-0.36%
"Oct 18, 2006",45.3,45.18,45.395,45.17,0.22%
"Oct 19, 2006",45.22,45.27,45.39,45.2,-0.18%
"Oct 20, 2006",45.2,45.2,45.405,45.17,-0.04%
"Oct 23, 2006",45.31,45.18,45.435,45.14,0.24%
"Oct 24, 2006",45.2,45.28,45.28,45.2,-0.24%
"Oct 25, 2006",45.29,45.14,45.397,45.14,0.20%
"Oct 26, 2006",45.17,45.22,45.342,45.17,-0.26%
"Oct 27, 2006",45.045,45.125,45.245,45.045,-0.28%
"Oct 30, 2006",44.915,45.035,45.135,44.915,-0.29%
"Oct 31, 2006",44.92,44.87,45.072,44.82,0.01%
"Sep 01, 2006",46.39,46.37,46.56,46.36,-0.19%
"Sep 04, 2006",46.33,46.37,46.53,46.295,-0.13%
"Sep 05, 2006",46.21,46.3,46.375,46.17,-0.26%
"Sep 06, 2006",46.02,46.18,46.33,46.02,-0.41%
"Sep 07, 2006",46.14,46.03,46.245,46.02,0.26%
"Sep 08, 2006",46.07,46.1,46.275,46.03,-0.15%
"Sep 11, 2006",46.2,46.06,46.32,46.02,0.28%
"Sep 12, 2006",46.16,46.17,46.377,46.14,-0.09%
"Sep 13, 2006",46.09,46.14,46.295,46.09,-0.15%
"Sep 14, 2006",46,46.09,46.185,46,-0.20%
"Sep 15, 2006",45.96,45.99,46.162,45.96,-0.09%
"Sep 18, 2006",46.11,45.96,46.19,45.96,0.33%
"Sep 19, 2006",46.04,46.08,46.142,46.03,-0.15%
"Sep 20, 2006",45.85,45.99,46.12,45.85,-0.41%
"Sep 21, 2006",45.74,45.83,45.925,45.74,-0.24%
"Sep 22, 2006",45.785,45.715,46,45.695,0.10%
"Sep 25, 2006",45.84,45.75,45.96,45.73,0.12%
"Sep 26, 2006",45.78,45.8,46.02,45.78,-0.13%
"Sep 27, 2006",45.77,45.76,45.94,45.76,-0.02%
"Sep 28, 2006",45.79,45.74,45.95,45.74,0.04%
"Sep 29, 2006",45.91,45.76,46.002,45.76,0.26%
"Apr 02, 2007",43.11,43.16,43.34,43.06,-0.02%
"Apr 03, 2007",42.825,43.185,43.305,42.815,-0.66%
"Apr 04, 2007",42.865,43.025,43.16,42.825,0.09%
"Apr 05, 2007",42.72,42.84,43.23,42.72,-0.34%
"Apr 06, 2007",42.67,42.75,42.8,42.67,-0.12%
"Apr 09, 2007",42.685,42.705,43.085,42.635,0.04%
"Apr 10, 2007",42.675,42.655,43.01,42.635,-0.02%
"Apr 11, 2007",42.695,42.625,42.93,42.605,0.05%
"Apr 12, 2007",42.68,42.66,42.97,42.61,-0.04%
"Apr 13, 2007",42.44,42.82,42.85,42.34,-0.56%
"Apr 16, 2007",41.78,42.57,42.57,41.75,-1.56%
"Apr 17, 2007",41.705,41.975,42.025,41.645,-0.18%
"Apr 18, 2007",41.855,41.905,42.095,41.665,0.36%
"Apr 19, 2007",41.915,41.995,42.29,41.755,0.14%
"Apr 20, 2007",41.595,42.075,42.085,41.585,-0.76%
"Apr 23, 2007",41.495,41.765,41.795,41.495,-0.24%
"Apr 24, 2007",40.76,41.71,41.775,40.76,-1.77%
"Apr 25, 2007",40.635,41.125,41.15,40.605,-0.31%
"Apr 26, 2007",40.675,40.775,40.97,40.575,0.10%
"Apr 27, 2007",40.8,40.65,41.105,40.65,0.31%
"Apr 30, 2007",41.045,40.765,41.45,40.765,0.60%
"Aug 01, 2007",40.27,40.17,40.575,40.17,0.20%
"Aug 02, 2007",40.12,40.24,40.495,40.24,-0.37%
"Aug 03, 2007",40.25,40.24,40.405,40.15,0.32%
"Aug 06, 2007",40.17,40.2,40.535,40.15,-0.20%
"Aug 07, 2007",40.22,40.23,40.445,40.16,0.12%
"Aug 08, 2007",40.315,40.225,40.777,40.165,0.24%
"Aug 09, 2007",40.375,40.255,40.562,40.215,0.15%
"Aug 10, 2007",40.475,40.285,40.72,40.225,0.25%
"Aug 13, 2007",40.425,40.465,40.665,40.425,-0.12%
"Aug 14, 2007",40.58,40.43,40.81,40.43,0.38%
"Aug 15, 2007",40.56,40.57,40.72,40.49,-0.05%
"Aug 16, 2007",41.165,40.535,41.385,40.535,1.49%
"Aug 17, 2007",41.075,41.145,41.73,41.065,-0.22%
"Aug 20, 2007",40.985,41.025,41.145,40.875,-0.22%
"Aug 21, 2007",41.025,40.915,41.267,40.765,0.10%
"Aug 22, 2007",40.7,40.91,41.105,40.7,-0.79%
"Aug 23, 2007",40.905,40.715,41.195,40.615,0.50%
"Aug 24, 2007",40.825,40.815,41.22,40.665,-0.20%
"Aug 27, 2007",40.9,40.87,41.07,40.77,0.18%
"Aug 28, 2007",40.98,40.79,41.19,40.71,0.20%
"Aug 29, 2007",40.97,40.97,41.39,40.91,-0.02%
"Aug 30, 2007",41.045,40.845,41.205,40.765,0.18%
"Aug 31, 2007",40.64,41.02,41.12,40.64,-0.99%
"Dec 03, 2007",39.4,39.46,39.64,39.36,-0.30%
"Dec 04, 2007",39.32,39.31,39.53,39.21,-0.20%
"Dec 05, 2007",39.325,39.23,39.5,39.16,0.01%
"Dec 06, 2007",39.415,39.215,39.6,39.155,0.23%
"Dec 07, 2007",39.32,39.26,39.555,39.16,-0.24%
"Dec 10, 2007",39.31,39.19,39.432,39.14,-0.03%
"Dec 11, 2007",39.32,39.23,39.405,39.13,0.03%
"Dec 12, 2007",39.315,39.225,39.485,39.125,-0.01%
"Dec 13, 2007",39.395,39.225,39.427,39.125,0.20%
"Dec 14, 2007",39.315,39.225,39.435,39.135,-0.20%
"Dec 17, 2007",39.545,39.205,39.565,39.125,0.59%
"Dec 18, 2007",39.49,39.39,39.68,39.25,-0.14%
"Dec 19, 2007",39.575,39.425,39.682,39.295,0.22%
"Dec 20, 2007",39.495,39.375,39.62,39.275,-0.20%
"Dec 21, 2007",39.35,39.33,39.46,39.23,-0.37%
"Dec 24, 2007",39.395,39.325,39.555,39.325,0.11%
"Dec 25, 2007",39.395,39.395,39.395,39.395,0.00%
"Dec 26, 2007",39.405,39.425,39.465,39.325,0.03%
"Dec 27, 2007",39.425,39.225,39.485,39.225,0.05%
"Dec 28, 2007",39.415,39.275,39.505,39.135,-0.03%
"Dec 31, 2007",39.405,39.255,39.455,39.255,-0.03%
"Feb 01, 2007",44.02,44.08,44.175,44.02,-0.14%
"Feb 02, 2007",43.995,43.995,44.165,43.975,-0.06%
"Feb 05, 2007",43.985,43.995,44.165,43.965,-0.02%
"Feb 06, 2007",44.02,43.98,44.14,43.94,0.08%
"Feb 07, 2007",44.025,44.025,44.142,43.985,0.01%
"Feb 08, 2007",43.995,44.025,44.155,43.975,-0.07%
"Feb 09, 2007",43.94,43.97,44.145,43.94,-0.13%
"Feb 12, 2007",44.015,43.915,44.207,43.915,0.17%
"Feb 13, 2007",44.03,43.98,44.22,43.98,0.03%
"Feb 14, 2007",43.945,43.995,44.215,43.945,-0.19%
"Feb 15, 2007",43.92,43.91,44.115,43.91,-0.06%
"Feb 16, 2007",43.88,43.92,44.095,43.86,-0.09%
"Feb 19, 2007",43.99,43.86,44.18,43.86,0.25%
"Feb 20, 2007",44.12,43.96,44.215,43.96,0.30%
"Feb 21, 2007",44.01,44.08,44.232,44.01,-0.25%
"Feb 22, 2007",44.06,43.99,44.295,43.97,0.11%
"Feb 23, 2007",44.08,44.03,44.3,44.03,0.05%
"Feb 26, 2007",44.05,44.08,44.28,44.05,-0.07%
"Feb 27, 2007",44.07,44.04,44.247,44.03,0.05%
"Feb 28, 2007",44.09,44.04,44.38,44.04,0.05%
"Jan 01, 2007",44.115,44.115,44.115,44.115,0.00%
"Jan 02, 2007",44.15,44.14,44.267,44.14,0.08%
"Jan 03, 2007",44.25,44.11,44.455,44.11,0.23%
"Jan 04, 2007",44.17,44.21,44.495,44.16,-0.18%
"Jan 05, 2007",44.185,44.155,44.362,44.115,0.03%
"Jan 08, 2007",44.33,44.13,44.545,44.13,0.33%
"Jan 09, 2007",44.28,44.33,44.51,44.28,-0.11%
"Jan 10, 2007",44.45,44.3,44.57,44.3,0.38%
"Jan 11, 2007",44.5,44.41,44.625,44.37,0.11%
"Jan 12, 2007",44.315,44.505,44.64,44.315,-0.42%
"Jan 15, 2007",44.21,44.29,44.405,44.21,-0.24%
"Jan 16, 2007",44.2,44.17,44.37,44.17,-0.02%
"Jan 17, 2007",44.1,44.2,44.3,44.09,-0.23%
"Jan 18, 2007",44.16,44.08,44.37,44.08,0.14%
"Jan 19, 2007",44.08,44.22,44.37,44.16,-0.18%
"Jan 22, 2007",44.12,44.11,44.315,44.11,0.09%
"Jan 23, 2007",44.15,44.12,44.275,44.09,0.07%
"Jan 24, 2007",44.16,44.11,44.295,44.11,0.02%
"Jan 25, 2007",44.21,44.17,44.29,44.15,0.11%
"Jan 26, 2007",44.17,44.13,44.17,44.1,-0.09%
"Jan 29, 2007",44.145,44.125,44.352,44.125,-0.06%
"Jan 30, 2007",44.05,44.14,44.14,44.02,-0.22%
"Jan 31, 2007",44.08,44.05,44.21,44.01,0.07%
"Jul 02, 2007",40.44,40.62,40.695,40.44,-0.21%
"Jul 03, 2007",40.435,40.405,40.615,40.365,-0.01%
"Jul 04, 2007",40.425,40.325,40.605,40.325,-0.02%
"Jul 05, 2007",40.345,40.375,40.545,40.225,-0.20%
"Jul 06, 2007",40.19,40.27,40.505,40.17,-0.38%
"Jul 09, 2007",40.245,40.205,40.465,40.205,0.14%
"Jul 10, 2007",40.255,40.185,40.5,40.145,0.02%
"Jul 11, 2007",40.31,40.19,40.45,40.11,0.14%
"Jul 12, 2007",40.3,40.22,40.76,40.15,-0.02%
"Jul 13, 2007",40.275,40.265,40.515,40.165,-0.06%
"Jul 16, 2007",40.245,40.225,40.445,40.205,-0.07%
"Jul 17, 2007",40.27,40.19,40.385,40.14,0.06%
"Jul 18, 2007",40.31,40.16,40.465,40.16,0.10%
"Jul 19, 2007",40.26,40.22,40.47,40.14,-0.12%
"Jul 20, 2007",40.2,40.24,40.435,40.14,-0.15%
"Jul 23, 2007",40.13,40.17,40.39,40.12,-0.17%
"Jul 24, 2007",40.14,40.1,40.3,40.1,0.02%
"Jul 25, 2007",40.22,40.14,40.375,40.07,0.20%
"Jul 26, 2007",40.23,40.2,40.47,40.13,0.02%
"Jul 27, 2007",40.395,40.165,40.585,40.115,0.41%
"Jul 30, 2007",40.29,40.32,40.64,40.29,-0.26%
"Jul 31, 2007",40.19,40.25,40.48,40.19,-0.25%
"Jun 01, 2007",40.27,40.32,40.605,40.21,-0.26%
"Jun 04, 2007",40.21,40.21,40.555,40.14,-0.15%
"Jun 05, 2007",40.3,40.28,40.595,40.24,0.22%
"Jun 06, 2007",40.425,40.225,40.73,40.185,0.31%
"Jun 07, 2007",40.625,40.395,40.77,40.335,0.49%
"Jun 08, 2007",40.72,40.48,41.24,40.44,0.23%
"Jun 11, 2007",40.565,40.635,41.075,40.565,-0.38%
"Jun 12, 2007",40.495,40.505,40.802,40.415,-0.17%
"Jun 13, 2007",40.635,40.425,41.085,40.375,0.35%
"Jun 14, 2007",40.62,40.57,40.98,40.5,-0.04%
"Jun 15, 2007",40.615,40.605,41.035,40.545,-0.01%
"Jun 18, 2007",40.54,40.57,40.82,40.52,-0.18%
"Jun 19, 2007",40.59,40.55,40.82,40.53,0.12%
"Jun 20, 2007",40.755,40.585,40.885,40.575,0.41%
"Jun 21, 2007",40.565,40.605,40.827,40.535,-0.47%
"Jun 22, 2007",40.605,40.515,40.8,40.515,0.10%
"Jun 25, 2007",40.775,40.555,40.915,40.555,0.42%
"Jun 26, 2007",40.835,40.665,41.03,40.635,0.15%
"Jun 27, 2007",40.895,40.775,41.075,40.775,0.15%
"Jun 28, 2007",40.7,40.82,41.02,40.7,-0.48%
"Jun 29, 2007",40.525,40.645,40.855,40.525,-0.43%
"Mar 01, 2007",44.085,44.055,44.3,44.055,-0.01%
"Mar 02, 2007",44.11,44.09,44.335,44.05,0.06%
"Mar 05, 2007",44.38,44.12,44.715,44.12,0.61%
"Mar 06, 2007",44.19,44.37,44.602,44.19,-0.43%
"Mar 07, 2007",44.43,44.52,44.58,44.19,0.54%
"Mar 08, 2007",44.2,44.27,44.577,44.19,-0.52%
"Mar 09, 2007",44.085,44.165,44.375,44.065,-0.26%
"Mar 12, 2007",44.125,44.065,44.272,44.065,0.09%
"Mar 13, 2007",44.095,44.115,44.345,44.095,-0.07%
"Mar 14, 2007",44.175,44.085,44.39,44.085,0.18%
"Mar 15, 2007",44.11,44.11,44.27,44.09,-0.15%
"Mar 16, 2007",43.965,44.215,44.225,43.965,-0.33%
"Mar 19, 2007",43.985,43.915,44.125,43.915,0.05%
"Mar 20, 2007",43.685,44.125,44.125,43.555,-0.68%
"Mar 21, 2007",43.275,43.585,43.765,43.275,-0.94%
"Mar 22, 2007",43.53,43.23,43.745,43.23,0.59%
"Mar 23, 2007",43.38,43.5,43.84,43.36,-0.34%
"Mar 26, 2007",43.2,43.37,43.61,43.16,-0.41%
"Mar 27, 2007",43.005,43.135,43.395,43.005,-0.45%
"Mar 28, 2007",42.775,43.005,43.252,42.775,-0.53%
"Mar 29, 2007",43.39,42.79,43.8,42.79,1.44%
"Mar 30, 2007",43.12,43.36,43.68,43.11,-0.62%
"May 01, 2007",41.02,41.17,41.23,41.02,-0.06%
"May 02, 2007",41.05,40.91,41.28,40.91,0.07%
"May 03, 2007",40.835,40.955,41.29,40.815,-0.52%
"May 04, 2007",40.65,40.9,41.055,40.59,-0.45%
"May 07, 2007",40.56,40.65,40.885,40.52,-0.22%
"May 08, 2007",40.65,40.57,40.86,40.57,0.22%
"May 09, 2007",40.69,40.62,41.025,40.62,0.10%
"May 10, 2007",41.175,40.665,41.325,40.665,1.19%
"May 11, 2007",40.75,41.14,41.48,40.75,-1.03%
"May 14, 2007",40.61,40.92,41.075,40.61,-0.34%
"May 15, 2007",40.54,40.62,40.985,40.54,-0.17%
"May 16, 2007",40.6,40.62,40.93,40.58,0.15%
"May 17, 2007",40.6,40.61,40.895,40.57,0.00%
"May 18, 2007",40.3,40.62,40.945,40.26,-0.74%
"May 21, 2007",40.425,40.315,40.785,40.315,0.31%
"May 22, 2007",40.24,40.42,40.657,40.16,-0.46%
"May 23, 2007",40.275,40.265,40.627,40.265,0.09%
"May 24, 2007",40.44,40.31,40.622,40.31,0.41%
"May 25, 2007",40.29,40.39,40.665,40.29,-0.37%
"May 28, 2007",40.41,40.31,40.59,40.29,0.30%
"May 29, 2007",40.2,40.37,40.55,40.2,-0.52%
"May 30, 2007",40.59,40.21,40.875,40.21,0.97%
"May 31, 2007",40.375,40.515,40.8,40.285,-0.53%
"Nov 01, 2007",39.23,39.16,39.345,39.08,0.09%
"Nov 02, 2007",39.22,39.13,39.46,39.09,-0.03%
"Nov 05, 2007",39.19,39.13,39.395,39.09,-0.08%
"Nov 06, 2007",39.24,39.11,39.332,39.08,0.13%
"Nov 07, 2007",39.17,39.14,39.362,39.09,-0.18%
"Nov 08, 2007",39.14,39.04,39.4,39.01,-0.08%
"Nov 09, 2007",39.12,39.09,39.26,39.02,-0.05%
"Nov 12, 2007",39.24,39.13,39.43,39.13,0.31%
"Nov 13, 2007",39.23,39.11,39.455,39.04,-0.03%
"Nov 14, 2007",39.19,39.21,39.44,39.19,-0.10%
"Nov 15, 2007",39.13,39.11,39.34,39.02,-0.15%
"Nov 16, 2007",39.075,39.135,39.415,39.045,-0.14%
"Nov 19, 2007",39.25,39.07,39.36,39.07,0.45%
"Nov 20, 2007",39.24,39.12,39.45,39.04,-0.03%
"Nov 21, 2007",39.275,39.125,39.455,39.075,0.09%
"Nov 22, 2007",39.48,39.11,39.545,39.05,0.52%
"Nov 23, 2007",39.675,39.425,39.735,39.265,0.49%
"Nov 26, 2007",39.59,39.51,39.81,39.31,-0.21%
"Nov 27, 2007",39.665,39.465,39.915,39.375,0.19%
"Nov 28, 2007",39.57,39.61,39.84,39.45,-0.24%
"Nov 29, 2007",39.63,39.46,39.812,39.46,0.15%
"Nov 30, 2007",39.52,39.47,39.77,39.42,-0.28%
"Oct 01, 2007",39.67,39.57,39.87,39.52,0.03%
"Oct 02, 2007",39.68,39.57,39.76,39.52,0.03%
"Oct 03, 2007",39.39,39.56,39.905,39.39,-0.73%
"Oct 04, 2007",39.455,39.405,39.65,39.275,0.17%
"Oct 05, 2007",39.22,39.32,39.56,39.22,-0.60%
"Oct 08, 2007",39.41,39.23,39.5,39.23,0.48%
"Oct 09, 2007",39.24,39.38,39.572,39.22,-0.43%
"Oct 10, 2007",39.14,39.23,39.39,39.12,-0.25%
"Oct 11, 2007",39.14,39.1,39.347,39.1,0.00%
"Oct 12, 2007",39.17,39.11,39.46,39.11,0.08%
"Oct 15, 2007",39.205,39.165,39.38,39.115,0.09%
"Oct 16, 2007",39.24,39.16,39.397,39.11,0.09%
"Oct 17, 2007",39.36,39.19,39.97,39.13,0.31%
"Oct 18, 2007",39.52,39.31,39.81,39.21,0.41%
"Oct 19, 2007",39.59,39.46,39.875,39.39,0.18%
"Oct 22, 2007",39.7,39.44,39.93,39.39,0.28%
"Oct 23, 2007",39.585,39.655,39.845,39.415,-0.29%
"Oct 24, 2007",39.515,39.465,39.685,39.335,-0.18%
"Oct 25, 2007",39.36,39.49,39.6,39.36,-0.39%
"Oct 26, 2007",39.31,39.33,39.62,39.26,-0.13%
"Oct 29, 2007",39.345,39.265,39.475,39.235,0.09%
"Oct 30, 2007",39.31,39.26,39.495,39.18,-0.09%
"Oct 31, 2007",39.195,39.215,39.435,39.135,-0.29%
"Sep 03, 2007",40.69,40.64,40.96,40.64,0.12%
"Sep 04, 2007",40.775,40.695,41.005,40.615,0.21%
"Sep 05, 2007",40.81,40.72,41,40.62,0.09%
"Sep 06, 2007",40.62,40.72,40.987,40.61,-0.47%
"Sep 07, 2007",40.5,40.53,40.76,40.41,-0.30%
"Sep 10, 2007",40.5,40.42,40.785,40.39,0.00%
"Sep 11, 2007",40.475,40.445,40.66,40.355,-0.06%
"Sep 12, 2007",40.35,40.37,40.545,40.25,-0.31%
"Sep 13, 2007",40.26,40.28,40.48,40.19,-0.22%
"Sep 14, 2007",40.36,40.26,40.507,40.18,0.25%
"Sep 17, 2007",40.465,40.315,40.605,40.215,0.26%
"Sep 18, 2007",40.29,40.41,40.63,40.27,-0.43%
"Sep 19, 2007",39.82,40.28,40.35,39.81,-1.17%
"Sep 20, 2007",39.825,40.025,40.085,39.695,0.01%
"Sep 21, 2007",39.72,39.71,39.995,39.61,-0.26%
"Sep 24, 2007",39.52,39.66,39.86,39.52,-0.50%
"Sep 25, 2007",39.54,39.52,39.845,39.52,0.05%
"Sep 26, 2007",39.59,39.5,39.75,39.5,0.13%
"Sep 27, 2007",39.615,39.515,39.915,39.415,0.06%
"Sep 28, 2007",39.66,39.51,39.855,39.41,0.11%
"Apr 01, 2008",39.89,39.95,40.08,39.85,-0.35%
"Apr 02, 2008",39.94,39.8,40.065,39.73,0.13%
"Apr 03, 2008",39.95,39.86,40.05,39.73,0.03%
"Apr 04, 2008",39.855,39.835,40.06,39.765,-0.24%
"Apr 07, 2008",39.87,39.76,39.992,39.66,0.04%
"Apr 08, 2008",40.005,39.805,40.085,39.805,0.34%
"Apr 09, 2008",39.91,39.83,40.06,39.73,-0.24%
"Apr 10, 2008",39.875,39.835,40.062,39.765,-0.09%
"Apr 11, 2008",39.84,39.83,39.975,39.73,-0.09%
"Apr 14, 2008",39.865,39.835,39.985,39.725,0.06%
"Apr 15, 2008",39.875,39.945,40.005,39.735,0.03%
"Apr 16, 2008",39.84,39.94,40,39.73,-0.09%
"Apr 17, 2008",39.775,39.965,39.965,39.765,-0.16%
"Apr 18, 2008",39.755,39.905,39.905,39.695,-0.05%
"Apr 21, 2008",39.87,39.69,40.01,39.62,0.29%
"Apr 22, 2008",39.94,39.98,40.08,39.77,0.18%
"Apr 23, 2008",39.98,39.88,40.09,39.76,0.10%
"Apr 24, 2008",40.08,39.93,40.21,39.81,0.25%
"Apr 25, 2008",40.065,40.175,40.295,39.965,-0.04%
"Apr 28, 2008",40.07,39.97,40.23,39.91,0.01%
"Apr 29, 2008",40.28,40.17,40.51,40.05,0.52%
"Apr 30, 2008",40.46,40.47,40.66,40.11,0.45%
"Aug 01, 2008",42.27,42.37,42.59,42.27,-0.50%
"Aug 04, 2008",42.39,42.21,42.55,42.21,0.28%
"Aug 05, 2008",42.175,42.335,42.46,42.165,-0.51%
"Aug 06, 2008",42,42.11,42.13,41.91,-0.41%
"Aug 07, 2008",41.99,41.96,42.1,41.82,-0.02%
"Aug 08, 2008",41.98,41.91,42.29,41.77,-0.02%
"Aug 11, 2008",42.08,41.92,42.235,41.75,0.24%
"Aug 12, 2008",42.28,42.19,42.46,41.88,0.48%
"Aug 13, 2008",42.56,42.37,42.775,42.06,0.66%
"Aug 14, 2008",42.92,42.49,43.07,42.31,0.85%
"Aug 15, 2008",42.81,43.01,43.01,42.67,-0.26%
"Aug 18, 2008",43.495,42.755,43.685,42.605,1.60%
"Aug 19, 2008",43.52,43.38,43.63,43.21,0.06%
"Aug 20, 2008",43.635,43.415,43.875,43.255,0.26%
"Aug 21, 2008",43.4,43.71,43.785,43.38,-0.54%
"Aug 22, 2008",43.33,43.52,43.56,43.21,-0.16%
"Aug 25, 2008",43.69,43.23,43.802,43.12,0.83%
"Aug 26, 2008",43.765,43.665,44.155,43.355,0.17%
"Aug 27, 2008",43.65,43.63,43.94,43.55,-0.26%
"Aug 28, 2008",43.72,43.54,43.822,43.45,0.16%
"Aug 29, 2008",43.87,43.8,43.992,43.54,0.34%
"Dec 01, 2008",49.875,49.375,50.375,49.235,0.61%
"Dec 02, 2008",50.13,49.99,50.63,49.66,0.51%
"Dec 03, 2008",49.945,49.825,50.122,49.695,-0.37%
"Dec 04, 2008",49.8,49.76,49.95,49.52,-0.29%
"Dec 05, 2008",49.49,49.64,49.91,49.36,-0.62%
"Dec 08, 2008",49.5,49.3,49.64,49.23,0.02%
"Dec 09, 2008",49.25,49.35,49.35,49.16,-0.51%
"Dec 10, 2008",48.71,49.16,49.35,48.58,-1.10%
"Dec 11, 2008",48.215,48.525,48.825,47.945,-1.02%
"Dec 12, 2008",48.48,48.2,49.01,48.06,0.55%
"Dec 15, 2008",47.645,48.275,48.275,47.645,-1.72%
"Dec 16, 2008",47.51,47.63,47.97,47.49,-0.28%
"Dec 17, 2008",47.46,47.41,47.68,47.08,-0.11%
"Dec 18, 2008",46.79,47.26,47.48,46.75,-1.41%
"Dec 19, 2008",47.15,46.69,47.39,46.44,0.77%
"Dec 22, 2008",47.72,46.96,48.065,46.71,1.21%
"Dec 23, 2008",48.69,48.03,48.97,48.03,2.03%
"Dec 24, 2008",47.775,47.785,49.215,47.775,-1.88%
"Dec 25, 2008",47.505,47.705,47.705,47.505,-0.57%
"Dec 26, 2008",48.435,47.505,48.605,47.455,1.96%
"Dec 29, 2008",48.3,48.29,48.89,48.11,-0.28%
"Dec 30, 2008",48.09,48.18,48.68,47.98,-0.43%
"Dec 31, 2008",48.62,48.11,48.83,48.04,1.10%
"Feb 01, 2008",39.235,39.205,39.475,39.135,-0.11%
"Feb 04, 2008",39.255,39.205,39.505,39.145,0.05%
"Feb 05, 2008",39.41,39.25,39.57,39.25,0.39%
"Feb 06, 2008",39.5,39.39,39.695,39.39,0.23%
"Feb 07, 2008",39.515,39.505,39.585,39.325,0.04%
"Feb 08, 2008",39.605,39.505,39.675,39.305,0.23%
"Feb 11, 2008",39.665,39.445,39.775,39.445,0.15%
"Feb 12, 2008",39.585,39.505,39.735,39.505,-0.20%
"Feb 13, 2008",39.745,39.425,39.915,39.405,0.40%
"Feb 14, 2008",39.595,39.575,39.777,39.475,-0.38%
"Feb 15, 2008",39.66,39.57,39.71,39.41,0.16%
"Feb 18, 2008",39.61,39.49,39.795,39.42,-0.13%
"Feb 19, 2008",39.82,39.61,39.98,39.61,0.53%
"Feb 20, 2008",40.12,39.81,40.245,39.68,0.75%
"Feb 21, 2008",39.84,40.09,40.25,39.84,-0.70%
"Feb 22, 2008",40.015,39.775,40.085,39.775,0.44%
"Feb 25, 2008",39.91,39.86,40.09,39.78,-0.26%
"Feb 26, 2008",39.9,39.84,40,39.81,-0.03%
"Feb 27, 2008",39.69,39.81,39.995,39.69,-0.53%
"Feb 28, 2008",39.865,39.665,39.917,39.665,0.44%
"Feb 29, 2008",39.92,39.73,40.025,39.71,0.14%
"Jan 01, 2008",39.415,39.405,39.44,39.375,0.03%
"Jan 02, 2008",39.315,39.365,39.465,39.195,-0.25%
"Jan 03, 2008",39.225,39.225,39.5,39.205,-0.23%
"Jan 04, 2008",39.32,39.38,39.44,39.17,0.24%
"Jan 07, 2008",39.255,39.225,39.405,39.075,-0.17%
"Jan 08, 2008",39.14,39.15,39.31,39.04,-0.29%
"Jan 09, 2008",39.175,39.105,39.34,39.095,0.09%
"Jan 10, 2008",39.18,39.14,39.33,39.04,0.01%
"Jan 11, 2008",39.17,39.14,39.317,39.05,-0.03%
"Jan 14, 2008",39.295,39.125,39.32,39.125,0.32%
"Jan 15, 2008",39.255,39.145,39.305,39.055,-0.10%
"Jan 16, 2008",39.21,39.09,39.31,39.03,-0.11%
"Jan 17, 2008",39.17,39.11,39.35,39.03,-0.10%
"Jan 18, 2008",39.21,39.09,39.36,39.05,0.10%
"Jan 21, 2008",39.385,39.36,39.612,39.345,0.45%
"Jan 22, 2008",39.39,39.23,39.79,39.16,0.01%
"Jan 23, 2008",39.525,39.275,39.645,39.175,0.34%
"Jan 24, 2008",39.255,39.575,39.575,39.255,-0.68%
"Jan 25, 2008",39.34,39.21,39.45,39.11,0.22%
"Jan 28, 2008",39.225,39.205,39.5,39.125,-0.29%
"Jan 29, 2008",39.3,39.14,39.45,39.12,0.19%
"Jan 30, 2008",39.3,39.14,39.46,39.14,0.00%
"Jan 31, 2008",39.28,39.14,39.46,39.09,-0.05%
"Jul 01, 2008",43.24,42.81,43.56,42.74,0.72%
"Jul 02, 2008",43.07,43.16,43.46,43.05,-0.39%
"Jul 03, 2008",43.175,43.005,43.405,42.915,0.24%
"Jul 04, 2008",43.15,43.08,43.3,42.99,-0.06%
"Jul 07, 2008",43.2,43.01,43.32,42.95,0.12%
"Jul 08, 2008",43.22,43.11,43.46,43.03,0.05%
"Jul 09, 2008",43.01,43.16,43.22,43.01,-0.49%
"Jul 10, 2008",42.86,43.03,43.255,42.86,-0.35%
"Jul 11, 2008",42.78,42.76,43.06,42.63,-0.19%
"Jul 14, 2008",42.915,42.725,43.005,42.605,0.32%
"Jul 15, 2008",43.052,42.752,43.297,42.633,0.32%
"Jul 16, 2008",43.035,43.095,43.205,42.955,-0.04%
"Jul 17, 2008",42.72,42.95,43.14,42.71,-0.73%
"Jul 18, 2008",42.735,42.675,42.89,42.565,0.04%
"Jul 21, 2008",42.685,42.575,42.815,42.525,-0.12%
"Jul 22, 2008",42.525,42.525,42.905,42.425,-0.37%
"Jul 23, 2008",42.065,42.485,42.515,42.005,-1.08%
"Jul 24, 2008",42.1,42,42.205,41.75,0.08%
"Jul 25, 2008",42.16,42.02,42.36,41.89,0.14%
"Jul 28, 2008",42.535,42.115,42.565,41.965,0.89%
"Jul 29, 2008",42.57,42.36,42.79,42.21,0.08%
"Jul 30, 2008",42.28,42.49,42.65,42.26,-0.68%
"Jul 31, 2008",42.483,42.233,42.608,42.104,0.48%
"Jun 02, 2008",42.4,42.22,42.45,42.12,0.57%
"Jun 03, 2008",42.51,42.27,42.67,42.16,0.26%
"Jun 04, 2008",42.61,42.43,42.8,42.33,0.24%
"Jun 05, 2008",42.835,42.515,42.985,42.435,0.53%
"Jun 06, 2008",42.665,42.775,42.867,42.575,-0.40%
"Jun 09, 2008",42.82,42.49,42.932,42.42,0.36%
"Jun 10, 2008",42.89,42.71,42.995,42.62,0.16%
"Jun 11, 2008",42.725,42.795,43.005,42.675,-0.38%
"Jun 12, 2008",42.71,42.64,42.89,42.46,-0.04%
"Jun 13, 2008",42.88,42.74,43.01,42.53,0.40%
"Jun 16, 2008",42.895,42.765,43.005,42.615,0.03%
"Jun 17, 2008",42.825,42.795,42.965,42.705,-0.16%
"Jun 18, 2008",42.82,42.72,42.99,42.72,-0.01%
"Jun 19, 2008",42.925,42.755,43,42.645,0.25%
"Jun 20, 2008",42.845,42.795,43.005,42.715,-0.19%
"Jun 23, 2008",42.975,42.805,43.005,42.705,0.30%
"Jun 24, 2008",42.76,42.81,43,42.7,-0.50%
"Jun 25, 2008",42.64,42.72,42.95,42.62,-0.28%
"Jun 26, 2008",42.59,42.56,42.83,42.46,-0.12%
"Jun 27, 2008",42.79,42.52,42.91,42.4,0.47%
"Jun 30, 2008",42.93,42.72,43.14,42.62,0.33%
"Mar 03, 2008",40.285,39.795,40.42,39.765,0.91%
"Mar 04, 2008",40.22,40.26,40.375,40.11,-0.16%
"Mar 05, 2008",40.2,40.19,40.38,40.09,-0.05%
"Mar 06, 2008",40.14,40.14,40.235,40.1,-0.15%
"Mar 07, 2008",40.43,40.01,40.65,40.01,0.72%
"Mar 10, 2008",40.4,40.26,40.722,40.26,-0.07%
"Mar 11, 2008",40.36,40.23,40.61,40.21,-0.10%
"Mar 12, 2008",40.24,40.23,40.44,40.03,-0.30%
"Mar 13, 2008",40.435,40.225,40.645,40.085,0.48%
"Mar 14, 2008",40.455,40.235,40.59,40.125,0.05%
"Mar 17, 2008",40.685,40.165,40.855,40.145,0.57%
"Mar 18, 2008",40.21,40.46,40.75,40.21,-1.17%
"Mar 19, 2008",40.355,40.195,40.55,40.095,0.36%
"Mar 20, 2008",40.26,40.31,40.55,40.17,-0.24%
"Mar 21, 2008",39.87,40.19,40.19,39.87,-0.97%
"Mar 24, 2008",40.13,39.96,40.46,39.96,0.65%
"Mar 25, 2008",40.105,40.125,40.275,39.955,-0.06%
"Mar 26, 2008",40.155,39.975,40.195,39.955,0.12%
"Mar 27, 2008",40.075,39.975,40.235,39.905,-0.20%
"Mar 28, 2008",39.87,39.98,40.155,39.69,-0.51%
"Mar 31, 2008",40.03,39.76,40.17,39.61,0.40%
"May 01, 2008",40.46,40.6,40.63,40.29,0.00%
"May 02, 2008",40.56,40.59,40.78,40.26,0.25%
"May 05, 2008",40.67,40.64,40.68,40.5,0.27%
"May 06, 2008",40.965,40.615,41.005,40.465,0.73%
"May 07, 2008",41.26,40.95,41.47,40.69,0.72%
"May 08, 2008",41.67,41.35,41.83,41.02,0.99%
"May 09, 2008",41.565,41.495,41.775,41.335,-0.25%
"May 12, 2008",42.04,41.41,42.12,41.32,1.14%
"May 13, 2008",42.09,41.91,42.21,41.73,0.12%
"May 14, 2008",42.35,41.94,42.675,41.87,0.62%
"May 15, 2008",42.705,42.285,42.765,42.185,0.84%
"May 16, 2008",42.41,42.51,42.93,42.32,-0.69%
"May 19, 2008",42.39,42.35,42.54,42.25,-0.05%
"May 20, 2008",42.51,42.28,42.81,42.19,0.28%
"May 21, 2008",42.74,42.43,42.91,42.29,0.54%
"May 22, 2008",42.84,42.63,43.21,42.41,0.23%
"May 23, 2008",42.55,42.77,42.9,42.55,-0.68%
"May 26, 2008",42.62,42.48,42.78,42.4,0.16%
"May 27, 2008",42.87,42.55,42.99,42.46,0.59%
"May 28, 2008",42.64,42.8,42.91,42.63,-0.54%
"May 29, 2008",42.54,42.58,42.94,42.45,-0.23%
"May 30, 2008",42.16,42.47,42.66,42.16,-0.89%
"Nov 03, 2008",48.515,49.115,49.165,48.465,-1.64%
"Nov 04, 2008",47.31,48.31,48.945,47.26,-2.48%
"Nov 05, 2008",47.325,47.225,47.575,46.725,0.03%
"Nov 06, 2008",47.635,47.175,47.985,46.855,0.66%
"Nov 07, 2008",47.49,47.45,47.87,47.25,-0.30%
"Nov 10, 2008",47.31,47.21,47.53,47.01,-0.38%
"Nov 11, 2008",47.95,47.16,48.17,47.02,1.35%
"Nov 12, 2008",49.225,47.785,49.455,47.455,2.66%
"Nov 13, 2008",49.01,48.97,49.01,48.71,-0.44%
"Nov 14, 2008",48.79,48.65,49.49,48.51,-0.45%
"Nov 17, 2008",49.075,48.705,49.415,48.555,0.58%
"Nov 18, 2008",49.535,48.975,49.825,48.875,0.94%
"Nov 19, 2008",49.86,49.35,50.04,49.17,0.66%
"Nov 20, 2008",50.2,49.79,50.62,49.59,0.68%
"Nov 21, 2008",49.555,50.005,50.575,49.555,-1.28%
"Nov 24, 2008",49.965,49.475,50.275,49.315,0.83%
"Nov 25, 2008",49.765,49.775,50.135,49.585,-0.40%
"Nov 26, 2008",49.35,49.67,50.02,49.2,-0.83%
"Nov 27, 2008",48.805,49.325,49.325,48.805,-1.10%
"Nov 28, 2008",49.575,48.625,50.275,48.615,1.58%
"Oct 01, 2008",46.48,46.68,47.24,46.48,-0.72%
"Oct 02, 2008",46.22,46.32,46.32,46.13,-0.56%
"Oct 03, 2008",46.8,46.14,47.44,46.04,1.25%
"Oct 06, 2008",47.79,46.7,47.88,46.55,2.12%
"Oct 07, 2008",47.91,47.58,48.19,47.32,0.25%
"Oct 08, 2008",47.86,47.61,48.81,47.46,-0.10%
"Oct 09, 2008",47.98,47.7,47.98,47.47,0.25%
"Oct 10, 2008",48.365,47.815,49.315,47.465,0.80%
"Oct 13, 2008",48.11,48.21,48.36,47.91,-0.53%
"Oct 14, 2008",47.94,47.9,48.14,47.56,-0.35%
"Oct 15, 2008",48.38,47.91,48.62,47.59,0.92%
"Oct 16, 2008",48.69,48.21,49.18,48.04,0.64%
"Oct 17, 2008",48.715,48.565,48.975,48.055,0.05%
"Oct 20, 2008",48.73,48.61,49.05,48.21,0.03%
"Oct 21, 2008",48.85,48.66,49.16,48.22,0.25%
"Oct 22, 2008",49.315,48.725,49.515,48.425,0.95%
"Oct 23, 2008",49.68,49.11,49.86,48.94,0.74%
"Oct 24, 2008",49.77,49.51,50.16,49.19,0.18%
"Oct 27, 2008",49.785,49.515,50.295,49.225,0.03%
"Oct 28, 2008",49.58,49.91,49.93,49.47,-0.41%
"Oct 29, 2008",49.38,49.42,49.89,49,-0.40%
"Oct 30, 2008",49.21,49.16,49.51,48.94,-0.34%
"Oct 31, 2008",49.325,49.085,49.555,48.745,0.23%
"Sep 01, 2008",44.175,43.615,44.255,43.465,0.70%
"Sep 02, 2008",44.365,44.035,44.6,43.815,0.43%
"Sep 03, 2008",43.96,44.23,44.23,43.96,-0.91%
"Sep 04, 2008",44.345,44.455,44.565,44.065,0.88%
"Sep 05, 2008",44.665,44.165,44.76,43.975,0.72%
"Sep 08, 2008",44.51,44.46,44.655,44.1,-0.35%
"Sep 09, 2008",44.74,44.6,44.94,44.23,0.52%
"Sep 10, 2008",45.065,44.835,45.195,44.415,0.73%
"Sep 11, 2008",45.575,44.885,45.725,44.675,1.13%
"Sep 12, 2008",45.71,45.57,45.97,45.26,0.30%
"Sep 15, 2008",45.635,45.705,46.09,45.465,-0.16%
"Sep 16, 2008",46.835,45.645,47.005,45.645,2.63%
"Sep 17, 2008",46.34,46.61,46.73,46.17,-1.06%
"Sep 18, 2008",46.37,46.35,46.81,45.96,0.06%
"Sep 19, 2008",45.81,46.43,46.82,45.73,-1.21%
"Sep 22, 2008",45.46,45.415,45.525,45.215,-0.76%
"Sep 23, 2008",45.615,45.425,45.975,45.415,0.34%
"Sep 24, 2008",45.85,45.52,46.125,45.62,0.52%
"Sep 25, 2008",46.07,46.07,46.56,45.56,0.48%
"Sep 26, 2008",46.52,45.82,46.84,45.63,0.98%
"Sep 29, 2008",46.5,46.55,47.12,46.12,-0.04%
"Sep 30, 2008",46.815,46.315,47.015,46.125,0.68%
"Apr 01, 2009",50.65,50.67,50.72,50.26,0.16%
"Apr 02, 2009",50.01,50.62,50.64,50.01,-1.26%
"Apr 03, 2009",49.9,50.01,50.23,49.72,-0.22%
"Apr 06, 2009",50.01,49.81,50.148,49.79,0.22%
"Apr 07, 2009",49.97,50.07,50.11,49.81,-0.08%
"Apr 08, 2009",50.14,50.06,50.68,49.84,0.34%
"Apr 09, 2009",49.83,50.21,50.21,49.73,-0.62%
"Apr 10, 2009",49.79,49.76,49.81,49.66,-0.08%
"Apr 13, 2009",49.72,49.74,49.965,49.64,-0.14%
"Apr 14, 2009",49.58,49.69,49.81,49.49,-0.28%
"Apr 15, 2009",49.575,49.705,50.095,49.575,-0.01%
"Apr 16, 2009",49.61,49.53,49.86,49.33,0.07%
"Apr 17, 2009",49.79,49.53,49.9,49.41,0.36%
"Apr 20, 2009",50.22,49.64,50.35,49.53,0.86%
"Apr 21, 2009",50.31,50.23,50.63,50.02,0.18%
"Apr 22, 2009",50.335,50.275,50.455,50.075,0.05%
"Apr 23, 2009",49.905,50.245,50.495,49.875,-0.85%
"Apr 24, 2009",49.61,49.84,50.045,49.61,-0.59%
"Apr 27, 2009",50.13,49.97,50.32,49.94,1.05%
"Apr 28, 2009",50.35,50.12,50.57,50.01,0.44%
"Apr 29, 2009",49.89,50.26,50.3,49.79,-0.91%
"Apr 30, 2009",49.725,49.825,50.025,49.675,-0.33%
"Aug 03, 2009",47.325,47.705,47.935,47.325,-1.05%
"Aug 04, 2009",47.47,47.32,47.76,47.15,0.31%
"Aug 05, 2009",47.435,47.375,47.745,47.245,-0.07%
"Aug 06, 2009",47.605,47.425,47.795,47.285,0.36%
"Aug 07, 2009",47.69,47.69,47.99,47.41,0.18%
"Aug 10, 2009",47.755,47.605,47.905,47.465,0.14%
"Aug 11, 2009",47.895,47.625,48.065,47.525,0.29%
"Aug 12, 2009",48.13,47.76,48.59,47.61,0.49%
"Aug 13, 2009",48.02,48.38,48.38,47.96,-0.23%
"Aug 14, 2009",48.2,48.13,48.37,47.82,0.37%
"Aug 17, 2009",48.82,48.14,49.005,48.02,1.29%
"Aug 18, 2009",48.725,48.745,48.945,48.495,-0.19%
"Aug 19, 2009",48.615,48.625,48.985,48.455,-0.23%
"Aug 20, 2009",48.43,48.53,48.84,48.35,-0.38%
"Aug 21, 2009",48.42,48.43,48.88,48.28,-0.02%
"Aug 24, 2009",48.525,48.425,48.685,48.255,0.22%
"Aug 25, 2009",48.7,48.62,48.87,48.34,0.36%
"Aug 26, 2009",48.905,48.615,48.95,48.485,0.42%
"Aug 27, 2009",48.79,48.9,49.06,48.63,-0.24%
"Aug 28, 2009",48.535,48.745,48.91,48.535,-0.52%
"Aug 31, 2009",48.69,48.51,48.94,48.33,0.32%
"Dec 01, 2009",46.254,46.344,46.492,46.164,-0.60%
"Dec 02, 2009",46.225,46.145,46.405,46.025,-0.06%
"Dec 03, 2009",46.025,46.125,46.325,46.025,-0.43%
"Dec 04, 2009",46.175,45.955,46.315,45.885,0.33%
"Dec 07, 2009",46.465,46.155,46.635,46.025,0.63%
"Dec 08, 2009",46.625,46.345,46.78,46.265,0.34%
"Dec 09, 2009",46.535,46.545,46.89,46.525,-0.19%
"Dec 10, 2009",46.525,46.535,46.755,46.385,-0.02%
"Dec 11, 2009",46.48,46.46,46.61,46.38,-0.10%
"Dec 14, 2009",46.6,46.56,46.76,46.38,0.26%
"Dec 15, 2009",46.534,46.594,46.719,46.424,-0.14%
"Dec 16, 2009",46.585,46.675,46.825,46.515,0.11%
"Dec 17, 2009",46.935,46.585,47.055,46.435,0.75%
"Dec 18, 2009",46.725,46.885,46.935,46.685,-0.45%
"Dec 21, 2009",46.825,46.815,46.87,46.645,0.21%
"Dec 22, 2009",46.825,46.775,46.895,46.715,0.00%
"Dec 23, 2009",46.67,46.73,46.92,46.67,-0.33%
"Dec 24, 2009",46.73,46.59,46.78,46.56,0.13%
"Dec 25, 2009",46.51,46.55,46.55,46.51,-0.47%
"Dec 28, 2009",46.475,46.545,46.545,46.465,-0.08%
"Dec 29, 2009",46.58,46.42,46.72,46.4,0.23%
"Dec 30, 2009",46.525,46.505,46.797,46.505,-0.12%
"Dec 31, 2009",46.41,46.53,46.7,46.4,-0.25%
"Feb 02, 2009",48.68,48.66,49.13,48.45,-0.35%
"Feb 03, 2009",48.51,48.53,48.885,48.37,-0.35%
"Feb 04, 2009",48.715,48.435,48.865,48.215,0.42%
"Feb 05, 2009",48.65,48.51,48.91,48.31,-0.13%
"Feb 06, 2009",48.63,48.64,48.875,48.32,-0.04%
"Feb 09, 2009",48.545,48.425,48.665,48.295,-0.17%
"Feb 10, 2009",48.8,48.62,48.8,48.19,0.53%
"Feb 11, 2009",48.82,48.79,48.97,48.51,0.04%
"Feb 12, 2009",48.735,48.815,48.915,48.335,-0.17%
"Feb 13, 2009",48.595,48.905,48.965,48.355,-0.29%
"Feb 16, 2009",48.82,48.43,48.87,48.43,0.46%
"Feb 17, 2009",49.63,48.6,49.75,48.6,1.66%
"Feb 18, 2009",50.01,49.43,50.095,49.43,0.77%
"Feb 19, 2009",49.38,49.99,50.04,49.38,-1.26%
"Feb 20, 2009",49.545,49.755,50.015,49.425,0.33%
"Feb 23, 2009",49.295,49.475,49.825,49.225,-0.50%
"Feb 24, 2009",49.72,49.71,50.01,49.44,0.86%
"Feb 25, 2009",49.875,49.765,50.035,49.675,0.31%
"Feb 26, 2009",50.345,49.935,50.505,49.775,0.94%
"Feb 27, 2009",51.005,50.455,51.195,50.455,1.31%
"Jan 01, 2009",48.75,48.68,48.84,48.44,0.27%
"Jan 02, 2009",48.12,48.51,49.13,48.12,-1.29%
"Jan 05, 2009",48.41,48.07,48.74,47.91,0.60%
"Jan 06, 2009",48.44,48.26,48.78,48.01,0.06%
"Jan 07, 2009",48.735,48.335,48.935,48.145,0.61%
"Jan 08, 2009",48.52,48.63,48.78,48.21,-0.44%
"Jan 09, 2009",48.07,48.36,49.31,47.99,-0.93%
"Jan 12, 2009",48.62,48.01,48.87,47.96,1.14%
"Jan 13, 2009",48.925,48.475,49.145,48.375,0.63%
"Jan 14, 2009",48.64,48.76,48.99,48.38,-0.58%
"Jan 15, 2009",48.895,48.535,49.235,48.385,0.52%
"Jan 16, 2009",48.645,48.655,49.005,48.505,-0.51%
"Jan 19, 2009",48.525,48.475,48.82,48.275,-0.25%
"Jan 20, 2009",49.05,48.46,49.28,48.22,1.08%
"Jan 21, 2009",49.05,48.93,49.37,48.69,0.00%
"Jan 22, 2009",49.01,48.86,49.21,48.63,-0.08%
"Jan 23, 2009",49.075,48.875,49.325,48.715,0.13%
"Jan 26, 2009",48.525,48.825,48.825,48.525,-1.12%
"Jan 27, 2009",48.7,48.46,49.06,48.44,0.36%
"Jan 28, 2009",48.67,48.59,48.935,48.51,-0.06%
"Jan 29, 2009",48.77,48.53,49.06,48.39,0.21%
"Jan 30, 2009",48.85,48.63,49.15,48.48,0.16%
"Jul 01, 2009",47.775,48.025,48.165,47.775,0.05%
"Jul 02, 2009",47.925,47.755,48.045,47.575,0.31%
"Jul 03, 2009",47.815,47.825,48.205,47.725,-0.23%
"Jul 06, 2009",48.515,47.795,48.59,47.615,1.46%
"Jul 07, 2009",48.45,48.49,48.755,48.18,-0.13%
"Jul 08, 2009",48.81,48.41,48.955,48.19,0.74%
"Jul 09, 2009",48.58,48.73,49.07,48.55,-0.47%
"Jul 10, 2009",48.77,48.73,49.02,48.39,0.39%
"Jul 13, 2009",48.93,48.71,49.455,48.51,0.33%
"Jul 14, 2009",48.88,48.85,48.99,48.74,-0.10%
"Jul 15, 2009",48.575,48.785,48.89,48.575,-0.62%
"Jul 16, 2009",48.625,48.515,48.875,48.285,0.10%
"Jul 17, 2009",48.57,48.55,48.76,48.36,-0.11%
"Jul 20, 2009",48.12,48.54,48.58,48.12,-0.93%
"Jul 21, 2009",48.225,48.045,48.485,48.025,0.22%
"Jul 22, 2009",48.42,48.12,48.7,48.04,0.40%
"Jul 23, 2009",48.22,48.34,48.6,48.2,-0.41%
"Jul 24, 2009",48.09,48.16,48.42,48.01,-0.27%
"Jul 27, 2009",48.175,48.075,48.255,47.925,0.18%
"Jul 28, 2009",48.225,48.185,48.335,47.925,0.10%
"Jul 29, 2009",48.275,48.065,48.535,47.905,0.10%
"Jul 30, 2009",48.26,48.16,48.59,48.11,-0.03%
"Jul 31, 2009",47.825,48.385,48.385,47.775,-0.90%
"Jun 01, 2009",46.79,47.09,47.09,46.79,-0.70%
"Jun 02, 2009",46.81,46.75,47.24,46.58,0.04%
"Jun 03, 2009",46.89,46.76,47.08,46.59,0.17%
"Jun 04, 2009",47.105,46.875,47.375,46.775,0.46%
"Jun 05, 2009",46.95,47.02,47.19,46.87,-0.33%
"Jun 08, 2009",47.525,46.925,47.765,46.825,1.22%
"Jun 09, 2009",47.33,47.33,47.785,47.21,-0.41%
"Jun 10, 2009",47.225,47.205,47.405,47.075,-0.22%
"Jun 11, 2009",47.425,47.305,47.635,47.075,0.42%
"Jun 12, 2009",47.45,47.31,47.63,47.15,0.05%
"Jun 15, 2009",47.61,47.37,48.005,47.21,0.34%
"Jun 16, 2009",47.675,47.755,47.975,47.505,0.14%
"Jun 17, 2009",47.97,47.59,48.17,47.44,0.62%
"Jun 18, 2009",48.06,47.9,48.33,47.76,0.19%
"Jun 19, 2009",48.025,48.005,48.3,47.865,-0.07%
"Jun 22, 2009",48.545,47.985,48.705,47.805,1.08%
"Jun 23, 2009",48.475,48.445,48.965,48.325,-0.14%
"Jun 24, 2009",48.365,48.445,48.605,48.275,-0.23%
"Jun 25, 2009",48.525,48.365,48.745,48.275,0.33%
"Jun 26, 2009",48.035,48.605,48.605,48.015,-1.01%
"Jun 29, 2009",48.025,48.025,48.285,47.875,-0.02%
"Jun 30, 2009",47.75,47.99,48.06,47.75,-0.57%
"Mar 02, 2009",51.825,50.845,51.975,50.725,1.61%
"Mar 03, 2009",51.97,51.78,52.14,51.56,0.28%
"Mar 04, 2009",51.54,51.91,52.04,51.44,-0.83%
"Mar 05, 2009",51.605,51.465,52.105,51.225,0.13%
"Mar 06, 2009",51.69,51.58,51.865,51.42,0.16%
"Mar 09, 2009",51.815,51.635,52.015,51.505,0.24%
"Mar 10, 2009",51.36,51.71,51.76,51.36,-0.88%
"Mar 11, 2009",50.99,51.31,51.31,50.99,-0.72%
"Mar 12, 2009",51.5,50.96,51.93,50.85,1.00%
"Mar 13, 2009",51.55,51.46,51.78,51.15,0.10%
"Mar 16, 2009",51.14,51.31,51.7,51.14,-0.80%
"Mar 17, 2009",51.26,51.13,51.535,51.01,0.23%
"Mar 18, 2009",51.13,51.22,51.49,51.07,-0.25%
"Mar 19, 2009",50.26,50.95,51.11,50.11,-1.70%
"Mar 20, 2009",50.52,50.11,50.81,50.03,0.52%
"Mar 23, 2009",50.31,50.46,50.67,50.29,-0.42%
"Mar 24, 2009",50.425,50.295,50.755,50.105,0.23%
"Mar 25, 2009",50.53,50.31,51.11,50.14,0.21%
"Mar 26, 2009",50.42,50.41,50.76,50.3,-0.22%
"Mar 27, 2009",50.525,50.295,50.645,50.075,0.21%
"Mar 30, 2009",51.13,50.31,51.33,50.19,1.20%
"Mar 31, 2009",50.57,51.17,51.2,50.56,-1.10%
"May 01, 2009",49.675,49.735,49.735,49.525,-0.10%
"May 04, 2009",49.69,49.6,49.96,49.38,0.03%
"May 05, 2009",49.245,49.585,49.715,49.205,-0.90%
"May 06, 2009",49.435,49.175,49.695,49.175,0.39%
"May 07, 2009",49.115,49.405,49.605,49.095,-0.65%
"May 08, 2009",49.155,49.125,49.483,49.025,0.08%
"May 11, 2009",49.43,49.12,49.54,48.92,0.56%
"May 12, 2009",49.275,49.395,49.775,49.225,-0.31%
"May 13, 2009",49.635,49.245,49.755,49.075,0.73%
"May 14, 2009",49.62,49.59,50.03,49.4,-0.03%
"May 15, 2009",49.31,49.61,49.65,49.3,-0.62%
"May 18, 2009",47.59,49.31,49.31,47.59,-3.49%
"May 19, 2009",47.53,47.56,47.95,47.27,-0.13%
"May 20, 2009",47.435,47.575,47.995,47.325,-0.20%
"May 21, 2009",47.23,47.39,47.57,47.19,-0.43%
"May 22, 2009",46.83,47.19,47.23,46.83,-0.85%
"May 25, 2009",47.285,46.805,47.46,46.665,0.97%
"May 26, 2009",47.475,47.135,47.95,47.015,0.40%
"May 27, 2009",47.58,47.41,47.93,47.25,0.22%
"May 28, 2009",47.525,47.545,48.105,47.425,-0.12%
"May 29, 2009",47.12,47.43,47.54,47.06,-0.85%
"Nov 02, 2009",46.825,47.005,47.005,46.815,-0.21%
"Nov 03, 2009",47.145,46.955,47.445,46.955,0.68%
"Nov 04, 2009",46.91,47.06,47.27,46.91,-0.50%
"Nov 05, 2009",46.97,46.86,47.27,46.74,0.13%
"Nov 06, 2009",46.825,46.885,46.905,46.745,-0.31%
"Nov 09, 2009",46.37,46.75,46.75,46.32,-0.97%
"Nov 10, 2009",46.325,46.475,46.635,46.225,-0.10%
"Nov 11, 2009",46.354,46.264,46.604,46.204,0.06%
"Nov 12, 2009",46.62,46.29,46.7,46.1,0.57%
"Nov 13, 2009",46.19,46.67,46.76,46.19,-0.92%
"Nov 16, 2009",46.005,46.135,46.295,45.985,-0.40%
"Nov 17, 2009",46.225,45.905,46.39,45.775,0.48%
"Nov 18, 2009",46.215,46.185,46.305,46.065,-0.02%
"Nov 19, 2009",46.75,46.12,46.77,46.05,1.16%
"Nov 20, 2009",46.575,46.575,46.75,46.405,-0.37%
"Nov 23, 2009",46.465,46.515,46.605,46.365,-0.24%
"Nov 24, 2009",46.47,46.33,46.645,46.28,0.01%
"Nov 25, 2009",45.98,46.35,46.38,45.98,-1.05%
"Nov 26, 2009",46.675,45.995,46.675,45.845,1.51%
"Nov 27, 2009",46.465,46.565,47.09,46.385,-0.45%
"Nov 30, 2009",46.535,46.445,46.56,46.195,0.15%
"Oct 01, 2009",47.72,47.71,47.92,47.61,-0.03%
"Oct 02, 2009",47.63,47.66,47.88,47.61,-0.19%
"Oct 05, 2009",47.415,47.565,47.675,47.415,-0.45%
"Oct 06, 2009",46.765,47.535,47.535,46.685,-1.37%
"Oct 07, 2009",46.65,46.73,46.9,46.5,-0.25%
"Oct 08, 2009",46.225,46.725,46.725,46.215,-0.91%
"Oct 09, 2009",46.515,46.205,46.655,46.075,0.63%
"Oct 12, 2009",46.345,46.365,46.705,46.345,-0.37%
"Oct 13, 2009",46.405,46.265,46.445,46.235,0.13%
"Oct 14, 2009",46.004,46.484,46.484,45.994,-0.86%
"Oct 15, 2009",45.975,45.925,46.295,45.795,-0.06%
"Oct 16, 2009",46.225,45.925,46.385,45.835,0.54%
"Oct 19, 2009",46.02,46.15,46.15,46.02,-0.44%
"Oct 20, 2009",46.265,45.925,46.265,45.855,0.53%
"Oct 21, 2009",46.345,46.155,46.595,46.105,0.17%
"Oct 22, 2009",46.565,46.275,46.845,46.195,0.47%
"Oct 23, 2009",46.5,46.42,46.605,46.36,-0.14%
"Oct 26, 2009",46.575,46.425,46.705,46.365,0.16%
"Oct 27, 2009",46.945,46.645,47.02,46.465,0.79%
"Oct 28, 2009",47.175,46.945,47.395,46.745,0.49%
"Oct 29, 2009",46.78,47.07,47.635,46.75,-0.84%
"Oct 30, 2009",46.925,46.755,47.165,46.675,0.31%
"Sep 01, 2009",49.155,48.675,49.155,48.475,0.96%
"Sep 02, 2009",48.975,49.145,49.215,48.835,-0.37%
"Sep 03, 2009",48.825,48.985,49.035,48.755,-0.31%
"Sep 04, 2009",48.775,48.895,48.985,48.825,-0.10%
"Sep 07, 2009",48.585,48.735,48.782,48.565,-0.39%
"Sep 08, 2009",48.325,48.685,48.725,48.325,-0.54%
"Sep 09, 2009",48.455,48.375,48.595,48.185,0.27%
"Sep 10, 2009",48.415,48.465,48.68,48.31,-0.08%
"Sep 11, 2009",48.31,48.4,48.635,48.3,-0.22%
"Sep 14, 2009",48.68,48.33,48.81,48.21,0.77%
"Sep 15, 2009",48.46,48.64,48.7,48.46,-0.45%
"Sep 16, 2009",48.145,48.465,48.505,48.135,-0.65%
"Sep 17, 2009",48.11,48.11,48.19,47.89,-0.07%
"Sep 18, 2009",48.01,48.05,48.29,47.99,-0.21%
"Sep 21, 2009",47.975,48.155,48.155,47.975,-0.07%
"Sep 22, 2009",47.925,47.965,48.245,47.885,-0.10%
"Sep 23, 2009",47.995,47.905,48.14,47.845,0.15%
"Sep 24, 2009",47.895,47.975,48.22,47.845,-0.21%
"Sep 25, 2009",47.945,48.255,48.285,47.885,0.10%
"Sep 28, 2009",47.754,47.854,47.854,47.754,-0.40%
"Sep 29, 2009",48.135,47.855,48.155,47.855,0.80%
"Sep 30, 2009",47.735,48.105,48.105,47.715,-0.83%
"Apr 01, 2010",44.815,44.925,44.925,44.625,-0.02%
"Apr 02, 2010",44.765,44.715,44.765,44.625,-0.11%
"Apr 05, 2010",44.385,44.735,44.805,44.375,-0.85%
"Apr 06, 2010",44.425,44.375,44.585,44.275,0.09%
"Apr 07, 2010",44.427,44.328,44.603,44.287,0.00%
"Apr 08, 2010",44.365,44.355,44.718,44.315,-0.14%
"Apr 09, 2010",44.175,44.345,44.465,44.165,-0.43%
"Apr 12, 2010",44.485,44.175,44.53,44.125,0.70%
"Apr 13, 2010",44.545,44.345,44.705,44.295,0.13%
"Apr 14, 2010",44.215,44.455,44.455,44.175,-0.74%
"Apr 15, 2010",44.345,44.165,44.515,44.075,0.29%
"Apr 16, 2010",44.275,44.285,44.605,44.215,-0.16%
"Apr 19, 2010",44.735,44.235,44.755,44.195,1.04%
"Apr 20, 2010",44.515,44.655,44.655,44.415,-0.49%
"Apr 21, 2010",44.555,44.385,44.57,44.235,0.09%
"Apr 22, 2010",44.535,44.555,44.605,44.275,-0.04%
"Apr 23, 2010",44.315,44.415,44.655,44.315,-0.49%
"Apr 26, 2010",44.395,44.285,44.43,44.145,0.18%
"Apr 27, 2010",44.445,44.325,44.485,44.155,0.11%
"Apr 28, 2010",44.645,44.445,44.755,44.355,0.45%
"Apr 29, 2010",44.53,44.64,44.66,44.45,-0.26%
"Apr 30, 2010",44.275,44.425,44.49,44.225,-0.57%
"Aug 02, 2010",46.245,46.325,46.325,46.095,-0.34%
"Aug 03, 2010",46.165,46.085,46.245,45.815,-0.17%
"Aug 04, 2010",45.89,46.05,46.315,45.76,-0.60%
"Aug 05, 2010",46.085,45.905,46.29,45.735,0.42%
"Aug 06, 2010",45.985,45.995,46.203,45.755,-0.22%
"Aug 09, 2010",46.125,45.885,46.155,45.735,0.30%
"Aug 10, 2010",46.4,45.99,46.435,45.76,0.60%
"Aug 11, 2010",46.705,46.245,46.71,46.055,0.66%
"Aug 12, 2010",46.77,46.575,47.035,46.415,0.14%
"Aug 13, 2010",46.625,46.645,46.835,46.375,-0.31%
"Aug 16, 2010",46.8,46.545,46.895,46.375,0.38%
"Aug 17, 2010",46.645,46.645,46.715,46.355,-0.33%
"Aug 18, 2010",46.56,46.495,46.7,46.215,-0.18%
"Aug 19, 2010",46.513,46.407,46.513,46.258,-0.10%
"Aug 20, 2010",46.615,46.445,46.79,46.185,0.22%
"Aug 23, 2010",46.645,46.565,46.72,46.285,0.06%
"Aug 24, 2010",46.905,46.555,47.01,46.275,0.56%
"Aug 25, 2010",46.905,46.805,47.03,46.555,0.00%
"Aug 26, 2010",46.845,46.825,46.91,46.505,-0.13%
"Aug 27, 2010",46.81,46.755,47.01,46.565,-0.07%
"Aug 30, 2010",46.915,46.725,46.935,46.385,0.22%
"Aug 31, 2010",47.065,46.875,47.15,46.505,0.32%
"Dec 01, 2010",45.295,45.905,45.905,45.275,-1.10%
"Dec 02, 2010",45.15,45.39,45.405,45.07,-0.32%
"Dec 03, 2010",44.915,45.125,45.225,44.905,-0.52%
"Dec 06, 2010",44.825,44.835,45.055,44.745,-0.20%
"Dec 07, 2010",44.83,44.78,44.88,44.59,0.01%
"Dec 08, 2010",45.02,44.83,45.22,44.71,0.42%
"Dec 09, 2010",45.15,45.077,45.335,44.91,0.29%
"Dec 10, 2010",44.98,45.23,45.37,44.97,-0.38%
"Dec 13, 2010",45.192,44.933,45.278,44.853,0.47%
"Dec 14, 2010",44.93,45.145,45.145,44.87,-0.58%
"Dec 15, 2010",45.358,44.953,45.578,44.837,0.95%
"Dec 16, 2010",45.455,45.41,45.625,45.225,0.21%
"Dec 17, 2010",45.175,45.465,45.465,45.175,-0.62%
"Dec 20, 2010",45.355,45.155,45.675,45.135,0.40%
"Dec 21, 2010",45.21,45.49,45.49,45.14,-0.32%
"Dec 22, 2010",45.03,45.245,45.28,44.97,-0.40%
"Dec 23, 2010",45.075,45.1,45.185,44.915,0.10%
"Dec 24, 2010",45.03,45.18,45.26,44.99,-0.10%
"Dec 27, 2010",45.13,44.99,45.3,44.92,0.22%
"Dec 28, 2010",44.975,45.265,45.265,44.975,-0.34%
"Dec 29, 2010",44.95,45.1,45.165,44.95,-0.06%
"Dec 30, 2010",44.83,45.06,45.06,44.82,-0.27%
"Dec 31, 2010",44.713,44.963,44.963,44.662,-0.26%
"Feb 01, 2010",46.14,46.16,46.45,46.03,0.03%
"Feb 02, 2010",46.125,46.075,46.335,45.955,-0.03%
"Feb 03, 2010",45.925,46.045,46.155,45.925,-0.43%
"Feb 04, 2010",46.235,45.995,46.285,45.785,0.68%
"Feb 05, 2010",46.645,46.275,46.775,46.075,0.89%
"Feb 08, 2010",46.845,46.555,46.89,46.395,0.43%
"Feb 09, 2010",46.405,46.765,46.815,46.385,-0.94%
"Feb 10, 2010",46.365,46.315,46.685,46.205,-0.09%
"Feb 11, 2010",46.355,46.355,46.525,46.325,-0.02%
"Feb 12, 2010",46.425,46.445,46.515,46.185,0.15%
"Feb 15, 2010",46.355,46.325,46.465,46.255,-0.15%
"Feb 16, 2010",45.955,46.355,46.315,45.955,-0.86%
"Feb 17, 2010",46.175,45.885,46.175,45.745,0.48%
"Feb 18, 2010",46.255,46.075,46.355,45.925,0.17%
"Feb 19, 2010",46.17,46.27,46.51,46,-0.18%
"Feb 22, 2010",46.125,46.135,46.265,45.975,-0.10%
"Feb 23, 2010",46.275,46.125,46.275,45.955,0.33%
"Feb 24, 2010",46.295,46.265,46.375,46.045,0.04%
"Feb 25, 2010",46.385,46.365,46.535,46.125,0.19%
"Feb 26, 2010",46.105,46.285,46.345,46.075,-0.60%
"Jan 01, 2010",46.615,46.61,46.677,46.59,0.44%
"Jan 04, 2010",46.295,46.545,46.655,46.245,-0.69%
"Jan 05, 2010",46.205,46.305,46.305,46.045,-0.19%
"Jan 06, 2010",45.695,46.165,46.205,45.695,-1.10%
"Jan 07, 2010",45.65,45.61,45.89,45.57,-0.10%
"Jan 08, 2010",45.47,45.68,45.9,45.47,-0.39%
"Jan 11, 2010",45.26,45.51,45.51,45.23,-0.46%
"Jan 12, 2010",45.66,45.14,45.75,45.1,0.88%
"Jan 13, 2010",45.495,45.735,45.775,45.415,-0.36%
"Jan 14, 2010",45.6,45.49,45.72,45.4,0.23%
"Jan 15, 2010",45.79,45.62,45.83,45.41,0.42%
"Jan 18, 2010",45.645,45.785,45.855,45.515,-0.32%
"Jan 19, 2010",45.76,45.66,45.9,45.36,0.25%
"Jan 20, 2010",45.86,45.8,46.13,45.54,0.22%
"Jan 21, 2010",46.23,45.78,46.23,45.72,0.81%
"Jan 22, 2010",46.225,46.305,46.355,46.025,-0.01%
"Jan 25, 2010",46.075,46.175,46.275,46.025,-0.32%
"Jan 26, 2010",45.855,45.995,45.995,45.855,-0.48%
"Jan 27, 2010",46.19,45.87,46.54,45.87,0.73%
"Jan 28, 2010",46.25,46.38,46.47,46.15,0.13%
"Jan 29, 2010",46.125,46.275,46.445,46.075,-0.27%
"Jul 01, 2010",46.585,46.345,46.778,46.295,0.30%
"Jul 02, 2010",46.585,46.475,46.815,46.285,0.00%
"Jul 05, 2010",46.775,46.465,46.845,46.315,0.41%
"Jul 06, 2010",46.77,46.79,46.93,46.55,-0.01%
"Jul 07, 2010",47.02,46.655,47.155,46.425,0.53%
"Jul 08, 2010",46.857,46.885,46.94,46.575,-0.35%
"Jul 09, 2010",46.665,46.685,46.795,46.535,-0.41%
"Jul 12, 2010",46.685,46.575,46.885,46.345,0.04%
"Jul 13, 2010",46.77,46.655,46.95,46.325,0.18%
"Jul 14, 2010",46.705,46.685,46.835,46.405,-0.14%
"Jul 15, 2010",46.615,46.565,46.78,46.315,-0.19%
"Jul 16, 2010",46.725,46.635,46.945,46.245,0.24%
"Jul 19, 2010",47.115,46.605,47.13,46.605,0.83%
"Jul 20, 2010",47.275,47.085,47.435,46.925,0.34%
"Jul 21, 2010",47.165,47.175,47.325,46.905,-0.23%
"Jul 22, 2010",47.125,47.065,47.35,46.865,-0.08%
"Jul 23, 2010",46.915,47.105,47.105,46.745,-0.45%
"Jul 26, 2010",47.055,46.845,47.055,46.635,0.30%
"Jul 27, 2010",46.655,47.045,47.045,46.645,-0.85%
"Jul 28, 2010",46.76,46.585,46.8,46.415,0.23%
"Jul 29, 2010",46.537,46.635,46.755,46.325,-0.48%
"Jul 30, 2010",46.405,46.405,46.615,46.315,-0.28%
"Jun 01, 2010",47.155,46.305,47.205,46.185,1.70%
"Jun 02, 2010",46.985,47.048,47.275,46.725,-0.36%
"Jun 03, 2010",46.66,46.86,46.86,46.35,-0.69%
"Jun 04, 2010",46.885,46.495,46.885,46.355,0.48%
"Jun 07, 2010",47.09,46.835,47.455,46.585,0.44%
"Jun 08, 2010",46.855,47.035,47.155,46.835,-0.50%
"Jun 09, 2010",47.015,46.755,47.145,46.575,0.34%
"Jun 10, 2010",46.775,46.925,47.105,46.675,-0.51%
"Jun 11, 2010",46.775,46.745,46.93,46.365,0.00%
"Jun 14, 2010",46.495,46.725,46.725,46.405,-0.60%
"Jun 15, 2010",46.365,46.475,46.785,46.195,-0.28%
"Jun 16, 2010",46.395,46.265,46.675,46.105,0.06%
"Jun 17, 2010",46.225,46.325,46.655,46.115,-0.37%
"Jun 18, 2010",46.035,46.075,46.285,45.925,-0.41%
"Jun 21, 2010",45.675,45.965,45.965,45.535,-0.78%
"Jun 22, 2010",46.045,45.585,46.305,45.515,0.81%
"Jun 23, 2010",46.175,46.245,46.355,45.945,0.28%
"Jun 24, 2010",46.495,46.095,46.585,45.805,0.69%
"Jun 25, 2010",46.075,46.425,46.655,46.075,-0.90%
"Jun 28, 2010",46.205,46.015,46.235,45.805,0.28%
"Jun 29, 2010",46.485,46.075,46.605,45.885,0.61%
"Jun 30, 2010",46.445,46.345,46.695,46.185,-0.09%
"Mar 01, 2010",46.005,46.085,46.147,45.955,-0.22%
"Mar 02, 2010",45.704,46.024,46.094,45.704,-0.65%
"Mar 03, 2010",45.7,45.71,45.93,45.57,-0.01%
"Mar 04, 2010",45.795,45.695,45.895,45.515,0.21%
"Mar 05, 2010",45.455,45.795,45.835,45.455,-0.74%
"Mar 08, 2010",45.535,45.455,45.545,45.395,0.18%
"Mar 09, 2010",45.59,45.55,45.66,45.47,0.12%
"Mar 10, 2010",45.42,45.48,45.543,45.34,-0.37%
"Mar 11, 2010",45.515,45.335,45.638,45.255,0.21%
"Mar 12, 2010",45.465,45.505,45.565,45.375,-0.11%
"Mar 15, 2010",45.565,45.455,45.69,45.265,0.22%
"Mar 16, 2010",45.52,45.48,45.62,45.39,-0.10%
"Mar 17, 2010",45.395,45.455,45.505,45.295,-0.27%
"Mar 18, 2010",45.475,45.345,45.555,45.235,0.18%
"Mar 19, 2010",45.455,45.345,45.538,45.275,-0.04%
"Mar 22, 2010",45.495,45.525,45.615,45.335,0.09%
"Mar 23, 2010",45.435,45.425,45.635,45.295,-0.13%
"Mar 24, 2010",45.432,45.343,45.653,45.242,-0.01%
"Mar 25, 2010",45.43,45.42,45.71,45.28,0.00%
"Mar 26, 2010",45.135,45.525,45.555,45.125,-0.65%
"Mar 29, 2010",44.895,45.065,45.175,44.815,-0.53%
"Mar 30, 2010",45.025,44.825,45.17,44.775,0.29%
"Mar 31, 2010",44.825,44.935,45.205,44.825,-0.44%
"May 03, 2010",44.52,44.205,44.605,44.185,0.55%
"May 04, 2010",44.615,44.455,44.64,44.335,0.21%
"May 05, 2010",44.825,44.505,44.987,44.475,0.47%
"May 06, 2010",45.485,44.795,45.485,44.745,1.47%
"May 07, 2010",45.565,45.395,45.75,45.345,0.18%
"May 10, 2010",44.85,45.385,45.385,44.755,-1.57%
"May 11, 2010",45.095,44.765,45.35,44.685,0.55%
"May 12, 2010",44.975,45.335,45.39,44.875,-0.27%
"May 13, 2010",45.075,44.825,45.165,44.785,0.22%
"May 14, 2010",45.275,44.975,45.285,44.875,0.44%
"May 17, 2010",45.515,45.145,45.795,45.065,0.53%
"May 18, 2010",45.595,45.405,45.695,45.345,0.18%
"May 19, 2010",46.365,45.455,46.415,45.385,1.69%
"May 20, 2010",46.815,46.195,46.825,46.005,0.97%
"May 21, 2010",46.925,46.835,47.355,46.785,0.23%
"May 24, 2010",46.975,46.955,47.035,46.595,0.11%
"May 25, 2010",47.515,46.845,47.765,46.725,1.15%
"May 26, 2010",47.125,47.725,47.725,47.095,-0.82%
"May 27, 2010",46.745,47.025,47.075,46.725,-0.81%
"May 28, 2010",46.325,46.645,46.785,46.325,-0.90%
"May 31, 2010",46.365,46.225,46.595,46.175,0.09%
"Nov 01, 2010",44.47,44.275,44.485,44.205,0.33%
"Nov 02, 2010",44.37,44.355,44.485,44.265,-0.22%
"Nov 03, 2010",44.355,44.315,44.427,44.135,-0.03%
"Nov 04, 2010",44,44.22,44.355,44,-0.80%
"Nov 05, 2010",43.925,43.975,43.975,43.865,-0.17%
"Nov 08, 2010",44.35,43.89,44.47,43.83,0.97%
"Nov 09, 2010",44.35,44.39,44.48,44.21,0.00%
"Nov 10, 2010",44.3,44.33,44.465,44.2,-0.11%
"Nov 11, 2010",44.525,44.325,44.525,44.145,0.51%
"Nov 12, 2010",44.785,44.505,44.885,44.195,0.58%
"Nov 15, 2010",45.21,44.72,45.26,44.58,0.95%
"Nov 16, 2010",45.32,45.2,45.55,44.99,0.24%
"Nov 17, 2010",45.115,45.335,45.335,45.035,-0.45%
"Nov 18, 2010",45.26,45.02,45.59,44.97,0.32%
"Nov 19, 2010",45.275,45.265,45.415,45.105,0.03%
"Nov 22, 2010",45.465,45.215,45.505,45.035,0.42%
"Nov 23, 2010",45.565,45.43,45.76,45.325,0.22%
"Nov 24, 2010",45.715,45.575,45.905,45.42,0.33%
"Nov 25, 2010",45.565,45.705,45.767,45.47,-0.33%
"Nov 26, 2010",45.825,45.54,45.91,45.35,0.57%
"Nov 29, 2010",45.825,45.775,46.02,45.68,0.00%
"Nov 30, 2010",45.8,45.95,46.13,45.75,-0.05%
"Oct 01, 2010",44.375,44.555,44.845,44.365,-0.44%
"Oct 04, 2010",44.58,44.325,44.645,44.205,0.46%
"Oct 05, 2010",44.465,44.535,44.79,44.415,-0.26%
"Oct 06, 2010",44.225,44.445,44.575,44.175,-0.54%
"Oct 07, 2010",44.2,44.175,44.435,44.055,-0.06%
"Oct 08, 2010",44.415,44.175,44.52,44.135,0.49%
"Oct 11, 2010",44.405,44.345,44.445,44.185,-0.02%
"Oct 12, 2010",44.515,44.345,44.79,44.255,0.25%
"Oct 13, 2010",44.365,44.475,44.595,44.305,-0.34%
"Oct 14, 2010",44.105,44.285,44.325,44.055,-0.59%
"Oct 15, 2010",44.075,44.105,44.275,43.995,-0.07%
"Oct 18, 2010",44.265,44.055,44.425,44.015,0.43%
"Oct 19, 2010",44.355,44.215,44.51,44.005,0.20%
"Oct 20, 2010",44.255,44.335,44.505,44.215,-0.23%
"Oct 21, 2010",44.31,44.195,44.435,44.155,0.12%
"Oct 22, 2010",44.515,44.265,44.615,44.165,0.46%
"Oct 25, 2010",44.355,44.445,44.45,44.255,-0.36%
"Oct 26, 2010",44.44,44.305,44.555,44.185,0.19%
"Oct 27, 2010",44.45,44.395,44.635,44.315,0.02%
"Oct 28, 2010",44.39,44.42,44.58,44.23,-0.13%
"Oct 29, 2010",44.325,44.325,44.585,44.245,-0.15%
"Sep 01, 2010",46.675,47.045,47.045,46.575,-0.83%
"Sep 02, 2010",46.725,46.595,46.86,46.415,0.11%
"Sep 03, 2010",46.485,46.605,46.75,46.395,-0.51%
"Sep 06, 2010",46.54,46.395,46.655,46.155,0.12%
"Sep 07, 2010",46.835,46.505,46.91,46.235,0.63%
"Sep 08, 2010",46.492,46.797,46.843,46.358,-0.73%
"Sep 09, 2010",46.36,46.46,46.648,46.21,-0.28%
"Sep 10, 2010",46.285,46.295,46.363,46.225,-0.16%
"Sep 13, 2010",46.31,46.22,46.415,46.1,0.05%
"Sep 14, 2010",46.27,46.27,46.465,46.07,-0.09%
"Sep 15, 2010",46.2,46.16,46.46,46.08,-0.15%
"Sep 16, 2010",46.145,46.145,46.415,46.075,-0.12%
"Sep 17, 2010",45.855,46.085,46.128,45.785,-0.63%
"Sep 20, 2010",45.705,45.795,45.885,45.585,-0.33%
"Sep 21, 2010",45.665,45.665,45.835,45.465,-0.09%
"Sep 22, 2010",45.585,45.625,45.625,45.415,-0.18%
"Sep 23, 2010",45.475,45.595,45.745,45.475,-0.24%
"Sep 24, 2010",45.11,45.41,45.61,45.11,-0.80%
"Sep 27, 2010",45.01,45.065,45.205,44.935,-0.22%
"Sep 28, 2010",44.99,44.97,45.295,44.83,-0.04%
"Sep 29, 2010",44.715,44.965,45.105,44.715,-0.61%
"Sep 30, 2010",44.57,44.67,44.67,44.55,-0.32%
"Apr 01, 2011",44.395,44.505,44.545,44.395,-0.31%
"Apr 04, 2011",44.395,44.415,44.435,44.272,0.00%
"Apr 05, 2011",44.325,44.365,44.493,44.255,-0.16%
"Apr 06, 2011",44.075,44.295,44.3,44.065,-0.56%
"Apr 07, 2011",44.205,44.05,44.28,43.987,0.29%
"Apr 08, 2011",44.08,44.17,44.17,44,-0.28%
"Apr 11, 2011",44.38,44.04,44.412,43.902,0.68%
"Apr 12, 2011",44.205,44.275,44.275,44.18,-0.39%
"Apr 13, 2011",44.525,44.575,44.602,44.415,0.72%
"Apr 14, 2011",44.505,44.425,44.505,44.272,-0.04%
"Apr 15, 2011",44.275,44.425,44.6,44.275,-0.52%
"Apr 18, 2011",44.525,44.235,44.535,44.175,0.56%
"Apr 19, 2011",44.385,44.415,44.71,44.277,-0.31%
"Apr 20, 2011",44.275,44.355,44.455,44.265,-0.25%
"Apr 21, 2011",44.38,44.21,44.45,44.12,0.24%
"Apr 22, 2011",44.19,44.31,44.31,44.19,-0.43%
"Apr 25, 2011",44.455,44.197,44.55,44.145,0.60%
"Apr 26, 2011",44.49,44.39,44.638,44.29,0.08%
"Apr 27, 2011",44.335,44.435,44.502,44.335,-0.35%
"Apr 28, 2011",44.31,44.32,44.46,44.23,-0.06%
"Apr 29, 2011",44.255,44.317,44.485,44.195,-0.12%
"Aug 01, 2011",44.07,44.105,44.108,43.995,-0.32%
"Aug 02, 2011",44.24,44.01,44.34,43.97,0.39%
"Aug 03, 2011",44.315,44.185,44.41,44.155,0.17%
"Aug 04, 2011",44.545,44.245,44.58,44.165,0.52%
"Aug 05, 2011",44.72,44.46,44.855,44.43,0.39%
"Aug 08, 2011",44.97,44.645,45.065,44.575,0.56%
"Aug 09, 2011",45.21,44.905,45.395,44.905,0.53%
"Aug 10, 2011",45.255,45.105,45.355,44.95,0.10%
"Aug 11, 2011",45.415,45.175,45.455,45.165,0.35%
"Aug 12, 2011",45.4,45.32,45.46,45.19,-0.03%
"Aug 15, 2011",45.345,45.295,45.346,45.185,-0.12%
"Aug 16, 2011",45.385,45.245,45.39,45.105,0.09%
"Aug 17, 2011",45.41,45.255,45.46,45.135,0.06%
"Aug 18, 2011",45.745,45.305,45.752,45.235,0.74%
"Aug 19, 2011",45.67,45.65,45.755,45.59,-0.16%
"Aug 22, 2011",45.57,45.755,46.095,45.57,-0.22%
"Aug 23, 2011",45.625,45.665,45.758,45.525,0.12%
"Aug 24, 2011",45.995,45.535,46.045,45.495,0.81%
"Aug 25, 2011",46.045,45.895,46.22,45.805,0.11%
"Aug 26, 2011",46.16,45.96,46.19,45.88,0.25%
"Aug 29, 2011",46.055,46.055,46.075,45.77,-0.23%
"Aug 30, 2011",46.09,45.955,46.145,45.9,0.08%
"Aug 31, 2011",45.8,45.99,45.99,45.8,-0.63%
"Dec 01, 2011",51.37,52.1,52.21,51.37,-1.46%
"Dec 02, 2011",51.11,51.47,51.605,51.11,-0.51%
"Dec 05, 2011",51.26,51.07,51.472,50.95,0.29%
"Dec 06, 2011",51.24,51.417,51.417,51.24,-0.04%
"Dec 07, 2011",51.63,51.22,51.728,51.21,0.76%
"Dec 08, 2011",51.71,51.725,51.915,51.54,0.15%
"Dec 09, 2011",51.875,51.755,52.355,51.665,0.32%
"Dec 12, 2011",52.605,52.175,52.855,52.125,1.41%
"Dec 13, 2011",53.1,52.59,53.525,52.56,0.94%
"Dec 14, 2011",53.61,53.23,53.89,53.15,0.96%
"Dec 15, 2011",53.52,53.71,54.33,53.52,-0.17%
"Dec 16, 2011",52.5,53.65,53.65,52.21,-1.91%
"Dec 19, 2011",52.7,52.48,53.25,52.42,0.38%
"Dec 20, 2011",52.77,52.79,53.1,52.65,0.13%
"Dec 21, 2011",52.4,52.88,52.88,52.4,-0.70%
"Dec 22, 2011",52.565,52.505,52.865,52.425,0.31%
"Dec 23, 2011",52.79,52.74,52.98,52.64,0.43%
"Dec 26, 2011",52.72,52.78,52.94,52.67,-0.13%
"Dec 27, 2011",52.92,52.815,53.13,52.76,0.38%
"Dec 28, 2011",52.89,53.03,53.445,52.86,-0.06%
"Dec 29, 2011",53.005,52.885,53.495,52.885,0.22%
"Dec 30, 2011",53.015,53.005,53.365,52.905,0.02%
"Feb 01, 2011",45.45,45.92,45.95,45.42,-0.82%
"Feb 02, 2011",45.57,45.43,45.705,45.37,0.26%
"Feb 03, 2011",45.565,45.635,45.695,45.445,-0.01%
"Feb 04, 2011",45.575,45.565,45.695,45.445,0.02%
"Feb 07, 2011",45.325,45.515,45.665,45.315,-0.55%
"Feb 08, 2011",45.235,45.315,45.43,45.165,-0.20%
"Feb 09, 2011",45.52,45.31,45.53,45.08,0.63%
"Feb 10, 2011",45.655,45.49,45.765,45.295,0.30%
"Feb 11, 2011",45.615,45.74,45.795,45.535,-0.09%
"Feb 14, 2011",45.43,45.49,45.61,45.43,-0.41%
"Feb 15, 2011",45.505,45.415,45.555,45.375,0.17%
"Feb 16, 2011",45.405,45.535,45.535,45.345,-0.22%
"Feb 17, 2011",45.265,45.535,45.535,45.265,-0.31%
"Feb 18, 2011",45.115,45.35,45.35,45.135,-0.33%
"Feb 21, 2011",44.945,45.075,45.205,44.925,-0.38%
"Feb 22, 2011",45.175,45,45.355,44.875,0.51%
"Feb 23, 2011",45.08,45.28,45.31,45.03,-0.21%
"Feb 24, 2011",45.43,45.145,45.513,44.96,0.78%
"Feb 25, 2011",45.275,45.495,45.495,45.275,-0.34%
"Feb 28, 2011",45.265,45.225,45.315,45.18,-0.02%
"Jan 03, 2011",44.625,44.635,44.805,44.575,-0.20%
"Jan 04, 2011",44.92,44.61,45.11,44.53,0.66%
"Jan 05, 2011",45.325,45.005,45.465,44.905,0.90%
"Jan 06, 2011",45.355,45.347,45.45,45.115,0.07%
"Jan 07, 2011",45.355,45.255,45.535,45.135,0.00%
"Jan 10, 2011",45.35,45.29,45.57,45.235,-0.01%
"Jan 11, 2011",45.155,45.47,45.47,45.075,-0.43%
"Jan 12, 2011",45.02,45.1,45.225,45.02,-0.30%
"Jan 13, 2011",45.135,45.145,45.285,44.905,0.26%
"Jan 14, 2011",45.365,45.095,45.465,44.985,0.51%
"Jan 17, 2011",45.465,45.305,45.665,45.195,0.22%
"Jan 18, 2011",45.445,45.53,45.58,45.315,-0.04%
"Jan 19, 2011",45.33,45.41,45.55,45.26,-0.25%
"Jan 20, 2011",45.685,45.465,45.845,45.235,0.78%
"Jan 21, 2011",45.63,45.56,45.79,45.46,-0.12%
"Jan 24, 2011",45.47,45.56,45.71,45.47,-0.35%
"Jan 25, 2011",45.71,45.47,45.82,45.43,0.53%
"Jan 26, 2011",45.475,45.735,45.735,45.475,-0.51%
"Jan 27, 2011",45.51,45.51,45.69,45.41,0.08%
"Jan 28, 2011",45.92,45.59,45.92,45.42,0.90%
"Jan 31, 2011",45.825,45.825,46.035,45.745,-0.21%
"Jul 01, 2011",44.63,44.66,44.665,44.5,-0.16%
"Jul 04, 2011",44.43,44.55,44.55,44.34,-0.45%
"Jul 05, 2011",44.43,44.432,44.545,44.35,0.00%
"Jul 06, 2011",44.48,44.402,44.505,44.335,0.11%
"Jul 07, 2011",44.28,44.42,44.462,44.28,-0.45%
"Jul 08, 2011",44.38,44.25,44.42,44.2,0.23%
"Jul 11, 2011",44.485,44.345,44.498,44.295,0.24%
"Jul 12, 2011",44.705,44.45,44.77,44.4,0.49%
"Jul 13, 2011",44.525,44.585,44.63,44.515,-0.40%
"Jul 14, 2011",44.505,44.44,44.57,44.43,-0.04%
"Jul 15, 2011",44.515,44.455,44.59,44.405,0.02%
"Jul 18, 2011",44.57,44.44,44.67,44.39,0.12%
"Jul 19, 2011",44.495,44.51,44.605,44.44,-0.17%
"Jul 20, 2011",44.45,44.425,44.505,44.365,-0.10%
"Jul 21, 2011",44.405,44.405,44.532,44.335,-0.10%
"Jul 22, 2011",44.35,44.36,44.417,44.27,-0.12%
"Jul 25, 2011",44.4,44.275,44.442,44.245,0.11%
"Jul 26, 2011",44.18,44.345,44.345,44.085,-0.50%
"Jul 27, 2011",44.085,44.125,44.175,43.855,-0.22%
"Jul 28, 2011",44.08,44.025,44.177,43.985,-0.01%
"Jul 29, 2011",44.21,44.02,44.25,43.96,0.29%
"Jun 01, 2011",44.845,45.005,45.005,44.775,-0.48%
"Jun 02, 2011",44.825,44.805,44.985,44.805,-0.04%
"Jun 03, 2011",44.83,44.77,44.93,44.7,0.01%
"Jun 06, 2011",44.755,44.745,44.825,44.645,-0.17%
"Jun 07, 2011",44.675,44.685,44.83,44.575,-0.18%
"Jun 08, 2011",44.705,44.635,44.755,44.525,0.07%
"Jun 09, 2011",44.735,44.655,44.77,44.545,0.07%
"Jun 10, 2011",44.73,44.67,44.773,44.55,-0.01%
"Jun 13, 2011",44.865,44.69,44.92,44.61,0.30%
"Jun 14, 2011",44.746,44.789,44.864,44.619,-0.27%
"Jun 15, 2011",44.77,44.66,44.84,44.55,0.05%
"Jun 16, 2011",44.905,44.67,44.97,44.62,0.30%
"Jun 17, 2011",44.8,44.85,44.975,44.76,-0.23%
"Jun 20, 2011",45,44.74,45.065,44.63,0.45%
"Jun 21, 2011",44.845,44.91,44.975,44.78,-0.34%
"Jun 22, 2011",44.895,44.76,44.915,44.64,0.11%
"Jun 23, 2011",44.955,44.81,45.01,44.66,0.13%
"Jun 24, 2011",44.995,44.845,45.025,44.785,0.09%
"Jun 27, 2011",45.035,44.91,45.15,44.82,0.09%
"Jun 28, 2011",45.04,44.96,45.075,44.85,0.01%
"Jun 29, 2011",44.865,44.96,45.05,44.75,-0.39%
"Jun 30, 2011",44.7,44.79,44.79,44.55,-0.37%
"Mar 01, 2011",44.855,45.285,45.285,44.845,-0.91%
"Mar 02, 2011",44.825,44.955,44.955,44.815,-0.07%
"Mar 03, 2011",44.875,44.965,45.1,44.825,0.11%
"Mar 04, 2011",44.91,44.88,45.052,44.82,0.08%
"Mar 07, 2011",44.995,44.875,45.2,44.835,0.19%
"Mar 08, 2011",45.035,45.05,45.125,44.875,0.09%
"Mar 09, 2011",44.905,45.1,45.1,44.905,-0.29%
"Mar 10, 2011",45.125,45.015,45.2,44.875,0.49%
"Mar 11, 2011",45.075,45.085,45.3,45.035,-0.11%
"Mar 14, 2011",45.07,45.16,45.215,44.96,-0.01%
"Mar 15, 2011",45.175,45.035,45.377,44.955,0.23%
"Mar 16, 2011",45.115,45.145,45.285,44.995,-0.13%
"Mar 17, 2011",45.16,45.09,45.295,45.05,0.10%
"Mar 18, 2011",45.015,45.115,45.155,45.005,-0.32%
"Mar 21, 2011",44.995,44.945,45.11,44.925,-0.04%
"Mar 22, 2011",44.875,44.965,45.04,44.875,-0.27%
"Mar 23, 2011",44.79,44.86,45.035,44.76,-0.19%
"Mar 24, 2011",44.675,44.775,44.915,44.675,-0.26%
"Mar 25, 2011",44.705,44.635,44.727,44.525,0.07%
"Mar 28, 2011",44.8,44.66,44.918,44.6,0.21%
"Mar 29, 2011",44.69,44.75,44.83,44.66,-0.25%
"Mar 30, 2011",44.63,44.7,44.81,44.62,-0.13%
"Mar 31, 2011",44.535,44.635,44.74,44.515,-0.21%
"May 02, 2011",44.28,44.22,44.38,44.15,0.06%
"May 03, 2011",44.48,44.27,44.535,44.22,0.45%
"May 04, 2011",44.36,44.43,44.627,44.36,-0.27%
"May 05, 2011",44.765,44.355,44.77,44.335,0.91%
"May 06, 2011",44.73,44.73,44.91,44.62,-0.08%
"May 09, 2011",44.69,44.68,44.73,44.59,-0.09%
"May 10, 2011",44.745,44.645,44.805,44.545,0.12%
"May 11, 2011",44.6,44.71,44.727,44.6,-0.32%
"May 12, 2011",44.988,44.575,45.005,44.535,0.87%
"May 13, 2011",44.865,44.895,45.055,44.765,-0.27%
"May 16, 2011",45.155,44.825,45.18,44.745,0.65%
"May 17, 2011",45.12,45.08,45.14,44.99,-0.08%
"May 18, 2011",45.065,45.045,45.105,44.905,-0.12%
"May 19, 2011",44.975,45.025,45.045,44.895,-0.20%
"May 20, 2011",44.95,44.93,45.025,44.85,-0.06%
"May 23, 2011",45.23,44.905,45.325,44.895,0.62%
"May 24, 2011",45.215,45.165,45.265,45.105,-0.03%
"May 25, 2011",45.325,45.155,45.433,45.095,0.24%
"May 26, 2011",45.305,45.245,45.335,45.185,-0.04%
"May 27, 2011",45.18,45.23,45.27,45.14,-0.28%
"May 30, 2011",45.085,45.105,45.143,44.997,-0.21%
"May 31, 2011",45.06,45.045,45.093,44.925,-0.06%
"Nov 01, 2011",49.275,48.595,49.385,48.595,1.19%
"Nov 02, 2011",49.185,49.205,49.43,49.105,-0.18%
"Nov 03, 2011",49.145,49.175,49.562,48.975,-0.08%
"Nov 04, 2011",49,49.05,49.29,48.98,-0.30%
"Nov 07, 2011",48.95,49.11,49.11,48.94,-0.10%
"Nov 08, 2011",49.31,49.13,49.52,49.13,0.74%
"Nov 09, 2011",50.06,49.35,50.19,49.22,1.52%
"Nov 10, 2011",49.985,50.18,50.18,49.985,-0.15%
"Nov 11, 2011",50.005,50.37,50.37,49.975,0.04%
"Nov 14, 2011",50.405,49.965,50.43,49.865,0.80%
"Nov 15, 2011",50.63,50.295,50.745,50.18,0.45%
"Nov 16, 2011",50.75,50.67,50.97,50.57,0.24%
"Nov 17, 2011",50.955,50.745,50.955,50.595,0.40%
"Nov 18, 2011",51.235,50.885,51.405,50.735,0.55%
"Nov 21, 2011",52.065,51.175,52.215,51.095,1.62%
"Nov 22, 2011",52.49,52.17,52.735,52.02,0.82%
"Nov 23, 2011",52.24,52.45,52.515,51.82,-0.48%
"Nov 24, 2011",52.07,52.365,52.365,52.025,-0.33%
"Nov 25, 2011",52.14,52.075,52.46,51.96,0.13%
"Nov 28, 2011",51.96,52.13,52.145,51.87,-0.35%
"Nov 29, 2011",51.91,51.965,52.13,51.86,-0.10%
"Nov 30, 2011",52.13,52.03,52.435,51.84,0.42%
"Oct 03, 2011",49.155,48.965,49.575,48.915,0.28%
"Oct 04, 2011",49.405,49.065,49.475,49.065,0.51%
"Oct 05, 2011",49.345,49.305,49.522,49.12,-0.12%
"Oct 06, 2011",49.15,49.25,49.26,49.14,-0.40%
"Oct 07, 2011",49.04,49.11,49.23,48.9,-0.22%
"Oct 10, 2011",48.975,49.015,49.145,48.815,-0.13%
"Oct 11, 2011",49.34,48.885,49.4,48.755,0.75%
"Oct 12, 2011",48.955,49.235,49.48,48.895,-0.78%
"Oct 13, 2011",49.125,48.965,49.235,48.805,0.35%
"Oct 14, 2011",49.02,49.06,49.225,48.9,-0.21%
"Oct 17, 2011",48.955,48.935,49.035,48.685,-0.13%
"Oct 18, 2011",49.295,48.885,49.395,48.845,0.69%
"Oct 19, 2011",49.16,49.215,49.25,49.095,-0.27%
"Oct 20, 2011",49.807,49.087,49.898,49.028,1.32%
"Oct 21, 2011",49.85,49.72,50.33,49.65,0.09%
"Oct 24, 2011",49.825,49.805,50.015,49.725,-0.05%
"Oct 25, 2011",49.505,49.745,49.77,49.385,-0.64%
"Oct 26, 2011",49.505,49.405,49.505,49.345,0.00%
"Oct 27, 2011",49.005,49.425,49.505,49.005,-1.01%
"Oct 28, 2011",48.62,48.93,48.94,48.62,-0.79%
"Oct 31, 2011",48.695,48.755,48.91,48.535,0.15%
"Sep 01, 2011",45.67,45.75,45.76,45.67,-0.28%
"Sep 02, 2011",45.785,45.655,45.995,45.655,0.25%
"Sep 05, 2011",45.992,45.755,46.025,45.655,0.45%
"Sep 06, 2011",46.115,45.895,46.155,45.815,0.27%
"Sep 07, 2011",46.165,46.005,46.19,45.905,0.11%
"Sep 08, 2011",46.19,46.055,46.275,45.945,0.05%
"Sep 09, 2011",46.49,46.105,46.67,46.06,0.65%
"Sep 12, 2011",47.225,46.445,47.235,46.345,1.58%
"Sep 13, 2011",47.595,47.135,47.66,46.965,0.78%
"Sep 14, 2011",47.645,47.485,48.005,47.365,0.11%
"Sep 15, 2011",47.57,47.55,47.927,47.45,-0.16%
"Sep 16, 2011",47.33,47.47,47.525,47.17,-0.50%
"Sep 19, 2011",47.81,47.33,47.845,47.25,1.01%
"Sep 20, 2011",48.055,47.685,48.248,47.645,0.51%
"Sep 21, 2011",48.33,47.97,48.4,47.84,0.57%
"Sep 22, 2011",49.575,48.255,49.585,48.175,2.58%
"Sep 23, 2011",49.35,49.65,49.895,49.045,-0.45%
"Sep 26, 2011",49.45,49.345,49.78,49.245,0.20%
"Sep 27, 2011",48.915,49.365,49.365,48.795,-1.08%
"Sep 28, 2011",49.095,48.975,49.22,48.655,0.37%
"Sep 29, 2011",48.975,48.995,49.165,48.855,-0.24%
"Sep 30, 2011",49.02,49.04,49.23,48.84,0.09%
"Apr 02, 2012",50.8,50.85,50.93,50.79,-0.15%
"Apr 03, 2012",50.56,50.88,50.88,50.519,-0.47%
"Apr 04, 2012",51.05,50.82,51.24,50.81,0.97%
"Apr 05, 2012",51.04,51.12,51.17,50.97,-0.02%
"Apr 06, 2012",51.115,51.115,51.155,51.005,0.15%
"Apr 09, 2012",51.195,51.155,51.413,51.035,0.16%
"Apr 10, 2012",51.485,51.155,51.495,51.055,0.57%
"Apr 11, 2012",51.465,51.49,51.655,51.275,-0.04%
"Apr 12, 2012",51.235,51.435,51.61,51.225,-0.45%
"Apr 13, 2012",51.55,51.21,51.58,51.17,0.61%
"Apr 16, 2012",51.615,51.54,51.735,51.345,0.13%
"Apr 17, 2012",51.395,51.685,51.685,51.395,-0.43%
"Apr 18, 2012",51.73,51.48,51.84,51.345,0.65%
"Apr 19, 2012",52.085,51.805,52.18,51.625,0.69%
"Apr 20, 2012",52.075,52.145,52.205,51.955,-0.02%
"Apr 23, 2012",52.385,52.09,52.585,51.945,0.60%
"Apr 24, 2012",52.59,52.51,52.875,52.33,0.39%
"Apr 25, 2012",52.46,52.685,52.755,52.45,-0.25%
"Apr 26, 2012",52.41,52.55,52.66,52.365,-0.10%
"Apr 27, 2012",52.545,52.355,52.73,52.265,0.26%
"Apr 30, 2012",52.665,52.525,52.755,52.405,0.23%
"Aug 01, 2012",55.475,55.655,55.755,55.425,-0.15%
"Aug 02, 2012",55.845,55.475,55.9,55.475,0.67%
"Aug 03, 2012",55.755,55.845,56.2,55.725,-0.16%
"Aug 06, 2012",55.525,55.485,55.655,55.234,-0.41%
"Aug 07, 2012",55.07,55.525,55.525,55.065,-0.82%
"Aug 08, 2012",55.285,55.07,55.425,54.96,0.39%
"Aug 09, 2012",55.18,55.43,55.43,55.055,-0.19%
"Aug 10, 2012",55.285,55.275,55.475,55.145,0.19%
"Aug 13, 2012",55.345,55.341,55.48,55.188,0.11%
"Aug 14, 2012",55.61,55.35,55.785,55.35,0.48%
"Aug 15, 2012",55.53,55.66,55.66,55.53,-0.14%
"Aug 16, 2012",55.625,55.655,56.04,55.625,0.17%
"Aug 17, 2012",55.735,55.625,55.785,55.61,0.20%
"Aug 20, 2012",55.505,55.655,55.675,55.505,-0.41%
"Aug 21, 2012",55.31,55.67,55.67,55.31,-0.35%
"Aug 22, 2012",55.5,55.365,55.555,55.315,0.34%
"Aug 23, 2012",55.265,55.49,55.49,55.12,-0.42%
"Aug 24, 2012",55.505,55.265,55.555,55.183,0.43%
"Aug 27, 2012",55.695,55.42,55.725,55.345,0.34%
"Aug 28, 2012",55.665,55.695,55.895,55.623,-0.05%
"Aug 29, 2012",55.705,55.67,55.781,55.574,0.07%
"Aug 30, 2012",55.635,55.63,55.755,55.575,-0.13%
"Aug 31, 2012",55.525,55.635,55.78,55.52,-0.20%
"Dec 03, 2012",54.775,54.355,54.785,54.25,0.94%
"Dec 04, 2012",54.745,54.735,54.975,54.61,-0.05%
"Dec 05, 2012",54.435,54.69,54.69,54.425,-0.57%
"Dec 06, 2012",54.235,54.555,54.585,54.03,-0.37%
"Dec 07, 2012",54.345,54.255,54.565,54.115,0.20%
"Dec 10, 2012",54.355,54.315,54.575,54.245,0.02%
"Dec 11, 2012",54.265,54.495,54.495,54.255,-0.17%
"Dec 12, 2012",54.145,54.215,54.345,54.14,-0.22%
"Dec 13, 2012",54.515,54.335,54.535,54.115,0.68%
"Dec 14, 2012",54.445,54.545,54.695,54.275,-0.13%
"Dec 17, 2012",54.855,54.375,54.895,54.285,0.75%
"Dec 18, 2012",54.935,54.815,55.065,54.635,0.15%
"Dec 19, 2012",54.685,54.945,54.945,54.515,-0.46%
"Dec 20, 2012",54.875,54.565,54.935,54.485,0.35%
"Dec 21, 2012",55.065,54.835,55.285,54.685,0.35%
"Dec 24, 2012",54.955,55.035,55.215,54.955,-0.20%
"Dec 25, 2012",55.015,55.015,55.015,55.015,0.11%
"Dec 26, 2012",54.845,54.995,55.115,54.815,-0.31%
"Dec 27, 2012",54.935,54.805,55.02,54.695,0.16%
"Dec 28, 2012",54.76,54.944,54.98,54.755,-0.32%
"Dec 31, 2012",54.995,54.805,55.005,54.625,0.43%
"Feb 01, 2012",49.14,49.51,49.675,49.08,-0.76%
"Feb 02, 2012",49.035,49.135,49.27,48.96,-0.21%
"Feb 03, 2012",48.61,49.03,49.2,48.61,-0.87%
"Feb 06, 2012",49.06,48.605,49.145,48.605,0.93%
"Feb 07, 2012",49.125,49.07,49.255,48.83,0.13%
"Feb 08, 2012",49.075,49.215,49.265,48.965,-0.10%
"Feb 09, 2012",49.445,49.155,49.525,49.055,0.75%
"Feb 10, 2012",49.36,49.5,49.77,49.35,-0.17%
"Feb 13, 2012",49.15,49.36,49.55,49.13,-0.43%
"Feb 14, 2012",49.49,49.2,49.49,49.1,0.69%
"Feb 15, 2012",49.385,49.375,49.415,49.195,-0.21%
"Feb 16, 2012",49.29,49.295,49.44,49.29,-0.19%
"Feb 17, 2012",49.325,49.3,49.365,49.145,0.07%
"Feb 20, 2012",49.155,49.335,49.335,49.115,-0.34%
"Feb 21, 2012",49.225,49.22,49.335,49.065,0.14%
"Feb 22, 2012",49.17,49.315,49.315,49.13,-0.11%
"Feb 23, 2012",49.1,49.23,49.33,49.1,-0.14%
"Feb 24, 2012",49.015,49.205,49.205,48.94,-0.17%
"Feb 27, 2012",49.17,49.01,49.31,48.9,0.32%
"Feb 28, 2012",48.97,49.23,49.239,48.96,-0.41%
"Feb 29, 2012",49.11,49.08,49.11,48.83,0.29%
"Jan 02, 2012",53.305,53.26,53.345,53.115,0.55%
"Jan 03, 2012",53.1,53.195,53.3,53.1,-0.38%
"Jan 04, 2012",52.86,53.1,53.21,52.86,-0.45%
"Jan 05, 2012",52.87,53.02,53.06,52.615,0.02%
"Jan 06, 2012",52.68,52.872,52.99,52.68,-0.36%
"Jan 09, 2012",52.4,52.682,52.885,52.4,-0.53%
"Jan 10, 2012",51.6,52.402,52.51,51.6,-1.53%
"Jan 11, 2012",51.785,51.647,51.915,51.53,0.36%
"Jan 12, 2012",51.52,51.87,51.935,51.52,-0.51%
"Jan 13, 2012",51.44,51.49,51.595,51.31,-0.16%
"Jan 16, 2012",51.365,51.437,51.8,51.365,-0.15%
"Jan 17, 2012",50.8,51.34,51.34,50.64,-1.10%
"Jan 18, 2012",50.31,50.78,50.875,50.31,-0.96%
"Jan 19, 2012",50.15,50.31,50.465,50.08,-0.32%
"Jan 20, 2012",50.23,50.3,50.49,50.14,0.16%
"Jan 23, 2012",49.97,50.42,50.42,49.97,-0.52%
"Jan 24, 2012",50.005,49.965,50.185,49.915,0.07%
"Jan 25, 2012",50.01,50.01,50.255,49.87,0.01%
"Jan 26, 2012",49.43,50,50,49.43,-1.16%
"Jan 27, 2012",49.395,49.425,49.825,49.305,-0.07%
"Jan 30, 2012",49.6,49.36,49.815,49.242,0.42%
"Jan 31, 2012",49.515,49.615,49.755,49.335,-0.17%
"Jul 02, 2012",55.39,55.49,55.92,55.39,-0.22%
"Jul 03, 2012",54.22,55.44,55.45,54.22,-2.11%
"Jul 04, 2012",54.545,54.375,54.865,54.185,0.60%
"Jul 05, 2012",54.965,54.495,55.235,54.435,0.77%
"Jul 06, 2012",55.41,54.95,55.65,54.95,0.81%
"Jul 09, 2012",55.85,55.933,56.08,55.818,0.79%
"Jul 10, 2012",55.395,55.825,55.945,55.335,-0.81%
"Jul 11, 2012",55.53,55.4,55.735,55.255,0.24%
"Jul 12, 2012",55.84,55.63,55.96,55.45,0.56%
"Jul 13, 2012",55.145,55.935,55.935,55.105,-1.24%
"Jul 16, 2012",55.055,54.905,55.375,54.767,-0.16%
"Jul 17, 2012",55.04,55.03,55.22,54.81,-0.03%
"Jul 18, 2012",55.32,55.11,55.555,54.96,0.51%
"Jul 19, 2012",55.175,55.265,55.455,55.115,-0.26%
"Jul 20, 2012",55.325,55.125,55.335,55.045,0.27%
"Jul 23, 2012",55.93,55.31,55.985,55.23,1.09%
"Jul 24, 2012",56.18,55.975,56.23,55.905,0.45%
"Jul 25, 2012",56.025,56.125,56.445,56.025,-0.28%
"Jul 26, 2012",55.5,56.17,56.17,55.41,-0.94%
"Jul 27, 2012",55.255,55.535,55.635,55.245,-0.44%
"Jul 30, 2012",55.44,55.25,55.62,55.14,0.33%
"Jul 31, 2012",55.56,55.595,55.865,55.41,0.22%
"Jun 01, 2012",55.545,56.085,56.29,55.45,-0.88%
"Jun 04, 2012",55.655,55.505,55.68,55.252,0.20%
"Jun 05, 2012",55.55,55.655,55.92,55.28,-0.19%
"Jun 06, 2012",55.27,55.645,55.645,55.27,-0.50%
"Jun 07, 2012",54.965,55.37,55.37,54.835,-0.55%
"Jun 08, 2012",55.425,54.945,55.66,54.945,0.84%
"Jun 11, 2012",55.7,55.13,55.825,55.02,0.50%
"Jun 12, 2012",55.805,55.74,56.075,55.655,0.19%
"Jun 13, 2012",55.57,55.805,55.93,55.52,-0.42%
"Jun 14, 2012",55.71,55.685,55.89,55.62,0.25%
"Jun 15, 2012",55.395,55.805,55.805,55.35,-0.57%
"Jun 18, 2012",55.83,55.33,56.035,55.27,0.79%
"Jun 19, 2012",55.885,55.92,56.135,55.795,0.10%
"Jun 20, 2012",56.15,55.96,56.25,55.79,0.47%
"Jun 21, 2012",56.26,56.16,56.565,56.11,0.20%
"Jun 22, 2012",57.125,56.305,57.33,56.205,1.54%
"Jun 25, 2012",56.965,56.725,57.135,56.38,-0.28%
"Jun 26, 2012",56.965,57.015,57.205,56.835,0.00%
"Jun 27, 2012",56.89,57.01,57.25,56.83,-0.13%
"Jun 28, 2012",56.825,56.985,57.115,56.765,-0.11%
"Jun 29, 2012",55.51,56.81,56.81,55.51,-2.31%
"Mar 01, 2012",49.23,49.015,49.265,49.015,0.24%
"Mar 02, 2012",49.525,49.185,49.605,49.165,0.60%
"Mar 05, 2012",49.83,49.522,49.96,49.48,0.62%
"Mar 06, 2012",50.365,49.84,50.39,49.665,1.07%
"Mar 07, 2012",50.28,50.37,50.762,50.24,-0.17%
"Mar 08, 2012",50.08,50.29,50.305,50.08,-0.40%
"Mar 09, 2012",49.76,50.05,50.085,49.76,-0.64%
"Mar 12, 2012",49.975,49.73,50.045,49.73,0.43%
"Mar 13, 2012",49.855,49.985,50.03,49.805,-0.24%
"Mar 14, 2012",49.93,49.93,50.03,49.8,0.15%
"Mar 15, 2012",50.295,49.925,50.505,49.925,0.73%
"Mar 16, 2012",50.14,50.39,50.445,50.12,-0.31%
"Mar 19, 2012",50.175,50.185,50.275,50.082,0.07%
"Mar 20, 2012",50.535,50.245,50.535,50.165,0.72%
"Mar 21, 2012",50.635,50.405,50.695,50.315,0.20%
"Mar 22, 2012",51.295,50.675,51.305,50.525,1.30%
"Mar 23, 2012",51.175,51.175,51.245,51.075,-0.23%
"Mar 26, 2012",51.03,51.18,51.495,51.03,-0.28%
"Mar 27, 2012",50.67,51.032,51.16,50.57,-0.71%
"Mar 28, 2012",50.78,50.685,51.025,50.595,0.22%
"Mar 29, 2012",51.345,50.79,51.425,50.745,1.11%
"Mar 30, 2012",50.875,51.405,51.405,50.805,-0.92%
"May 01, 2012",52.505,52.735,52.735,52.505,-0.30%
"May 02, 2012",52.985,52.6,53.035,52.495,0.91%
"May 03, 2012",53.335,52.965,53.475,52.845,0.66%
"May 04, 2012",53.475,53.415,53.925,53.325,0.26%
"May 07, 2012",52.845,53.425,53.775,52.825,-1.18%
"May 08, 2012",53.125,52.91,53.32,52.675,0.53%
"May 09, 2012",53.755,53.125,53.885,53.105,1.19%
"May 10, 2012",53.26,53.83,53.92,52.955,-0.92%
"May 11, 2012",53.635,53.225,53.695,53.155,0.70%
"May 14, 2012",53.925,53.665,53.975,53.535,0.54%
"May 15, 2012",53.795,53.965,54.12,53.585,-0.24%
"May 16, 2012",54.345,53.795,54.52,53.735,1.02%
"May 17, 2012",54.36,54.5,54.59,54.21,0.03%
"May 18, 2012",54.425,54.475,54.915,54.325,0.12%
"May 21, 2012",54.98,54.46,55.06,54.44,1.02%
"May 22, 2012",55.345,55.035,55.47,54.725,0.66%
"May 23, 2012",55.96,55.395,56.225,55.26,1.11%
"May 24, 2012",55.56,56,56.392,55.56,-0.71%
"May 25, 2012",55.375,55.655,56.09,55.24,-0.33%
"May 28, 2012",55.19,55.295,55.37,55.015,-0.33%
"May 29, 2012",55.62,55.19,55.89,55.11,0.78%
"May 30, 2012",56.14,55.675,56.25,55.675,0.93%
"May 31, 2012",56.04,56.235,56.53,55.74,-0.18%
"Nov 01, 2012",53.66,53.81,53.94,53.66,-0.27%
"Nov 02, 2012",53.815,53.685,53.875,53.602,0.29%
"Nov 05, 2012",54.595,53.875,54.685,53.755,1.45%
"Nov 06, 2012",54.425,54.505,54.798,54.355,-0.31%
"Nov 07, 2012",54.205,54.355,54.358,53.965,-0.40%
"Nov 08, 2012",54.365,54.205,54.677,54.115,0.30%
"Nov 09, 2012",54.595,54.315,54.79,54.23,0.42%
"Nov 12, 2012",54.885,54.585,55.125,54.585,0.53%
"Nov 13, 2012",55.015,54.975,55.045,54.835,0.24%
"Nov 14, 2012",55.025,54.895,55.025,54.805,0.02%
"Nov 15, 2012",54.655,55.005,55.09,54.655,-0.67%
"Nov 16, 2012",55.165,54.705,55.195,54.625,0.93%
"Nov 19, 2012",54.975,55.155,55.175,54.91,-0.34%
"Nov 20, 2012",55.105,55.065,55.145,54.785,0.24%
"Nov 21, 2012",55.115,55.105,55.375,55.022,0.02%
"Nov 22, 2012",55.125,55.085,55.29,55.005,0.02%
"Nov 23, 2012",55.45,55.22,55.61,55.2,0.59%
"Nov 26, 2012",55.643,55.465,55.895,55.435,0.35%
"Nov 27, 2012",55.455,55.545,55.782,55.355,-0.34%
"Nov 28, 2012",55.71,55.545,55.72,55.545,0.46%
"Nov 29, 2012",54.72,55.64,55.64,54.71,-1.78%
"Nov 30, 2012",54.265,54.845,54.845,54.23,-0.83%
"Oct 01, 2012",52.38,52.83,53.01,52.31,-0.90%
"Oct 02, 2012",52.43,52.4,52.445,52.32,0.10%
"Oct 03, 2012",52.24,52.44,52.58,52.125,-0.36%
"Oct 04, 2012",51.745,52.15,52.225,51.665,-0.95%
"Oct 05, 2012",51.915,51.745,52.045,51.365,0.33%
"Oct 08, 2012",52.545,51.885,52.655,51.745,1.21%
"Oct 09, 2012",52.695,52.655,52.85,52.235,0.29%
"Oct 10, 2012",53.025,52.685,53.195,52.585,0.63%
"Oct 11, 2012",52.665,53.055,53.18,52.595,-0.68%
"Oct 12, 2012",52.81,52.675,52.925,52.505,0.28%
"Oct 15, 2012",52.985,52.92,53.165,52.915,0.33%
"Oct 16, 2012",52.825,53.03,53.03,52.79,-0.30%
"Oct 17, 2012",52.865,52.845,53.005,52.685,0.08%
"Oct 18, 2012",53.595,52.845,53.595,52.745,1.38%
"Oct 19, 2012",53.845,53.415,53.995,53.305,0.47%
"Oct 22, 2012",53.56,53.83,53.9,53.445,-0.53%
"Oct 23, 2012",53.725,53.475,53.845,53.34,0.31%
"Oct 24, 2012",53.74,53.73,53.74,53.61,0.03%
"Oct 25, 2012",53.555,53.735,53.83,53.475,-0.34%
"Oct 26, 2012",53.555,53.555,53.585,53.455,0.00%
"Oct 29, 2012",54.085,53.855,54.09,53.757,0.99%
"Oct 30, 2012",53.965,54.085,54.195,53.805,-0.22%
"Oct 31, 2012",53.805,53.965,54.209,53.775,-0.30%
"Sep 03, 2012",55.535,55.528,55.595,55.405,0.02%
"Sep 04, 2012",55.615,55.535,55.705,55.365,0.14%
"Sep 05, 2012",55.91,55.655,55.995,55.655,0.53%
"Sep 06, 2012",55.665,55.91,56.03,55.625,-0.44%
"Sep 07, 2012",55.365,55.665,55.665,55.275,-0.54%
"Sep 10, 2012",55.445,55.305,55.48,55.255,0.14%
"Sep 11, 2012",55.255,55.445,55.545,55.255,-0.34%
"Sep 12, 2012",55.215,55.345,55.385,55.08,-0.07%
"Sep 13, 2012",55.345,55.215,55.485,55.181,0.24%
"Sep 14, 2012",54.305,55.425,55.425,54.295,-1.88%
"Sep 17, 2012",53.885,53.765,54.165,53.655,-0.77%
"Sep 18, 2012",53.905,54.015,54.38,53.905,0.04%
"Sep 19, 2012",54.025,54.025,54.025,54.025,0.22%
"Sep 20, 2012",54.265,54.295,54.42,54.205,0.44%
"Sep 21, 2012",53.365,54.295,54.295,53.33,-1.66%
"Sep 24, 2012",53.44,53.405,53.55,53.06,0.14%
"Sep 25, 2012",53.365,53.465,53.625,53.25,-0.14%
"Sep 26, 2012",53.585,53.365,53.635,53.365,0.41%
"Sep 27, 2012",52.93,53.6,53.6,52.9,-1.22%
"Sep 28, 2012",52.855,53.015,53.015,52.505,-0.14%
"Apr 01, 2013",54.17,54.27,54.27,54.17,-0.21%
"Apr 02, 2013",54.43,54.3,54.46,54.25,0.48%
"Apr 03, 2013",54.53,54.378,54.54,54.31,0.18%
"Apr 04, 2013",54.89,54.44,54.95,54.35,0.66%
"Apr 05, 2013",54.81,54.815,54.918,54.685,-0.15%
"Apr 08, 2013",54.61,54.798,54.85,54.49,-0.36%
"Apr 09, 2013",54.48,54.57,54.665,54.41,-0.24%
"Apr 10, 2013",54.42,54.59,54.59,54.4,-0.11%
"Apr 11, 2013",54.305,54.52,54.52,54.255,-0.21%
"Apr 12, 2013",54.52,54.31,54.665,54.31,0.40%
"Apr 15, 2013",54.55,54.608,54.805,54.38,0.06%
"Apr 16, 2013",53.97,54.64,54.64,53.97,-1.06%
"Apr 17, 2013",54.18,54.16,54.25,53.77,0.39%
"Apr 18, 2013",54.03,54.22,54.258,53.91,-0.28%
"Apr 19, 2013",53.94,53.96,54.043,53.85,-0.17%
"Apr 22, 2013",54.21,53.93,54.25,53.93,0.50%
"Apr 23, 2013",54.31,54.14,54.43,54.09,0.18%
"Apr 24, 2013",54.26,54.38,54.38,54.162,-0.09%
"Apr 25, 2013",54.105,54.285,54.285,54.105,-0.29%
"Apr 26, 2013",54.38,54.225,54.445,54.082,0.51%
"Apr 29, 2013",54.195,54.413,54.413,54.173,-0.34%
"Apr 30, 2013",53.685,54.235,54.255,53.655,-0.94%
"Aug 01, 2013",60.565,60.765,60.915,60.24,-0.48%
"Aug 02, 2013",61.105,60.445,61.185,60.445,0.89%
"Aug 05, 2013",60.86,61.03,61.03,60.725,-0.40%
"Aug 06, 2013",60.79,60.882,61.876,60.78,-0.12%
"Aug 07, 2013",61.21,61.14,61.471,60.933,0.69%
"Aug 08, 2013",60.731,61.19,61.41,60.705,-0.78%
"Aug 09, 2013",60.68,60.68,60.68,60.68,-0.08%
"Aug 12, 2013",61.125,60.495,61.31,60.495,0.73%
"Aug 13, 2013",61.337,61.07,61.67,60.894,0.35%
"Aug 14, 2013",61.284,61.19,61.57,61.15,-0.09%
"Aug 15, 2013",61.425,61.445,61.529,61.242,0.23%
"Aug 16, 2013",61.665,61.365,62.015,61.335,0.39%
"Aug 19, 2013",63.14,62.36,63.23,62.235,2.39%
"Aug 20, 2013",63.125,63.735,64.125,63.125,-0.02%
"Aug 21, 2013",64.115,63.125,64.55,63.115,1.57%
"Aug 22, 2013",64.555,64.805,65.565,64.545,0.69%
"Aug 23, 2013",63.205,64.325,64.765,63.205,-2.09%
"Aug 26, 2013",64.3,63.7,64.73,63.648,1.73%
"Aug 27, 2013",66.31,64.99,66.31,64.99,3.13%
"Aug 28, 2013",68.805,66.905,68.805,66.905,3.76%
"Aug 29, 2013",66.555,66.915,67.875,66.515,-3.27%
"Aug 30, 2013",65.705,67.085,67.435,65.695,-1.28%
"Dec 02, 2013",62.325,62.36,62.36,61.921,-0.12%
"Dec 03, 2013",62.37,62.315,62.455,62.206,0.07%
"Dec 04, 2013",62.06,62.38,62.543,61.912,-0.50%
"Dec 05, 2013",61.763,61.96,61.96,61.534,-0.48%
"Dec 06, 2013",61.435,61.645,61.727,61.273,-0.53%
"Dec 09, 2013",61.14,60.84,61.22,60.84,-0.48%
"Dec 10, 2013",61.05,60.99,61.305,60.949,-0.15%
"Dec 11, 2013",61.255,61.017,61.435,61.017,0.34%
"Dec 12, 2013",61.82,61.61,61.94,61.431,0.92%
"Dec 13, 2013",62.195,62.11,62.297,62.05,0.61%
"Dec 16, 2013",61.74,62.06,62.22,61.625,-0.73%
"Dec 17, 2013",62.02,61.69,62.04,61.69,0.45%
"Dec 18, 2013",62.1,61.91,62.203,61.79,0.13%
"Dec 19, 2013",62.15,62.01,62.49,62.01,0.08%
"Dec 20, 2013",62,62.415,62.465,61.93,-0.24%
"Dec 23, 2013",61.963,62.108,62.15,61.79,-0.06%
"Dec 24, 2013",61.755,61.79,61.975,61.714,-0.34%
"Dec 25, 2013",61.8,61.8,61.8,61.8,0.07%
"Dec 26, 2013",62.17,61.78,62.17,61.77,0.60%
"Dec 27, 2013",61.94,62.145,62.175,61.845,-0.37%
"Dec 30, 2013",61.92,61.998,62.17,61.779,-0.03%
"Dec 31, 2013",61.81,61.802,62.015,61.718,-0.18%
"Feb 01, 2013",53.17,53.225,53.415,53.165,-0.20%
"Feb 04, 2013",53.29,53.155,53.345,52.915,0.23%
"Feb 05, 2013",53.035,53.215,53.415,53.005,-0.48%
"Feb 06, 2013",53.16,53.14,53.265,52.885,0.24%
"Feb 07, 2013",53.225,53.065,53.33,53.045,0.12%
"Feb 08, 2013",53.595,53.235,53.685,53.165,0.70%
"Feb 11, 2013",53.965,53.515,53.985,53.515,0.69%
"Feb 12, 2013",53.795,53.86,54.1,53.745,-0.32%
"Feb 13, 2013",53.825,53.855,53.92,53.69,0.06%
"Feb 14, 2013",53.995,53.848,54.035,53.665,0.32%
"Feb 15, 2013",54.325,53.93,54.355,53.805,0.61%
"Feb 18, 2013",54.265,54.215,54.455,54.155,-0.11%
"Feb 19, 2013",54.13,54.195,54.328,54.13,-0.25%
"Feb 20, 2013",54.075,54.185,54.24,54.02,-0.10%
"Feb 21, 2013",54.475,54.08,54.615,54.08,0.74%
"Feb 22, 2013",54.28,54.415,54.555,54.16,-0.36%
"Feb 25, 2013",54,54.275,54.305,53.84,-0.52%
"Feb 26, 2013",54.1,53.88,54.28,53.815,0.19%
"Feb 27, 2013",53.865,54.04,54.095,53.62,-0.43%
"Feb 28, 2013",54.37,53.865,54.52,53.605,0.94%
"Jan 01, 2013",54.685,54.995,54.995,54.665,-0.56%
"Jan 02, 2013",54.24,54.688,54.688,54.24,-0.81%
"Jan 03, 2013",54.505,54.355,54.615,54.175,0.49%
"Jan 04, 2013",54.94,54.46,55.185,54.36,0.80%
"Jan 07, 2013",55.225,55.04,55.345,54.825,0.52%
"Jan 08, 2013",54.965,55.165,55.395,54.935,-0.47%
"Jan 09, 2013",54.81,55,55.095,54.725,-0.28%
"Jan 10, 2013",54.425,54.76,54.855,54.425,-0.70%
"Jan 11, 2013",54.875,54.57,54.885,54.36,0.83%
"Jan 14, 2013",54.525,54.77,54.835,54.42,-0.64%
"Jan 15, 2013",54.605,54.505,54.707,54.315,0.15%
"Jan 16, 2013",54.665,54.625,54.9,54.475,0.11%
"Jan 17, 2013",54.355,54.695,54.78,54.195,-0.57%
"Jan 18, 2013",53.745,54.285,54.285,53.715,-1.12%
"Jan 21, 2013",53.775,53.715,53.96,53.595,0.06%
"Jan 22, 2013",53.725,53.76,53.89,53.38,-0.09%
"Jan 23, 2013",53.675,53.815,53.885,53.558,-0.09%
"Jan 24, 2013",53.71,53.74,53.9,53.6,0.07%
"Jan 25, 2013",53.8,53.695,53.88,53.645,0.17%
"Jan 28, 2013",54.055,53.665,54.055,53.665,0.47%
"Jan 29, 2013",53.655,54.035,54.035,53.555,-0.74%
"Jan 30, 2013",53.245,53.775,53.775,53.195,-0.76%
"Jan 31, 2013",53.275,53.32,53.39,53.075,0.06%
"Jul 01, 2013",59.385,59.47,59.603,58.966,-0.25%
"Jul 02, 2013",59.555,59.385,59.73,59.185,0.29%
"Jul 03, 2013",60.226,59.875,60.456,59.865,1.13%
"Jul 04, 2013",60.075,60.045,60.409,59.915,-0.25%
"Jul 05, 2013",60.23,60.195,60.6,60.015,0.26%
"Jul 08, 2013",60.695,60.935,61.225,60.605,0.77%
"Jul 09, 2013",60.102,59.81,60.49,59.72,-0.98%
"Jul 10, 2013",59.895,60.065,60.225,59.65,-0.34%
"Jul 11, 2013",59.834,59.815,59.99,59.335,-0.10%
"Jul 12, 2013",59.891,59.76,60.21,59.56,0.10%
"Jul 15, 2013",59.815,59.945,60.09,59.78,-0.13%
"Jul 16, 2013",59.3,59.19,59.5,59.1,-0.86%
"Jul 17, 2013",59.33,59.245,59.585,59.05,0.05%
"Jul 18, 2013",59.745,59.275,59.791,59.255,0.70%
"Jul 19, 2013",59.34,59.73,59.87,59.305,-0.68%
"Jul 22, 2013",59.725,59.305,59.735,59.285,0.65%
"Jul 23, 2013",59.76,59.725,59.88,59.5,0.06%
"Jul 24, 2013",59.255,59.765,59.765,58.96,-0.85%
"Jul 25, 2013",58.965,59.137,59.385,58.74,-0.49%
"Jul 26, 2013",59.046,59.01,59.142,58.706,0.14%
"Jul 29, 2013",59.555,58.955,59.555,58.955,0.86%
"Jul 30, 2013",60.815,59.505,60.845,59.422,2.12%
"Jul 31, 2013",60.855,60.715,61.2,60.36,0.07%
"Jun 03, 2013",56.675,56.515,56.84,56.43,0.17%
"Jun 04, 2013",56.495,56.665,56.75,56.415,-0.32%
"Jun 05, 2013",56.855,56.45,56.855,56.315,0.64%
"Jun 06, 2013",56.93,56.73,57.01,56.69,0.13%
"Jun 07, 2013",57.065,56.845,57.135,56.688,0.24%
"Jun 10, 2013",58.155,57.255,58.16,57.162,1.91%
"Jun 11, 2013",58.34,58.11,58.99,58.03,0.32%
"Jun 12, 2013",57.835,58.285,58.398,57.735,-0.87%
"Jun 13, 2013",58.005,58.115,58.575,57.935,0.29%
"Jun 14, 2013",57.505,57.965,57.965,57.41,-0.86%
"Jun 17, 2013",58.11,57.7,58.11,57.56,1.05%
"Jun 18, 2013",58.845,58.015,58.885,58.015,1.26%
"Jun 19, 2013",58.72,58.765,58.925,58.62,-0.21%
"Jun 20, 2013",59.575,59.615,59.98,59.505,1.46%
"Jun 21, 2013",59.275,59.525,59.785,59.15,-0.50%
"Jun 24, 2013",59.815,59.6,59.84,59.545,0.91%
"Jun 25, 2013",59.665,59.765,59.795,59.435,-0.25%
"Jun 26, 2013",60.72,59.605,60.765,59.605,1.77%
"Jun 27, 2013",60.195,60.625,60.63,60.105,-0.86%
"Jun 28, 2013",59.533,60.11,60.11,59.21,-1.10%
"Mar 01, 2013",54.905,54.365,54.945,54.305,0.98%
"Mar 04, 2013",54.96,54.89,55.14,54.8,0.10%
"Mar 05, 2013",54.955,54.865,54.955,54.615,-0.01%
"Mar 06, 2013",54.81,54.92,54.92,54.62,-0.26%
"Mar 07, 2013",54.46,54.725,54.91,54.43,-0.64%
"Mar 08, 2013",54.35,54.56,54.573,54.275,-0.20%
"Mar 11, 2013",54.34,54.33,54.531,54.172,-0.02%
"Mar 12, 2013",54.15,54.415,54.428,54.075,-0.35%
"Mar 13, 2013",54.37,54.16,54.45,54.02,0.41%
"Mar 14, 2013",54.185,54.405,54.525,54.165,-0.34%
"Mar 15, 2013",54.03,54.355,54.355,53.98,-0.29%
"Mar 18, 2013",54.08,54.01,54.35,54.01,0.09%
"Mar 19, 2013",54.5,54.07,54.53,53.9,0.78%
"Mar 20, 2013",54.33,54.375,54.57,54.265,-0.31%
"Mar 21, 2013",54.45,54.35,54.46,54.195,0.22%
"Mar 22, 2013",54.35,54.29,54.435,54.256,-0.18%
"Mar 25, 2013",54.3,54.36,54.36,54.06,-0.09%
"Mar 26, 2013",54.48,54.17,54.52,54.16,0.33%
"Mar 27, 2013",54.43,54.37,54.49,54.28,-0.09%
"Mar 28, 2013",54.285,54.385,54.475,54.27,-0.27%
"Mar 29, 2013",54.285,54.285,54.285,54.285,0.00%
"May 01, 2013",53.665,53.815,53.815,53.645,-0.04%
"May 02, 2013",53.835,53.745,53.965,53.675,0.32%
"May 03, 2013",53.81,53.83,54.07,53.77,-0.05%
"May 06, 2013",54.135,53.815,54.255,53.785,0.60%
"May 07, 2013",54.065,54.18,54.37,54.035,-0.13%
"May 08, 2013",54.085,54.14,54.22,54.02,0.04%
"May 09, 2013",54.365,54.165,54.365,54.032,0.52%
"May 10, 2013",54.81,54.25,54.9,54.25,0.82%
"May 13, 2013",54.835,54.913,55.035,54.715,0.05%
"May 14, 2013",54.805,54.765,54.84,54.55,-0.05%
"May 15, 2013",54.785,54.785,54.915,54.655,-0.04%
"May 16, 2013",54.785,54.765,54.91,54.66,0.00%
"May 17, 2013",54.895,54.805,55.007,54.79,0.20%
"May 20, 2013",55.04,55.06,55.145,54.958,0.26%
"May 21, 2013",55.435,55.115,55.485,54.955,0.72%
"May 22, 2013",55.66,55.418,55.67,55.31,0.41%
"May 23, 2013",55.715,55.615,56.025,55.555,0.10%
"May 24, 2013",55.82,55.65,55.83,55.455,0.19%
"May 27, 2013",55.573,55.755,55.785,55.525,-0.44%
"May 28, 2013",56.115,55.705,56.135,55.645,0.98%
"May 29, 2013",56.305,56.015,56.415,56.015,0.34%
"May 30, 2013",56.385,56.205,56.47,56.045,0.14%
"May 31, 2013",56.58,56.29,56.77,56.29,0.35%
"Nov 01, 2013",61.75,61.51,62.025,61.51,0.20%
"Nov 04, 2013",61.75,61.75,61.75,61.75,0.00%
"Nov 05, 2013",61.635,61.75,61.96,61.62,-0.19%
"Nov 06, 2013",62.4,62.01,62.542,61.825,1.24%
"Nov 07, 2013",62.42,62.35,62.763,62.325,0.03%
"Nov 08, 2013",62.48,62.402,62.834,62.402,0.10%
"Nov 11, 2013",63.245,62.985,63.502,62.92,1.22%
"Nov 12, 2013",63.72,63.25,63.85,63.25,0.75%
"Nov 13, 2013",63.31,63.74,63.91,63.212,-0.64%
"Nov 14, 2013",63.12,63.31,63.35,62.96,-0.30%
"Nov 15, 2013",62.98,63.1,63.262,62.975,-0.22%
"Nov 18, 2013",62.42,62.825,62.92,62.38,-0.89%
"Nov 19, 2013",62.37,62.165,62.39,61.88,-0.08%
"Nov 20, 2013",62.58,62.257,62.69,62.245,0.34%
"Nov 21, 2013",62.94,62.51,63.065,62.51,0.58%
"Nov 22, 2013",62.733,63.042,63.095,62.733,-0.33%
"Nov 25, 2013",62.51,62.66,62.7,62.347,-0.36%
"Nov 26, 2013",62.51,62.398,62.658,62.198,0.00%
"Nov 27, 2013",62.15,62.475,62.475,62.15,-0.58%
"Nov 28, 2013",62.282,62.4,62.568,62.27,0.21%
"Nov 29, 2013",62.399,62.315,62.655,62.205,0.19%
"Oct 01, 2013",62.46,62.56,62.57,62.165,-0.21%
"Oct 02, 2013",62.46,62.46,62.46,62.46,0.00%
"Oct 03, 2013",61.735,62.425,62.425,61.65,-1.16%
"Oct 04, 2013",61.435,61.855,61.945,61.255,-0.49%
"Oct 07, 2013",61.795,61.505,61.955,61.495,0.59%
"Oct 08, 2013",61.955,61.795,61.955,61.625,0.26%
"Oct 09, 2013",61.88,62.11,62.31,61.73,-0.12%
"Oct 10, 2013",61.36,61.83,62.295,61.25,-0.84%
"Oct 11, 2013",61.02,61.21,61.38,60.96,-0.55%
"Oct 14, 2013",61.555,61.155,61.555,61.13,0.88%
"Oct 15, 2013",61.84,61.275,61.95,61.275,0.46%
"Oct 16, 2013",61.735,61.765,61.765,61.735,-0.17%
"Oct 17, 2013",61.14,61.56,61.74,61.14,-0.96%
"Oct 18, 2013",61.24,61.2,61.72,60.94,0.16%
"Oct 21, 2013",61.58,61.355,61.595,61.345,0.56%
"Oct 22, 2013",61.655,61.63,61.845,61.535,0.12%
"Oct 23, 2013",61.63,61.66,61.727,61.085,-0.04%
"Oct 24, 2013",61.47,61.6,61.695,61.314,-0.26%
"Oct 25, 2013",61.465,61.465,61.805,61.37,-0.01%
"Oct 28, 2013",61.445,61.415,61.605,61.37,-0.03%
"Oct 29, 2013",61.43,61.535,61.735,61.321,-0.02%
"Oct 30, 2013",61.26,61.38,61.615,61.09,-0.28%
"Oct 31, 2013",61.624,61.275,61.63,61.245,0.59%
"Sep 02, 2013",66.005,66.105,66.305,65.685,0.46%
"Sep 03, 2013",67.635,66.295,68.255,66.255,2.47%
"Sep 04, 2013",67.07,68.305,68.605,66.815,-0.84%
"Sep 05, 2013",66.015,67.005,67.005,65.535,-1.57%
"Sep 06, 2013",65.245,66.005,66.295,65.005,-1.17%
"Sep 09, 2013",65.245,65.245,65.245,65.245,0.00%
"Sep 10, 2013",63.845,64.405,64.545,63.765,-2.15%
"Sep 11, 2013",63.275,63.905,64.215,63.005,-0.89%
"Sep 12, 2013",63.43,63.265,63.985,62.925,0.24%
"Sep 13, 2013",63.38,63.755,64.185,63.36,-0.08%
"Sep 16, 2013",62.835,62.705,62.885,62.445,-0.86%
"Sep 17, 2013",63.375,63.355,63.635,62.955,0.86%
"Sep 18, 2013",63.385,63.305,63.455,63.055,0.02%
"Sep 19, 2013",61.775,61.755,62.065,61.65,-2.54%
"Sep 20, 2013",62.235,62.045,62.615,61.885,0.74%
"Sep 23, 2013",62.605,62.255,62.725,62.255,0.59%
"Sep 24, 2013",62.79,62.61,62.915,62.45,0.30%
"Sep 25, 2013",62.445,62.765,62.885,62.325,-0.55%
"Sep 26, 2013",62.075,62.435,62.435,61.98,-0.59%
"Sep 27, 2013",62.515,62.075,62.575,61.773,0.71%
"Sep 30, 2013",62.59,62.995,63.045,62.505,0.12%
"Apr 01, 2014",60.015,59.935,60.045,59.935,0.00%
"Apr 02, 2014",59.905,59.815,59.915,59.575,-0.18%
"Apr 03, 2014",60.17,59.955,60.3,59.835,0.44%
"Apr 04, 2014",60.085,60.355,60.398,60.075,-0.14%
"Apr 07, 2014",60.115,59.905,60.25,59.765,0.05%
"Apr 08, 2014",60.09,60.13,60.15,60.03,-0.04%
"Apr 09, 2014",60.145,59.975,60.155,59.825,0.09%
"Apr 10, 2014",60.075,60.045,60.295,60.035,-0.12%
"Apr 11, 2014",60.18,60.325,60.345,60.14,0.17%
"Apr 14, 2014",60.255,60.255,60.255,60.255,0.12%
"Apr 15, 2014",60.235,60.355,60.355,60.205,-0.03%
"Apr 16, 2014",60.375,60.305,60.425,60.185,0.23%
"Apr 17, 2014",60.295,60.295,60.505,60.27,-0.13%
"Apr 18, 2014",60.295,60.295,60.295,60.235,0.00%
"Apr 21, 2014",60.595,60.265,60.615,60.265,0.50%
"Apr 22, 2014",60.765,60.675,60.885,60.635,0.28%
"Apr 23, 2014",61.095,60.885,61.195,60.865,0.54%
"Apr 24, 2014",61.11,61.01,61.14,61.01,0.02%
"Apr 25, 2014",60.645,61.055,61.15,60.543,-0.76%
"Apr 28, 2014",60.65,60.605,60.74,60.433,0.01%
"Apr 29, 2014",60.425,60.615,60.635,60.315,-0.37%
"Apr 30, 2014",60.345,60.355,60.415,60.225,-0.13%
"Aug 01, 2014",61.215,60.755,61.225,60.7,1.09%
"Aug 04, 2014",60.945,61.205,61.205,60.875,-0.44%
"Aug 05, 2014",60.85,60.885,61.005,60.695,-0.16%
"Aug 06, 2014",61.5,61.035,61.525,61.025,1.07%
"Aug 07, 2014",61.245,61.405,61.555,61.215,-0.41%
"Aug 08, 2014",61.145,61.245,61.745,61.135,-0.16%
"Aug 11, 2014",61.175,61.085,61.265,61.025,0.05%
"Aug 12, 2014",61.085,61.125,61.225,61.075,-0.15%
"Aug 13, 2014",61.095,61.095,61.315,61.095,0.02%
"Aug 14, 2014",60.765,61.105,61.12,60.765,-0.54%
"Aug 15, 2014",60.78,60.82,60.85,60.78,0.02%
"Aug 18, 2014",60.78,60.78,60.78,60.78,0.00%
"Aug 19, 2014",60.675,60.775,60.785,60.645,-0.17%
"Aug 20, 2014",60.615,60.845,60.885,60.52,-0.10%
"Aug 21, 2014",60.675,60.695,60.8,60.615,0.10%
"Aug 22, 2014",60.47,60.495,60.56,60.365,-0.34%
"Aug 25, 2014",60.57,60.555,60.58,60.405,0.17%
"Aug 26, 2014",60.435,60.505,60.58,60.435,-0.22%
"Aug 27, 2014",60.455,60.485,60.515,60.35,0.03%
"Aug 28, 2014",60.5,60.405,60.698,60.365,0.07%
"Aug 29, 2014",60.52,60.51,60.55,60.47,0.03%
"Dec 01, 2014",61.955,62.06,62.24,61.955,-0.41%
"Dec 02, 2014",61.795,61.905,62.02,61.795,-0.26%
"Dec 03, 2014",61.863,61.885,61.97,61.815,0.11%
"Dec 04, 2014",61.79,61.945,61.965,61.79,-0.12%
"Dec 05, 2014",61.918,61.845,61.918,61.78,0.21%
"Dec 08, 2014",61.825,61.98,62.01,61.825,-0.15%
"Dec 09, 2014",61.88,61.89,61.955,61.835,0.09%
"Dec 10, 2014",62.115,61.81,62.115,61.77,0.38%
"Dec 11, 2014",62.48,62.05,62.48,62.01,0.59%
"Dec 12, 2014",62.525,62.26,62.535,62.21,0.07%
"Dec 15, 2014",63.175,62.21,63.175,62.21,1.04%
"Dec 16, 2014",63.66,62.915,63.66,62.815,0.77%
"Dec 17, 2014",63.525,63.53,63.89,63.45,-0.21%
"Dec 18, 2014",62.99,63.36,63.4,62.985,-0.84%
"Dec 19, 2014",63.245,63.055,63.34,62.99,0.40%
"Dec 22, 2014",63.23,63.255,63.33,63.145,-0.02%
"Dec 23, 2014",63.44,63.31,63.51,63.25,0.33%
"Dec 24, 2014",63.52,63.435,63.565,63.375,0.13%
"Dec 25, 2014",63.52,63.52,63.52,63.52,0.00%
"Dec 26, 2014",63.562,63.455,63.69,63.455,0.07%
"Dec 29, 2014",63.67,63.665,63.715,63.625,0.17%
"Dec 30, 2014",63.385,63.725,63.795,63.355,-0.45%
"Dec 31, 2014",63.035,63.315,63.39,63.035,-0.55%
"Feb 03, 2014",62.565,62.705,62.79,62.555,-0.19%
"Feb 04, 2014",62.53,62.655,62.835,62.487,-0.06%
"Feb 05, 2014",62.6,62.39,62.62,62.36,0.11%
"Feb 06, 2014",62.38,62.37,62.55,62.36,-0.35%
"Feb 07, 2014",62.305,62.305,62.415,62.25,-0.12%
"Feb 10, 2014",62.455,62.375,62.505,62.09,0.24%
"Feb 11, 2014",62.225,62.355,62.455,62.19,-0.37%
"Feb 12, 2014",62.095,62.105,62.185,62.045,-0.21%
"Feb 13, 2014",62.425,62.005,62.465,62.005,0.53%
"Feb 14, 2014",61.855,62.245,62.37,61.845,-0.91%
"Feb 17, 2014",61.845,61.965,62.085,61.825,-0.02%
"Feb 18, 2014",62.18,62.02,62.31,61.96,0.54%
"Feb 19, 2014",62.24,62.2,62.24,62.2,0.10%
"Feb 20, 2014",62.24,62.38,62.45,62.213,0.00%
"Feb 21, 2014",62.14,62.19,62.19,62.055,-0.16%
"Feb 24, 2014",62.075,62.105,62.16,61.945,-0.10%
"Feb 25, 2014",61.985,61.985,62.05,61.86,-0.14%
"Feb 26, 2014",61.985,61.965,62.055,61.885,0.00%
"Feb 27, 2014",61.995,61.995,61.995,61.995,0.02%
"Feb 28, 2014",61.795,62.105,62.14,61.755,-0.32%
"Jan 01, 2014",61.91,61.828,61.995,61.81,0.16%
"Jan 02, 2014",62.27,61.892,62.415,61.755,0.58%
"Jan 03, 2014",62.19,62.347,62.565,62.155,-0.13%
"Jan 06, 2014",62.315,62.355,62.465,62.225,0.20%
"Jan 07, 2014",62.305,62.405,62.475,62.295,-0.02%
"Jan 08, 2014",62.165,62.215,62.282,62.085,-0.22%
"Jan 09, 2014",62.095,62.125,62.245,61.975,-0.11%
"Jan 10, 2014",61.907,62.005,62.005,61.825,-0.30%
"Jan 13, 2014",61.525,61.605,61.64,61.425,-0.62%
"Jan 14, 2014",61.49,61.49,61.49,61.49,-0.06%
"Jan 15, 2014",61.58,61.67,61.72,61.43,0.15%
"Jan 16, 2014",61.54,61.655,61.71,61.51,-0.06%
"Jan 17, 2014",61.545,61.485,61.555,61.32,0.01%
"Jan 20, 2014",61.625,61.675,61.675,61.53,0.13%
"Jan 21, 2014",61.885,61.545,61.945,61.455,0.42%
"Jan 22, 2014",61.82,61.905,62.025,61.716,-0.11%
"Jan 23, 2014",61.933,61.815,62.05,61.815,0.18%
"Jan 24, 2014",62.695,61.945,62.745,61.945,1.23%
"Jan 27, 2014",63.105,62.885,63.325,62.655,0.65%
"Jan 28, 2014",62.575,63.195,63.195,62.515,-0.84%
"Jan 29, 2014",62.475,62.345,62.59,62.115,-0.16%
"Jan 30, 2014",62.565,62.905,62.905,62.545,0.14%
"Jan 31, 2014",62.685,62.405,62.755,62.355,0.19%
"Jul 01, 2014",60.06,60.085,60.2,60.06,0.00%
"Jul 02, 2014",59.692,60.035,60.095,59.59,-0.61%
"Jul 03, 2014",59.74,59.675,59.85,59.53,0.08%
"Jul 04, 2014",59.725,59.745,59.83,59.645,-0.03%
"Jul 07, 2014",59.955,59.815,60.06,59.735,0.39%
"Jul 08, 2014",59.755,59.955,60.005,59.665,-0.33%
"Jul 09, 2014",59.765,59.755,59.95,59.685,0.02%
"Jul 10, 2014",60.195,59.685,60.225,59.575,0.72%
"Jul 11, 2014",60.095,60.115,60.315,59.925,-0.17%
"Jul 14, 2014",60.125,59.97,60.215,59.915,0.05%
"Jul 15, 2014",60.125,60.045,60.25,60.005,0.00%
"Jul 16, 2014",60.125,60.235,60.275,60.09,0.00%
"Jul 17, 2014",60.185,60.025,60.2,60.025,0.10%
"Jul 18, 2014",60.285,60.385,60.455,60.245,0.17%
"Jul 21, 2014",60.245,60.285,60.34,60.165,-0.07%
"Jul 22, 2014",60.105,60.265,60.305,60.1,-0.23%
"Jul 23, 2014",60.02,60.145,60.21,59.96,-0.14%
"Jul 24, 2014",60.125,59.965,60.165,59.935,0.17%
"Jul 25, 2014",60.06,60.055,60.195,60.01,-0.11%
"Jul 28, 2014",60.09,60.055,60.17,60.055,0.05%
"Jul 29, 2014",60.13,60.125,60.14,60.1,0.07%
"Jul 30, 2014",60.065,60.245,60.245,60.052,-0.11%
"Jul 31, 2014",60.555,60.245,60.565,60.205,0.82%
"Jun 02, 2014",59.155,59.105,59.275,59.065,-0.07%
"Jun 03, 2014",59.34,59.08,59.432,59.08,0.31%
"Jun 04, 2014",59.28,59.435,59.465,59.215,-0.10%
"Jun 05, 2014",59.26,59.28,59.37,59.195,-0.03%
"Jun 06, 2014",59.175,59.165,59.315,59.105,-0.14%
"Jun 09, 2014",59.205,59.105,59.21,58.975,0.05%
"Jun 10, 2014",59.215,59.135,59.35,59.135,0.02%
"Jun 11, 2014",59.34,59.33,59.37,59.23,0.21%
"Jun 12, 2014",59.295,59.235,59.375,59.1,-0.08%
"Jun 13, 2014",59.71,59.31,59.81,59.3,0.70%
"Jun 16, 2014",60.185,59.715,60.24,59.715,0.80%
"Jun 17, 2014",60.33,60.115,60.525,60.035,0.24%
"Jun 18, 2014",60.3,60.215,60.545,60.065,-0.05%
"Jun 19, 2014",60.095,60.225,60.225,59.855,-0.34%
"Jun 20, 2014",60.175,60.235,60.345,60.135,0.13%
"Jun 23, 2014",60.16,60.065,60.305,60.015,-0.02%
"Jun 24, 2014",60.16,60.09,60.175,60.08,0.00%
"Jun 25, 2014",60.085,60.255,60.4,60.085,-0.12%
"Jun 26, 2014",60.21,60.035,60.26,60.035,0.21%
"Jun 27, 2014",60.045,60.21,60.21,60.045,-0.27%
"Jun 30, 2014",60.06,60.045,60.28,60.005,0.02%
"Mar 03, 2014",62.045,61.955,62.09,61.815,0.40%
"Mar 04, 2014",61.905,62.135,62.155,61.835,-0.23%
"Mar 05, 2014",61.755,61.905,61.91,61.65,-0.24%
"Mar 06, 2014",61.115,61.535,61.535,61.105,-1.04%
"Mar 07, 2014",61.085,61.015,61.175,60.945,-0.05%
"Mar 10, 2014",60.845,61.255,61.335,60.79,-0.39%
"Mar 11, 2014",60.945,60.885,60.975,60.605,0.16%
"Mar 12, 2014",61.22,60.945,61.295,60.945,0.45%
"Mar 13, 2014",61.175,61.025,61.185,60.915,-0.07%
"Mar 14, 2014",61.205,61.415,61.555,61.055,0.05%
"Mar 17, 2014",61.09,61.13,61.13,61.07,-0.19%
"Mar 18, 2014",61.115,61.035,61.215,60.875,0.04%
"Mar 19, 2014",60.975,61.085,61.185,60.925,-0.23%
"Mar 20, 2014",61.34,61.39,61.39,61.07,0.60%
"Mar 21, 2014",60.9,61.195,61.205,60.9,-0.72%
"Mar 24, 2014",60.78,60.855,60.855,60.645,-0.20%
"Mar 25, 2014",60.485,60.605,60.605,60.435,-0.49%
"Mar 26, 2014",60.145,60.305,60.305,60.065,-0.56%
"Mar 27, 2014",60.245,60.245,60.355,60.125,0.17%
"Mar 28, 2014",59.89,60.19,60.19,59.69,-0.59%
"Mar 31, 2014",60.015,59.91,60.02,59.91,0.21%
"May 01, 2014",60.27,60.27,60.27,60.27,-0.12%
"May 02, 2014",60.185,60.235,60.285,60.105,-0.14%
"May 05, 2014",60.24,60.09,60.25,60.008,0.09%
"May 06, 2014",59.985,60.075,60.245,59.975,-0.42%
"May 07, 2014",60.025,60.055,60.155,59.965,0.07%
"May 08, 2014",59.9,59.965,60.1,59.88,-0.21%
"May 09, 2014",59.965,60.065,60.1,59.87,0.11%
"May 12, 2014",60.055,59.905,60.115,59.513,0.15%
"May 13, 2014",59.465,59.965,59.965,59.46,-0.98%
"May 14, 2014",59.485,59.405,59.515,59.39,0.03%
"May 15, 2014",59.465,59.415,59.615,59.1,-0.03%
"May 16, 2014",58.585,59.365,59.365,58.585,-1.48%
"May 19, 2014",58.375,58.565,58.615,58.375,-0.36%
"May 20, 2014",58.59,58.595,58.825,58.525,0.37%
"May 21, 2014",58.695,58.705,58.875,58.635,0.18%
"May 22, 2014",58.285,58.615,58.7,58.265,-0.70%
"May 23, 2014",58.525,58.465,58.555,58.33,0.41%
"May 26, 2014",58.715,58.445,58.925,58.41,0.32%
"May 27, 2014",59.045,58.715,59.097,58.655,0.56%
"May 28, 2014",58.945,58.955,59.22,58.815,-0.17%
"May 29, 2014",58.92,58.935,59.085,58.795,-0.04%
"May 30, 2014",59.195,59.045,59.195,58.94,0.47%
"Nov 03, 2014",61.42,61.51,61.51,61.325,0.02%
"Nov 04, 2014",61.395,61.365,61.415,61.31,-0.04%
"Nov 05, 2014",61.435,61.34,61.545,61.3,0.07%
"Nov 06, 2014",61.5,61.44,61.515,61.425,0.11%
"Nov 07, 2014",61.52,61.44,61.7,61.44,0.03%
"Nov 10, 2014",61.485,61.465,61.57,61.39,-0.06%
"Nov 11, 2014",61.515,61.57,61.65,61.515,0.05%
"Nov 12, 2014",61.375,61.535,61.57,61.375,-0.23%
"Nov 13, 2014",61.6,61.49,61.635,61.49,0.37%
"Nov 14, 2014",61.715,61.63,61.86,61.56,0.19%
"Nov 17, 2014",61.83,61.63,61.83,61.63,0.19%
"Nov 18, 2014",61.725,61.735,61.885,61.705,-0.17%
"Nov 19, 2014",61.945,61.845,62.008,61.795,0.36%
"Nov 20, 2014",61.93,62.04,62.23,61.89,-0.02%
"Nov 21, 2014",61.767,61.845,61.905,61.745,-0.26%
"Nov 24, 2014",61.86,61.7,61.975,61.66,0.15%
"Nov 25, 2014",61.865,61.915,62.045,61.85,0.01%
"Nov 26, 2014",61.795,61.865,61.913,61.785,-0.11%
"Nov 27, 2014",61.86,61.74,61.938,61.74,0.11%
"Nov 28, 2014",62.21,61.815,62.25,61.765,0.57%
"Oct 01, 2014",61.725,61.835,61.965,61.593,-0.35%
"Oct 02, 2014",61.545,61.72,61.72,61.545,-0.29%
"Oct 03, 2014",61.545,61.545,61.545,61.545,0.00%
"Oct 06, 2014",61.545,61.545,61.545,61.545,0.00%
"Oct 07, 2014",61.305,61.465,61.485,61.28,-0.39%
"Oct 08, 2014",61.36,61.47,61.525,61.31,0.09%
"Oct 09, 2014",61.055,61.145,61.145,60.91,-0.50%
"Oct 10, 2014",61.285,61.165,61.365,61.125,0.38%
"Oct 13, 2014",61.01,61.285,61.315,61.01,-0.45%
"Oct 14, 2014",61.4,60.945,61.48,60.935,0.64%
"Oct 15, 2014",61.38,61.31,61.41,61.25,-0.03%
"Oct 16, 2014",61.84,61.485,61.94,61.435,0.75%
"Oct 17, 2014",61.365,61.765,61.765,61.36,-0.77%
"Oct 20, 2014",61.235,61.315,61.385,61.185,-0.21%
"Oct 21, 2014",61.15,61.315,61.377,61.12,-0.14%
"Oct 22, 2014",61.2,61.095,61.315,61.015,0.08%
"Oct 23, 2014",61.17,61.16,61.21,61.1,-0.05%
"Oct 24, 2014",61.17,61.17,61.17,61.17,0.00%
"Oct 27, 2014",61.305,61.185,61.375,61.185,0.22%
"Oct 28, 2014",61.188,61.255,61.425,61.162,-0.19%
"Oct 29, 2014",61.29,61.265,61.375,61.22,0.17%
"Oct 30, 2014",61.44,61.29,61.555,61.29,0.24%
"Oct 31, 2014",61.405,61.365,61.615,61.3,-0.06%
"Sep 01, 2014",60.53,60.51,60.535,60.425,0.02%
"Sep 02, 2014",60.685,60.585,60.695,60.495,0.26%
"Sep 03, 2014",60.49,60.605,60.695,60.335,-0.32%
"Sep 04, 2014",60.36,60.465,60.49,60.355,-0.21%
"Sep 05, 2014",60.395,60.445,60.505,60.38,0.06%
"Sep 08, 2014",60.275,60.305,60.325,60.212,-0.20%
"Sep 09, 2014",60.605,60.435,60.673,60.405,0.55%
"Sep 10, 2014",60.93,60.78,61.045,60.76,0.54%
"Sep 11, 2014",60.93,60.845,60.945,60.72,0.00%
"Sep 12, 2014",60.655,60.975,61.025,60.645,-0.45%
"Sep 15, 2014",61.105,60.655,61.175,60.655,0.74%
"Sep 16, 2014",61.06,61.025,61.165,61.007,-0.07%
"Sep 17, 2014",60.915,60.985,61.043,60.83,-0.24%
"Sep 18, 2014",60.74,61.115,61.22,60.74,-0.29%
"Sep 19, 2014",60.86,60.78,60.9,60.73,0.20%
"Sep 22, 2014",60.945,60.795,60.945,60.755,0.14%
"Sep 23, 2014",61.055,60.955,61.055,60.875,0.18%
"Sep 24, 2014",60.945,61.045,61.065,60.905,-0.18%
"Sep 25, 2014",61.335,60.965,61.42,60.925,0.64%
"Sep 26, 2014",61.145,61.345,61.625,61.015,-0.31%
"Sep 29, 2014",61.56,61.155,61.62,61.155,0.68%
"Sep 30, 2014",61.94,61.615,61.94,61.565,0.62%
"Apr 01, 2015",62.142,62.291,62.402,62.135,-0.24%
"Apr 02, 2015",62.067,62.163,62.24,62.046,-0.12%
"Apr 03, 2015",61.96,62.078,62.14,61.936,-0.17%
"Apr 06, 2015",62.207,61.93,62.24,61.93,0.40%
"Apr 07, 2015",62.296,62.206,62.425,62.195,0.14%
"Apr 08, 2015",62.192,62.301,62.372,62.139,-0.17%
"Apr 09, 2015",62.306,62.201,62.337,62.15,0.18%
"Apr 10, 2015",62.276,62.301,62.43,62.209,-0.05%
"Apr 13, 2015",62.407,62.184,62.575,62.18,0.21%
"Apr 14, 2015",62.268,62.413,62.422,62.21,-0.22%
"Apr 15, 2015",62.36,62.294,62.46,62.264,0.15%
"Apr 16, 2015",62.317,62.353,62.407,62.245,-0.07%
"Apr 17, 2015",62.55,62.317,62.55,62.305,0.37%
"Apr 20, 2015",63.137,62.554,63.167,62.5,0.94%
"Apr 21, 2015",62.854,63.14,63.165,62.75,-0.45%
"Apr 22, 2015",62.98,62.881,63.02,62.725,0.20%
"Apr 23, 2015",63.277,62.968,63.43,62.895,0.47%
"Apr 24, 2015",63.662,63.283,63.683,63.215,0.61%
"Apr 27, 2015",63.346,63.747,63.78,63.346,-0.50%
"Apr 28, 2015",63.053,63.334,63.47,63.027,-0.46%
"Apr 29, 2015",63.46,63.049,63.502,63.04,0.65%
"Apr 30, 2015",63.529,63.44,63.74,63.398,0.11%
"Aug 03, 2015",64.177,63.996,64.19,63.93,0.30%
"Aug 04, 2015",63.798,64.178,64.178,63.68,-0.59%
"Aug 05, 2015",63.692,63.798,63.94,63.65,-0.17%
"Aug 06, 2015",63.722,63.692,63.83,63.65,0.05%
"Aug 07, 2015",63.739,63.722,63.97,63.701,0.03%
"Aug 10, 2015",63.773,63.744,63.92,63.707,0.05%
"Aug 11, 2015",64.332,63.773,64.392,63.751,0.88%
"Aug 12, 2015",64.855,64.354,64.96,64.28,0.81%
"Aug 13, 2015",65.203,64.855,65.34,64.63,0.54%
"Aug 14, 2015",65.129,65.234,65.38,64.96,-0.11%
"Aug 17, 2015",65.436,65.097,65.461,65.07,0.47%
"Aug 18, 2015",65.454,65.444,65.5,65.3,0.03%
"Aug 19, 2015",65.109,65.409,65.45,65.061,-0.53%
"Aug 20, 2015",65.433,65.097,65.7,65.061,0.50%
"Aug 21, 2015",66.034,65.441,66.045,65.42,0.92%
"Aug 24, 2015",66.814,66.39,66.816,66.305,1.18%
"Aug 25, 2015",66.28,66.867,66.91,65.87,-0.80%
"Aug 26, 2015",66.004,66.289,66.39,66.004,-0.42%
"Aug 27, 2015",65.968,66.141,66.16,65.865,-0.05%
"Aug 28, 2015",66.15,65.985,66.26,65.94,0.28%
"Aug 31, 2015",66.412,66.151,66.5,66.128,0.40%
"Dec 01, 2015",66.434,66.462,66.61,66.385,-0.04%
"Dec 02, 2015",66.591,66.433,66.68,66.432,0.24%
"Dec 03, 2015",66.79,66.598,66.898,66.561,0.30%
"Dec 04, 2015",66.643,66.79,66.995,66.642,-0.22%
"Dec 07, 2015",66.773,66.643,66.867,66.57,0.20%
"Dec 08, 2015",66.857,66.777,66.895,66.71,0.13%
"Dec 09, 2015",66.855,66.862,66.96,66.725,0.00%
"Dec 10, 2015",66.756,66.855,66.935,66.681,-0.15%
"Dec 11, 2015",67.148,66.761,67.148,66.743,0.59%
"Dec 14, 2015",67.093,67.1,67.18,66.965,-0.08%
"Dec 15, 2015",66.863,67.092,67.135,66.77,-0.34%
"Dec 16, 2015",66.476,66.866,66.947,66.431,-0.58%
"Dec 17, 2015",66.421,66.454,66.685,66.26,-0.08%
"Dec 18, 2015",66.255,66.411,66.535,66.228,-0.25%
"Dec 21, 2015",66.251,66.319,66.385,66.189,-0.01%
"Dec 22, 2015",66.244,66.268,66.36,66.176,-0.01%
"Dec 23, 2015",66.037,66.242,66.285,66.011,-0.31%
"Dec 24, 2015",65.947,66.058,66.162,65.946,-0.14%
"Dec 25, 2015",66.025,65.946,66.03,65.946,0.12%
"Dec 28, 2015",66.137,66.03,66.22,66.03,0.17%
"Dec 29, 2015",66.235,66.153,66.43,66.136,0.15%
"Dec 30, 2015",66.475,66.257,66.495,66.234,0.36%
"Dec 31, 2015",66.208,66.484,66.484,66.09,-0.40%
"Feb 02, 2015",61.719,62.005,62.085,61.645,-0.49%
"Feb 03, 2015",61.596,61.721,61.85,61.565,-0.20%
"Feb 04, 2015",61.842,61.596,61.91,61.565,0.40%
"Feb 05, 2015",61.709,61.842,61.95,61.678,-0.22%
"Feb 06, 2015",61.97,61.703,62.025,61.665,0.42%
"Feb 09, 2015",62.149,62.058,62.22,61.95,0.29%
"Feb 10, 2015",62.327,62.161,62.374,61.93,0.29%
"Feb 11, 2015",62.382,62.327,62.433,62.12,0.09%
"Feb 12, 2015",62.15,62.382,62.54,62.028,-0.37%
"Feb 13, 2015",62.076,62.14,62.224,62.02,-0.12%
"Feb 16, 2015",62.105,62.114,62.25,62.07,0.05%
"Feb 17, 2015",62.157,62.105,62.27,62.07,0.08%
"Feb 18, 2015",62.057,62.157,62.361,62.005,-0.16%
"Feb 19, 2015",62.138,62.064,62.17,62.03,0.13%
"Feb 20, 2015",62.109,62.14,62.29,62.108,-0.05%
"Feb 23, 2015",62.163,62.27,62.33,62.117,0.09%
"Feb 24, 2015",62.17,62.172,62.36,62.07,0.01%
"Feb 25, 2015",61.862,62.09,62.113,61.84,-0.50%
"Feb 26, 2015",61.731,61.871,62,61.675,-0.21%
"Feb 27, 2015",61.659,61.744,61.92,61.658,-0.12%
"Jan 01, 2015",63.355,63.175,63.455,63.175,0.51%
"Jan 02, 2015",63.285,63.445,63.502,63.255,-0.11%
"Jan 05, 2015",63.345,63.435,63.495,63.285,0.09%
"Jan 06, 2015",63.575,63.375,63.625,63.315,0.36%
"Jan 07, 2015",63.28,63.52,63.565,63.17,-0.46%
"Jan 08, 2015",62.675,63.205,63.205,62.595,-0.96%
"Jan 09, 2015",62.355,62.5,62.52,62.3,-0.51%
"Jan 12, 2015",62.075,62.355,62.355,62.065,-0.45%
"Jan 13, 2015",61.98,62.1,62.195,61.97,-0.15%
"Jan 14, 2015",62.095,62.085,62.235,62.06,0.19%
"Jan 15, 2015",62.065,61.885,62.105,61.485,-0.05%
"Jan 16, 2015",61.87,62.085,62.21,61.795,-0.31%
"Jan 19, 2015",61.645,61.655,61.812,61.605,-0.36%
"Jan 20, 2015",61.655,61.825,61.905,61.645,0.02%
"Jan 21, 2015",61.56,61.73,61.73,61.54,-0.15%
"Jan 22, 2015",61.605,61.635,61.77,61.505,0.07%
"Jan 23, 2015",61.44,61.45,61.615,61.373,-0.27%
"Jan 26, 2015",61.48,61.515,61.52,61.475,0.07%
"Jan 27, 2015",61.41,61.48,61.525,61.355,-0.11%
"Jan 28, 2015",61.358,61.515,61.54,61.27,-0.08%
"Jan 29, 2015",61.801,61.44,61.981,61.43,0.72%
"Jan 30, 2015",62.02,61.807,62.035,61.71,0.35%
"Jul 01, 2015",63.55,63.609,63.712,63.53,-0.08%
"Jul 02, 2015",63.299,63.553,63.68,63.296,-0.39%
"Jul 03, 2015",63.411,63.297,63.5,63.297,0.18%
"Jul 06, 2015",63.264,63.427,63.64,63.254,-0.23%
"Jul 07, 2015",63.476,63.263,63.582,63.26,0.34%
"Jul 08, 2015",63.459,63.476,63.66,63.453,-0.03%
"Jul 09, 2015",63.318,63.456,63.59,63.29,-0.22%
"Jul 10, 2015",63.358,63.318,63.49,63.308,0.06%
"Jul 13, 2015",63.45,63.359,63.6,63.315,0.15%
"Jul 14, 2015",63.281,63.45,63.6,63.265,-0.27%
"Jul 15, 2015",63.507,63.278,63.61,63.278,0.36%
"Jul 16, 2015",63.463,63.508,63.564,63.42,-0.07%
"Jul 17, 2015",63.492,63.487,63.54,63.375,0.05%
"Jul 20, 2015",63.6,63.483,63.75,63.47,0.17%
"Jul 21, 2015",63.583,63.6,63.76,63.537,-0.03%
"Jul 22, 2015",63.571,63.567,63.68,63.49,-0.02%
"Jul 23, 2015",63.921,63.57,63.93,63.57,0.55%
"Jul 24, 2015",64.106,63.922,64.18,63.826,0.29%
"Jul 27, 2015",64.202,64.16,64.27,64,0.15%
"Jul 28, 2015",63.799,64.232,64.243,63.74,-0.63%
"Jul 29, 2015",63.821,63.8,63.95,63.767,0.03%
"Jul 30, 2015",64.138,63.826,64.16,63.82,0.50%
"Jul 31, 2015",63.988,64.152,64.22,63.864,-0.23%
"Jun 01, 2015",63.594,63.733,63.841,63.53,-0.23%
"Jun 02, 2015",63.689,63.61,63.97,63.59,0.15%
"Jun 03, 2015",63.997,63.699,64.08,63.669,0.48%
"Jun 04, 2015",63.964,63.996,64.27,63.916,-0.05%
"Jun 05, 2015",63.77,63.963,64.035,63.75,-0.30%
"Jun 08, 2015",63.947,64.111,64.18,63.925,0.28%
"Jun 09, 2015",64.01,63.963,64.09,63.85,0.10%
"Jun 10, 2015",63.766,64.039,64.071,63.76,-0.38%
"Jun 11, 2015",63.959,63.782,64.03,63.75,0.30%
"Jun 12, 2015",64.1,63.985,64.2,63.9,0.22%
"Jun 15, 2015",64.085,64.1,64.2,64,-0.02%
"Jun 16, 2015",64.166,64.081,64.33,63.996,0.13%
"Jun 17, 2015",64.011,64.166,64.28,63.989,-0.24%
"Jun 18, 2015",63.577,63.905,63.95,63.566,-0.68%
"Jun 19, 2015",63.5,63.579,63.87,63.42,-0.12%
"Jun 22, 2015",63.523,63.532,63.59,63.44,0.04%
"Jun 23, 2015",63.607,63.532,63.695,63.499,0.13%
"Jun 24, 2015",63.526,63.59,63.71,63.487,-0.13%
"Jun 25, 2015",63.518,63.548,63.65,63.489,-0.01%
"Jun 26, 2015",63.452,63.528,63.67,63.45,-0.10%
"Jun 29, 2015",63.707,63.523,63.95,63.45,0.40%
"Jun 30, 2015",63.604,63.707,63.81,63.55,-0.16%
"Mar 02, 2015",61.862,61.713,62,61.675,0.33%
"Mar 03, 2015",61.819,61.862,61.972,61.772,-0.07%
"Mar 04, 2015",62.309,61.819,62.391,61.659,0.79%
"Mar 05, 2015",62.381,62.309,62.43,62.16,0.12%
"Mar 06, 2015",62.46,62.393,62.463,62.3,0.13%
"Mar 09, 2015",62.634,62.475,62.8,62.4,0.28%
"Mar 10, 2015",62.72,62.641,62.836,62.563,0.14%
"Mar 11, 2015",62.781,62.723,62.88,62.7,0.10%
"Mar 12, 2015",62.542,62.777,62.796,62.408,-0.38%
"Mar 13, 2015",63.083,62.559,63.126,62.433,0.87%
"Mar 16, 2015",62.78,63.087,63.138,62.763,-0.48%
"Mar 17, 2015",62.623,62.778,62.85,62.608,-0.25%
"Mar 18, 2015",62.701,62.651,62.79,62.62,0.12%
"Mar 19, 2015",62.49,62.39,62.685,62.37,-0.34%
"Mar 20, 2015",62.41,62.525,62.595,62.41,-0.13%
"Mar 23, 2015",62.23,62.415,62.415,62.23,-0.29%
"Mar 24, 2015",62.348,62.21,62.421,62.14,0.19%
"Mar 25, 2015",62.412,62.344,62.454,62.262,0.10%
"Mar 26, 2015",62.836,62.43,62.843,62.43,0.68%
"Mar 27, 2015",62.523,62.84,62.851,62.395,-0.50%
"Mar 30, 2015",62.51,62.534,62.7,62.438,-0.02%
"Mar 31, 2015",62.291,62.514,62.68,62.276,-0.35%
"May 01, 2015",63.719,63.531,63.72,63.5,0.30%
"May 04, 2015",63.516,63.692,63.693,63.516,-0.32%
"May 05, 2015",63.369,63.562,63.62,63.315,-0.23%
"May 06, 2015",63.621,63.376,63.685,63.31,0.40%
"May 07, 2015",64.073,63.635,64.29,63.623,0.71%
"May 08, 2015",63.711,64.071,64.23,63.657,-0.56%
"May 11, 2015",64.007,63.705,64.022,63.705,0.46%
"May 12, 2015",64.147,64.007,64.39,63.998,0.22%
"May 13, 2015",64.013,64.146,64.281,63.845,-0.21%
"May 14, 2015",63.383,64.014,64.063,63.379,-0.98%
"May 15, 2015",63.44,63.403,63.662,63.347,0.09%
"May 18, 2015",63.708,63.442,63.75,63.425,0.42%
"May 19, 2015",63.763,63.725,63.85,63.52,0.09%
"May 20, 2015",63.598,63.781,63.9,63.555,-0.26%
"May 21, 2015",63.58,63.612,63.75,63.51,-0.03%
"May 22, 2015",63.49,63.578,63.681,63.43,-0.14%
"May 25, 2015",63.496,63.511,63.68,63.49,0.01%
"May 26, 2015",63.972,63.493,64.02,63.49,0.75%
"May 27, 2015",63.826,63.983,64.17,63.82,-0.23%
"May 28, 2015",63.763,63.823,64,63.745,-0.10%
"May 29, 2015",63.743,63.79,63.946,63.68,-0.03%
"Nov 02, 2015",65.561,65.413,65.665,65.355,0.21%
"Nov 03, 2015",65.569,65.568,65.795,65.42,0.01%
"Nov 04, 2015",65.609,65.592,65.63,65.33,0.06%
"Nov 05, 2015",65.86,65.609,65.9,65.523,0.38%
"Nov 06, 2015",66.14,65.817,66.14,65.733,0.43%
"Nov 09, 2015",66.475,66.42,66.5,66.317,0.51%
"Nov 10, 2015",66.2,66.44,66.49,66.2,-0.41%
"Nov 11, 2015",66.07,66.07,66.07,66.07,-0.20%
"Nov 12, 2015",66.055,66.135,66.165,66.01,-0.02%
"Nov 13, 2015",66.059,66.19,66.24,66.059,0.01%
"Nov 16, 2015",65.886,66.079,66.26,65.853,-0.26%
"Nov 17, 2015",65.981,65.905,66.095,65.885,0.14%
"Nov 18, 2015",66.033,66.008,66.325,65.985,0.08%
"Nov 19, 2015",66.09,66.057,66.24,66.032,0.09%
"Nov 20, 2015",66.058,66.088,66.28,66.044,-0.05%
"Nov 23, 2015",66.395,66.095,66.485,66.057,0.51%
"Nov 24, 2015",66.262,66.398,66.505,66.26,-0.20%
"Nov 25, 2015",66.368,66.261,66.399,66.261,0.16%
"Nov 26, 2015",66.565,66.371,66.675,66.347,0.30%
"Nov 27, 2015",66.907,66.66,66.91,66.65,0.51%
"Nov 30, 2015",66.462,66.835,66.945,66.422,-0.67%
"Oct 01, 2015",65.631,65.524,65.68,65.49,0.17%
"Oct 02, 2015",65.364,65.623,65.7,65.358,-0.41%
"Oct 05, 2015",65.134,65.155,65.34,65.047,-0.35%
"Oct 06, 2015",65.129,65.145,65.44,65.128,-0.01%
"Oct 07, 2015",64.907,65.127,65.37,64.815,-0.34%
"Oct 08, 2015",64.819,64.935,65.188,64.816,-0.14%
"Oct 09, 2015",64.78,64.817,65.004,64.689,-0.06%
"Oct 12, 2015",64.795,64.779,64.89,64.7,0.02%
"Oct 13, 2015",65.098,64.797,65.192,64.78,0.47%
"Oct 14, 2015",64.736,65.112,65.185,64.73,-0.56%
"Oct 15, 2015",64.779,64.735,64.921,64.68,0.07%
"Oct 16, 2015",64.703,64.78,65.03,64.639,-0.12%
"Oct 19, 2015",64.919,64.703,64.937,64.681,0.33%
"Oct 20, 2015",65.024,64.92,65.07,64.86,0.16%
"Oct 21, 2015",65.146,65.024,65.23,65,0.19%
"Oct 22, 2015",64.86,65.133,65.173,64.853,-0.44%
"Oct 23, 2015",64.892,64.869,65.06,64.7,0.05%
"Oct 26, 2015",64.921,64.964,65.025,64.788,0.04%
"Oct 27, 2015",65.112,64.921,65.117,64.885,0.29%
"Oct 28, 2015",64.954,65.112,65.12,64.833,-0.24%
"Oct 29, 2015",65.449,65.154,65.47,65.12,0.76%
"Oct 30, 2015",65.423,65.444,65.453,65.12,-0.04%
"Sep 01, 2015",66.383,66.398,66.47,66.19,-0.04%
"Sep 02, 2015",66.202,66.383,66.474,66.125,-0.27%
"Sep 03, 2015",66.1,66.202,66.3,66.04,-0.15%
"Sep 04, 2015",66.685,66.124,66.785,66.09,0.89%
"Sep 07, 2015",66.886,66.726,66.907,66.585,0.30%
"Sep 08, 2015",66.294,66.853,66.913,66.293,-0.89%
"Sep 09, 2015",66.619,66.311,66.65,66.245,0.49%
"Sep 10, 2015",66.299,66.646,66.77,66.298,-0.48%
"Sep 11, 2015",66.241,66.309,66.59,66.238,-0.09%
"Sep 14, 2015",66.261,66.242,66.5,66.21,0.03%
"Sep 15, 2015",66.447,66.279,66.48,66.266,0.28%
"Sep 16, 2015",66.219,66.449,66.52,66.186,-0.34%
"Sep 17, 2015",66.071,66.194,66.301,66.066,-0.22%
"Sep 18, 2015",65.868,66.117,66.26,65.67,-0.31%
"Sep 21, 2015",65.691,65.869,65.95,65.62,-0.27%
"Sep 22, 2015",65.91,65.71,65.97,65.56,0.33%
"Sep 23, 2015",66.184,65.91,66.186,65.828,0.42%
"Sep 24, 2015",66.11,66.175,66.38,66.04,-0.11%
"Sep 25, 2015",66.17,66.108,66.242,66.07,0.09%
"Sep 28, 2015",66.267,66.16,66.274,66.02,0.15%
"Sep 29, 2015",65.837,66.413,66.441,65.836,-0.65%
"Sep 30, 2015",65.517,65.836,65.955,65.48,-0.49%
"Apr 01, 2016",66.365,66.355,66.502,66.27,0.17%
"Apr 04, 2016",66.106,66.31,66.387,66.024,-0.39%
"Apr 05, 2016",66.422,66.112,66.558,66.08,0.48%
"Apr 06, 2016",66.517,66.42,66.745,66.38,0.14%
"Apr 07, 2016",66.757,66.517,66.826,66.422,0.36%
"Apr 08, 2016",66.551,66.757,66.787,66.475,-0.31%
"Apr 11, 2016",66.287,66.555,66.603,66.28,-0.40%
"Apr 12, 2016",66.283,66.301,66.567,66.272,-0.01%
"Apr 13, 2016",66.496,66.277,66.68,66.271,0.32%
"Apr 14, 2016",66.597,66.506,66.69,66.479,0.15%
"Apr 15, 2016",66.66,66.597,66.68,66.469,0.09%
"Apr 18, 2016",66.416,66.66,66.72,66.415,-0.37%
"Apr 19, 2016",66.15,66.417,66.502,66.129,-0.40%
"Apr 20, 2016",66.166,66.137,66.36,66.095,0.02%
"Apr 21, 2016",66.489,66.165,66.528,66.164,0.49%
"Apr 22, 2016",66.66,66.502,66.731,66.457,0.26%
"Apr 25, 2016",66.685,66.66,66.765,66.59,0.04%
"Apr 26, 2016",66.404,66.693,66.852,66.397,-0.42%
"Apr 27, 2016",66.362,66.406,66.612,66.344,-0.06%
"Apr 28, 2016",66.401,66.391,66.562,66.32,0.06%
"Apr 29, 2016",66.425,66.395,66.57,66.29,0.04%
"Aug 01, 2016",66.764,66.72,66.81,66.64,0.16%
"Aug 02, 2016",66.682,66.767,66.805,66.57,-0.12%
"Aug 03, 2016",66.767,66.687,67.015,66.682,0.13%
"Aug 04, 2016",66.84,66.782,67.01,66.74,0.11%
"Aug 05, 2016",66.842,66.843,66.901,66.71,0.00%
"Aug 08, 2016",66.81,66.84,66.865,66.673,-0.05%
"Aug 09, 2016",66.774,66.816,66.985,66.738,-0.05%
"Aug 10, 2016",66.765,66.772,66.808,66.6,-0.01%
"Aug 11, 2016",66.75,66.765,66.92,66.738,-0.02%
"Aug 12, 2016",66.908,66.75,66.926,66.738,0.24%
"Aug 15, 2016",66.853,66.91,66.96,66.792,-0.08%
"Aug 16, 2016",66.87,66.865,66.938,66.688,0.03%
"Aug 17, 2016",66.893,66.857,66.986,66.84,0.03%
"Aug 18, 2016",66.83,66.904,66.916,66.717,-0.09%
"Aug 19, 2016",67.137,66.822,67.205,66.822,0.46%
"Aug 22, 2016",67.202,67.138,67.37,67.095,0.10%
"Aug 23, 2016",67.122,67.194,67.211,67.03,-0.12%
"Aug 24, 2016",67.167,67.153,67.295,67.087,0.07%
"Aug 25, 2016",67.016,67.167,67.167,67,-0.22%
"Aug 26, 2016",67.136,67.014,67.161,66.831,0.18%
"Aug 29, 2016",67.113,67.137,67.215,67.06,-0.03%
"Aug 30, 2016",67.144,67.096,67.155,66.934,0.05%
"Aug 31, 2016",66.973,67.148,67.155,66.92,-0.25%
"Dec 01, 2016",68.236,68.595,68.598,68.19,-0.53%
"Dec 02, 2016",68.031,68.235,68.393,68.01,-0.30%
"Dec 05, 2016",68.025,68.021,68.275,68.015,-0.01%
"Dec 06, 2016",67.742,68.026,68.158,67.675,-0.42%
"Dec 07, 2016",67.438,67.738,67.98,67.425,-0.45%
"Dec 08, 2016",67.546,67.445,67.571,67.318,0.16%
"Dec 09, 2016",67.47,67.41,67.64,67.368,-0.11%
"Dec 12, 2016",67.431,67.471,67.649,67.37,-0.06%
"Dec 13, 2016",67.411,67.428,67.609,67.38,-0.03%
"Dec 14, 2016",67.475,67.425,67.605,67.4,0.09%
"Dec 15, 2016",67.857,67.77,67.95,67.688,0.57%
"Dec 16, 2016",67.855,67.855,67.88,67.738,0.00%
"Dec 19, 2016",67.844,67.85,67.9,67.708,-0.02%
"Dec 20, 2016",67.917,67.847,68.111,67.81,0.11%
"Dec 21, 2016",67.837,67.917,67.97,67.77,-0.12%
"Dec 22, 2016",67.848,67.838,68.04,67.82,0.02%
"Dec 23, 2016",67.837,67.845,67.95,67.74,-0.02%
"Dec 26, 2016",67.76,67.841,67.863,67.705,-0.11%
"Dec 27, 2016",67.978,67.82,68.09,67.76,0.32%
"Dec 28, 2016",68.233,67.977,68.261,67.955,0.38%
"Dec 29, 2016",67.935,68.232,68.258,67.905,-0.44%
"Dec 30, 2016",67.955,67.935,68,67.85,0.03%
"Feb 01, 2016",67.835,67.878,67.97,67.64,-0.06%
"Feb 02, 2016",67.975,67.817,68.043,67.764,0.21%
"Feb 03, 2016",67.934,67.977,68.265,67.929,-0.06%
"Feb 04, 2016",67.544,67.76,67.895,67.524,-0.57%
"Feb 05, 2016",67.81,67.546,67.84,67.495,0.39%
"Feb 08, 2016",68.034,67.88,68.068,67.78,0.33%
"Feb 09, 2016",67.901,68.054,68.22,67.882,-0.20%
"Feb 10, 2016",67.861,67.91,67.996,67.798,-0.06%
"Feb 11, 2016",68.471,67.862,68.489,67.785,0.90%
"Feb 12, 2016",68.118,68.471,68.496,68.11,-0.52%
"Feb 15, 2016",68.131,68.119,68.27,68.01,0.02%
"Feb 16, 2016",68.474,68.14,68.512,68.061,0.50%
"Feb 17, 2016",68.329,68.482,68.69,68.314,-0.21%
"Feb 18, 2016",68.542,68.322,68.6,68.316,0.31%
"Feb 19, 2016",68.545,68.531,68.686,68.521,0.00%
"Feb 22, 2016",68.533,68.69,68.725,68.505,-0.02%
"Feb 23, 2016",68.561,68.553,68.69,68.46,0.04%
"Feb 24, 2016",68.431,68.561,68.66,68.386,-0.19%
"Feb 25, 2016",68.768,68.431,68.909,68.384,0.49%
"Feb 26, 2016",68.737,68.779,68.86,68.63,-0.05%
"Feb 29, 2016",68.208,68.737,68.792,68.203,-0.77%
"Jan 01, 2016",66.235,66.209,66.267,66.13,0.04%
"Jan 04, 2016",66.579,66.165,66.66,66.165,0.52%
"Jan 05, 2016",66.481,66.599,66.663,66.428,-0.15%
"Jan 06, 2016",66.698,66.499,66.905,66.479,0.33%
"Jan 07, 2016",66.891,66.712,66.981,66.507,0.29%
"Jan 08, 2016",66.847,66.891,66.93,66.6,-0.07%
"Jan 11, 2016",66.76,66.874,66.965,66.708,-0.13%
"Jan 12, 2016",66.946,66.766,66.98,66.74,0.28%
"Jan 13, 2016",66.917,66.947,66.953,66.73,-0.04%
"Jan 14, 2016",67.316,66.918,67.49,66.917,0.60%
"Jan 15, 2016",67.775,67.328,67.869,67.255,0.68%
"Jan 18, 2016",67.661,67.791,67.791,67.5,-0.17%
"Jan 19, 2016",67.734,67.662,67.8,67.525,0.11%
"Jan 20, 2016",67.958,67.734,68.18,67.731,0.33%
"Jan 21, 2016",67.799,67.955,68.12,67.797,-0.23%
"Jan 22, 2016",67.549,67.826,67.869,67.547,-0.37%
"Jan 25, 2016",67.755,67.579,67.85,67.493,0.30%
"Jan 26, 2016",67.739,67.727,67.909,67.697,-0.02%
"Jan 27, 2016",68.144,67.766,68.185,67.739,0.60%
"Jan 28, 2016",68.053,68.15,68.265,68.017,-0.13%
"Jan 29, 2016",67.878,68.053,68.18,67.785,-0.26%
"Jul 01, 2016",67.19,67.509,67.514,67.15,-0.47%
"Jul 04, 2016",67.265,67.19,67.3,67.118,0.11%
"Jul 05, 2016",67.434,67.255,67.525,67.244,0.25%
"Jul 06, 2016",67.411,67.438,67.555,67.36,-0.03%
"Jul 07, 2016",67.495,67.404,67.539,67.304,0.12%
"Jul 08, 2016",67.139,67.495,67.517,67.07,-0.53%
"Jul 11, 2016",67.138,67.139,67.308,67.01,0.00%
"Jul 12, 2016",66.975,67.172,67.22,66.975,-0.24%
"Jul 13, 2016",67.016,67.06,67.225,66.935,0.06%
"Jul 14, 2016",66.843,67.006,67.042,66.802,-0.26%
"Jul 15, 2016",67.141,66.843,67.175,66.843,0.45%
"Jul 18, 2016",67.137,67.096,67.22,67.012,-0.01%
"Jul 19, 2016",67.204,67.137,67.24,67.063,0.10%
"Jul 20, 2016",67.163,67.188,67.255,67.095,-0.06%
"Jul 21, 2016",67.153,67.174,67.273,67.081,-0.01%
"Jul 22, 2016",67.154,67.163,67.217,67.042,0.00%
"Jul 25, 2016",67.412,67.15,67.48,67.09,0.38%
"Jul 26, 2016",67.321,67.415,67.438,67.255,-0.13%
"Jul 27, 2016",67.072,67.294,67.379,67.042,-0.37%
"Jul 28, 2016",67.014,67.058,67.115,66.94,-0.09%
"Jul 29, 2016",66.655,67.032,67.113,66.625,-0.54%
"Jun 01, 2016",67.434,67.207,67.519,67.12,0.33%
"Jun 02, 2016",67.268,67.484,67.51,67.215,-0.25%
"Jun 03, 2016",67,67.285,67.38,67,-0.40%
"Jun 06, 2016",66.79,66.888,67.055,66.789,-0.31%
"Jun 07, 2016",66.658,66.809,66.97,66.635,-0.20%
"Jun 08, 2016",66.5,66.658,66.821,66.451,-0.24%
"Jun 09, 2016",66.753,66.491,66.795,66.473,0.38%
"Jun 10, 2016",66.952,66.783,67.01,66.717,0.30%
"Jun 13, 2016",67.187,66.96,67.22,66.9,0.35%
"Jun 14, 2016",67.292,67.188,67.396,67.061,0.16%
"Jun 15, 2016",67.079,67.291,67.353,67,-0.32%
"Jun 16, 2016",67.315,67.079,67.454,67.077,0.35%
"Jun 17, 2016",67.074,67.318,67.318,67.042,-0.36%
"Jun 20, 2016",67.551,67.073,67.69,67.073,0.71%
"Jun 21, 2016",67.624,67.497,67.755,67.335,0.11%
"Jun 22, 2016",67.449,67.64,67.678,67.342,-0.26%
"Jun 23, 2016",67.279,67.442,67.48,67.2,-0.25%
"Jun 24, 2016",67.885,67.278,68.223,67.247,0.90%
"Jun 27, 2016",67.914,67.888,68.09,67.78,0.04%
"Jun 28, 2016",67.715,67.898,67.98,67.65,-0.29%
"Jun 29, 2016",67.422,67.715,67.85,67.375,-0.43%
"Jun 30, 2016",67.504,67.394,67.72,67.394,0.12%
"Mar 01, 2016",67.753,68.206,68.36,67.677,-0.67%
"Mar 02, 2016",67.395,67.599,67.765,67.392,-0.53%
"Mar 03, 2016",67.122,67.41,67.46,67.121,-0.41%
"Mar 04, 2016",66.938,67.121,67.355,66.881,-0.27%
"Mar 07, 2016",66.989,66.989,67.156,66.933,0.08%
"Mar 08, 2016",67.313,66.989,67.47,66.988,0.48%
"Mar 09, 2016",67.128,67.325,67.515,67.062,-0.27%
"Mar 10, 2016",67.302,67.128,67.373,66.895,0.26%
"Mar 11, 2016",66.921,67.303,67.352,66.901,-0.57%
"Mar 14, 2016",67.138,66.973,67.246,66.88,0.32%
"Mar 15, 2016",67.372,67.138,67.415,67.136,0.35%
"Mar 16, 2016",67.173,67.37,67.46,67.173,-0.30%
"Mar 17, 2016",66.619,66.91,66.958,66.605,-0.82%
"Mar 18, 2016",66.384,66.63,66.7,66.256,-0.35%
"Mar 21, 2016",66.5,66.383,66.571,66.383,0.17%
"Mar 22, 2016",66.755,66.5,66.84,66.48,0.38%
"Mar 23, 2016",66.93,66.755,66.956,66.625,0.26%
"Mar 24, 2016",66.916,66.93,66.948,66.822,-0.02%
"Mar 25, 2016",66.829,66.916,66.928,66.745,-0.13%
"Mar 28, 2016",66.608,66.79,66.912,66.511,-0.33%
"Mar 29, 2016",66.375,66.61,66.66,66.366,-0.35%
"Mar 30, 2016",66.375,66.295,66.502,66.265,0.00%
"Mar 31, 2016",66.255,66.235,66.358,66.125,-0.18%
"May 02, 2016",66.346,66.425,66.465,66.32,-0.12%
"May 03, 2016",66.558,66.343,66.582,66.235,0.32%
"May 04, 2016",66.627,66.579,66.689,66.5,0.10%
"May 05, 2016",66.558,66.627,66.675,66.458,-0.10%
"May 06, 2016",66.6,66.568,66.715,66.48,0.06%
"May 09, 2016",66.752,66.602,66.8,66.395,0.23%
"May 10, 2016",66.631,66.752,66.786,66.542,-0.18%
"May 11, 2016",66.561,66.631,66.845,66.52,-0.11%
"May 12, 2016",66.757,66.561,66.781,66.52,0.29%
"May 13, 2016",66.855,66.757,66.925,66.72,0.15%
"May 16, 2016",66.844,66.925,66.944,66.73,-0.02%
"May 17, 2016",66.825,66.845,66.901,66.675,-0.03%
"May 18, 2016",67.14,66.824,67.169,66.824,0.47%
"May 19, 2016",67.436,67.143,67.61,67.103,0.44%
"May 20, 2016",67.408,67.436,67.545,67.32,-0.04%
"May 23, 2016",67.409,67.43,67.59,67.243,0.00%
"May 24, 2016",67.63,67.429,67.78,67.417,0.33%
"May 25, 2016",67.273,67.63,67.712,67.223,-0.53%
"May 26, 2016",66.927,67.3,67.415,66.903,-0.51%
"May 27, 2016",67.031,66.942,67.135,66.875,0.16%
"May 30, 2016",67.171,67.04,67.38,67.031,0.21%
"May 31, 2016",67.209,67.17,67.338,67.106,0.06%
"Nov 01, 2016",66.696,66.685,66.78,66.66,0.01%
"Nov 02, 2016",66.762,66.695,66.87,66.63,0.10%
"Nov 03, 2016",66.668,66.778,66.798,66.63,-0.14%
"Nov 04, 2016",66.796,66.665,66.805,66.65,0.19%
"Nov 07, 2016",66.745,66.795,66.805,66.676,-0.08%
"Nov 08, 2016",66.246,66.745,66.748,66.242,-0.75%
"Nov 09, 2016",66.515,66.261,66.945,66.242,0.41%
"Nov 10, 2016",66.865,66.468,66.865,66.33,0.53%
"Nov 11, 2016",67.565,67.301,67.565,66.985,1.05%
"Nov 14, 2016",67.785,67.52,67.786,67.46,0.33%
"Nov 15, 2016",67.786,67.786,67.875,67.53,0.00%
"Nov 16, 2016",67.999,67.785,68.12,67.618,0.31%
"Nov 17, 2016",68.023,67.983,68.075,67.767,0.04%
"Nov 18, 2016",68.191,68.03,68.25,67.94,0.25%
"Nov 21, 2016",68.228,68.185,68.293,68.02,0.05%
"Nov 22, 2016",68.396,68.225,68.49,68.06,0.25%
"Nov 23, 2016",68.784,68.395,68.881,68.36,0.57%
"Nov 24, 2016",68.761,68.81,68.87,68.578,-0.03%
"Nov 25, 2016",68.519,68.755,68.761,68.3,-0.35%
"Nov 28, 2016",68.579,68.519,68.81,68.355,0.09%
"Nov 29, 2016",68.615,68.575,68.776,68.561,0.05%
"Nov 30, 2016",68.598,68.615,68.71,68.368,-0.02%
"Oct 03, 2016",66.546,66.555,66.61,66.43,-0.02%
"Oct 04, 2016",66.609,66.494,66.63,66.373,0.09%
"Oct 05, 2016",66.572,66.613,66.675,66.505,-0.06%
"Oct 06, 2016",66.697,66.574,66.796,66.554,0.19%
"Oct 07, 2016",66.602,66.696,66.89,66.535,-0.14%
"Oct 10, 2016",66.492,66.602,66.62,66.473,-0.17%
"Oct 11, 2016",66.834,66.508,66.862,66.494,0.51%
"Oct 12, 2016",66.812,66.819,66.885,66.73,-0.03%
"Oct 13, 2016",66.794,66.827,66.99,66.73,-0.03%
"Oct 14, 2016",66.717,66.794,66.91,66.64,-0.12%
"Oct 17, 2016",66.789,66.718,66.9,66.715,0.11%
"Oct 18, 2016",66.733,66.789,66.802,66.65,-0.08%
"Oct 19, 2016",66.645,66.74,66.775,66.61,-0.13%
"Oct 20, 2016",66.83,66.638,66.87,66.61,0.28%
"Oct 21, 2016",66.926,66.852,67.005,66.76,0.14%
"Oct 24, 2016",66.845,66.921,66.935,66.766,-0.12%
"Oct 25, 2016",66.806,66.851,66.94,66.74,-0.06%
"Oct 26, 2016",66.863,66.812,66.9,66.758,0.09%
"Oct 27, 2016",66.881,66.862,66.963,66.79,0.03%
"Oct 28, 2016",66.778,66.894,66.934,66.691,-0.15%
"Oct 31, 2016",66.686,66.779,66.8,66.65,-0.14%
"Sep 01, 2016",66.801,66.962,67.095,66.758,-0.26%
"Sep 02, 2016",66.795,66.833,66.897,66.617,-0.01%
"Sep 05, 2016",66.47,66.65,66.665,66.435,-0.49%
"Sep 06, 2016",66.28,66.55,66.58,66.27,-0.29%
"Sep 07, 2016",66.478,66.37,66.506,66.31,0.30%
"Sep 08, 2016",66.631,66.478,66.676,66.365,0.23%
"Sep 09, 2016",66.895,66.653,66.895,66.46,0.40%
"Sep 12, 2016",66.738,66.85,66.995,66.727,-0.23%
"Sep 13, 2016",67.14,66.738,67.148,66.732,0.60%
"Sep 14, 2016",66.798,67.131,67.132,66.786,-0.51%
"Sep 15, 2016",66.86,66.798,67.085,66.767,0.09%
"Sep 16, 2016",67.075,66.863,67.12,66.775,0.32%
"Sep 19, 2016",66.98,67.076,67.08,66.87,-0.14%
"Sep 20, 2016",66.985,66.98,67.07,66.91,0.01%
"Sep 21, 2016",66.744,66.988,67.145,66.738,-0.36%
"Sep 22, 2016",66.633,66.762,66.903,66.53,-0.17%
"Sep 23, 2016",66.707,66.635,66.75,66.593,0.11%
"Sep 26, 2016",66.613,66.707,66.805,66.547,-0.14%
"Sep 27, 2016",66.425,66.629,66.712,66.425,-0.28%
"Sep 28, 2016",66.349,66.47,66.548,66.346,-0.11%
"Sep 29, 2016",66.812,66.346,66.955,66.327,0.70%
"Sep 30, 2016",66.556,66.802,66.873,66.51,-0.38%
"Apr 03, 2017",64.985,64.825,65.11,64.785,0.19%
"Apr 04, 2017",65.08,65.15,65.15,65.07,0.15%
"Apr 05, 2017",64.875,65.075,65.175,64.875,-0.31%
"Apr 06, 2017",64.606,65.044,65.059,64.504,-0.41%
"Apr 07, 2017",64.27,64.599,64.744,64.154,-0.52%
"Apr 10, 2017",64.605,64.325,64.61,64.325,0.52%
"Apr 11, 2017",64.555,64.575,64.695,64.41,-0.08%
"Apr 12, 2017",64.69,64.625,64.73,64.535,0.21%
"Apr 13, 2017",64.445,64.455,64.493,64.272,-0.38%
"Apr 14, 2017",64.48,64.443,64.48,64.443,0.05%
"Apr 17, 2017",64.48,64.44,64.55,64.305,0.00%
"Apr 18, 2017",64.605,64.515,64.655,64.485,0.19%
"Apr 19, 2017",64.665,64.575,64.665,64.525,0.09%
"Apr 20, 2017",64.62,64.64,64.727,64.536,-0.07%
"Apr 21, 2017",64.65,64.66,64.69,64.565,0.05%
"Apr 24, 2017",64.49,64.537,64.542,64.41,-0.25%
"Apr 25, 2017",64.33,64.425,64.425,64.215,-0.25%
"Apr 26, 2017",64.13,64.32,64.33,63.94,-0.31%
"Apr 27, 2017",64.115,64.065,64.175,63.985,-0.02%
"Apr 28, 2017",64.29,64.13,64.4,64.13,0.27%
"Aug 01, 2017",64.095,64.105,64.145,64.045,-0.16%
"Aug 02, 2017",63.635,64.125,64.135,63.595,-0.72%
"Aug 03, 2017",63.705,63.645,63.72,63.575,0.11%
"Aug 04, 2017",63.675,63.721,63.786,63.624,-0.05%
"Aug 07, 2017",63.84,63.73,63.865,63.668,0.26%
"Aug 08, 2017",63.692,63.755,63.785,63.62,-0.23%
"Aug 09, 2017",63.86,63.785,63.86,63.715,0.26%
"Aug 10, 2017",64.095,63.955,64.115,63.885,0.37%
"Aug 11, 2017",64.14,64.23,64.27,64.1,0.07%
"Aug 14, 2017",64.09,63.985,64.148,63.935,-0.08%
"Aug 15, 2017",64.12,64.11,64.12,64.11,0.05%
"Aug 16, 2017",64.17,64.275,64.328,64.14,0.08%
"Aug 17, 2017",64.17,64.17,64.17,64.17,0.00%
"Aug 18, 2017",64.095,64.185,64.185,64.082,-0.12%
"Aug 21, 2017",64.11,64.075,64.157,64.015,0.02%
"Aug 22, 2017",64.072,64.095,64.15,64.05,-0.06%
"Aug 23, 2017",64.045,64.045,64.147,64.045,-0.04%
"Aug 24, 2017",64.045,64.04,64.09,64.005,0.00%
"Aug 25, 2017",64.005,64.055,64.065,64.005,-0.06%
"Aug 28, 2017",63.905,63.89,63.93,63.855,-0.16%
"Aug 29, 2017",64.015,63.955,64.037,63.925,0.17%
"Aug 30, 2017",63.99,63.975,64.02,63.875,-0.04%
"Aug 31, 2017",63.935,64.035,64.06,63.895,-0.09%
"Dec 01, 2017",64.52,64.505,64.52,64.49,0.05%
"Dec 04, 2017",64.38,64.56,64.56,64.29,-0.22%
"Dec 05, 2017",64.36,64.3,64.468,64.23,-0.03%
"Dec 06, 2017",64.53,64.445,64.555,64.398,0.26%
"Dec 07, 2017",64.57,64.51,64.61,64.49,0.06%
"Dec 08, 2017",64.48,64.565,64.59,64.435,-0.14%
"Dec 11, 2017",64.355,64.455,64.455,64.315,-0.19%
"Dec 12, 2017",64.41,64.42,64.53,64.4,0.09%
"Dec 13, 2017",64.46,64.54,64.56,64.425,0.08%
"Dec 14, 2017",64.34,64.36,64.375,64.255,-0.19%
"Dec 15, 2017",64.08,64.14,64.175,64.015,-0.40%
"Dec 18, 2017",64.21,64.16,64.73,64.09,0.20%
"Dec 19, 2017",64.06,64.23,64.23,63.945,-0.23%
"Dec 20, 2017",64.115,64.01,64.13,64.005,0.09%
"Dec 21, 2017",64.02,64.02,64.14,64.01,-0.15%
"Dec 22, 2017",64.02,64.06,64.09,64.02,0.00%
"Dec 25, 2017",64.02,64.02,64.02,64.02,0.00%
"Dec 26, 2017",64.05,64.04,64.125,64.028,0.05%
"Dec 27, 2017",64.12,64.075,64.185,64.075,0.11%
"Dec 28, 2017",64.08,64.13,64.28,64.078,-0.06%
"Dec 29, 2017",63.84,64.055,64.07,63.79,-0.37%
"Feb 01, 2017",67.415,67.669,67.704,67.415,-0.15%
"Feb 02, 2017",67.21,67.385,67.51,67.21,-0.30%
"Feb 03, 2017",67.184,67.209,67.429,67.184,-0.04%
"Feb 06, 2017",67.195,67.225,67.255,67.145,0.02%
"Feb 07, 2017",67.35,67.2,67.465,67.2,0.23%
"Feb 08, 2017",67.05,67.385,67.385,67.05,-0.45%
"Feb 09, 2017",66.765,67.065,67.088,66.725,-0.43%
"Feb 10, 2017",66.854,66.851,67.021,66.801,0.13%
"Feb 13, 2017",66.975,66.952,67.087,66.947,0.18%
"Feb 14, 2017",66.835,66.925,67,66.805,-0.21%
"Feb 15, 2017",66.875,66.945,67.005,66.875,0.06%
"Feb 16, 2017",67.08,66.96,67.135,66.915,0.31%
"Feb 17, 2017",67.08,67.14,67.167,67,0.00%
"Feb 20, 2017",66.905,67.07,67.07,66.905,-0.26%
"Feb 21, 2017",66.985,66.99,67.025,66.947,0.12%
"Feb 22, 2017",66.95,67.007,67.067,66.927,-0.05%
"Feb 23, 2017",66.69,66.905,66.965,66.69,-0.39%
"Feb 24, 2017",66.645,66.656,66.705,66.615,-0.07%
"Feb 27, 2017",66.7,66.72,66.78,66.65,0.08%
"Feb 28, 2017",66.725,66.765,66.835,66.645,0.04%
"Jan 02, 2017",68.145,67.951,68.231,67.906,0.28%
"Jan 03, 2017",68.26,68.147,68.438,68.045,0.17%
"Jan 04, 2017",67.886,68.28,68.3,67.85,-0.55%
"Jan 05, 2017",67.743,67.895,68.013,67.73,-0.21%
"Jan 06, 2017",68.115,67.755,68.198,67.755,0.55%
"Jan 09, 2017",68.1,68.116,68.305,68.07,-0.02%
"Jan 10, 2017",68.327,68.11,68.351,67.988,0.33%
"Jan 11, 2017",68.312,68.37,68.546,68.223,-0.02%
"Jan 12, 2017",68.141,68.195,68.196,67.95,-0.25%
"Jan 13, 2017",68.18,68.15,68.29,68.097,0.06%
"Jan 16, 2017",68.103,68.168,68.28,68.07,-0.11%
"Jan 17, 2017",67.862,68.103,68.158,67.855,-0.35%
"Jan 18, 2017",68.22,67.853,68.22,67.853,0.53%
"Jan 19, 2017",68.1,68.222,68.319,68.069,-0.18%
"Jan 20, 2017",68.075,68.115,68.295,67.978,-0.04%
"Jan 23, 2017",68.051,68.081,68.233,68,-0.04%
"Jan 24, 2017",68.138,68.05,68.18,68.04,0.13%
"Jan 25, 2017",67.988,68.137,68.2,67.97,-0.22%
"Jan 26, 2017",68.176,67.985,68.234,67.965,0.28%
"Jan 27, 2017",68.105,68.191,68.255,68.015,-0.10%
"Jan 30, 2017",67.829,68.106,68.12,67.755,-0.41%
"Jan 31, 2017",67.515,67.844,67.918,67.455,-0.46%
"Jul 03, 2017",64.845,64.655,64.91,64.635,0.35%
"Jul 04, 2017",64.79,64.805,64.897,64.705,-0.08%
"Jul 05, 2017",64.8,64.705,64.865,64.675,0.02%
"Jul 06, 2017",64.725,64.755,64.808,64.705,-0.12%
"Jul 07, 2017",64.625,64.775,64.775,64.54,-0.15%
"Jul 10, 2017",64.475,64.585,64.597,64.475,-0.23%
"Jul 11, 2017",64.565,64.465,64.605,64.46,0.14%
"Jul 12, 2017",64.475,64.535,64.6,64.475,-0.14%
"Jul 13, 2017",64.46,64.398,64.475,64.398,-0.02%
"Jul 14, 2017",64.424,64.488,64.525,64.424,-0.06%
"Jul 17, 2017",64.345,64.365,64.407,64.345,-0.12%
"Jul 18, 2017",64.316,64.37,64.415,64.316,-0.05%
"Jul 19, 2017",64.27,64.37,64.37,64.26,-0.07%
"Jul 20, 2017",64.375,64.345,64.46,64.325,0.16%
"Jul 21, 2017",64.385,64.385,64.39,64.305,0.02%
"Jul 24, 2017",64.395,64.415,64.465,64.3,0.02%
"Jul 25, 2017",64.385,64.355,64.425,64.345,-0.02%
"Jul 26, 2017",64.355,64.472,64.487,64.355,-0.05%
"Jul 27, 2017",64.125,64.195,64.218,64.075,-0.36%
"Jul 28, 2017",64.115,64.195,64.245,64.11,-0.02%
"Jul 31, 2017",64.2,64.14,64.273,64.075,0.13%
"Jun 01, 2017",64.478,64.525,64.598,64.433,-0.05%
"Jun 02, 2017",64.415,64.345,64.52,64.345,-0.10%
"Jun 05, 2017",64.35,64.32,64.4,64.29,-0.10%
"Jun 06, 2017",64.43,64.34,64.485,64.315,0.12%
"Jun 07, 2017",64.435,64.515,64.535,64.315,0.01%
"Jun 08, 2017",64.25,64.41,64.43,64.208,-0.29%
"Jun 09, 2017",64.245,64.275,64.34,64.167,-0.01%
"Jun 12, 2017",64.48,64.35,64.49,64.32,0.37%
"Jun 13, 2017",64.345,64.455,64.515,64.345,-0.21%
"Jun 14, 2017",64.235,64.335,64.367,64.235,-0.17%
"Jun 15, 2017",64.565,64.295,64.62,64.26,0.51%
"Jun 16, 2017",64.465,64.69,64.75,64.405,-0.15%
"Jun 19, 2017",64.495,64.445,64.505,64.34,0.05%
"Jun 20, 2017",64.54,64.485,64.54,64.412,0.07%
"Jun 21, 2017",64.53,64.635,64.68,64.49,-0.02%
"Jun 22, 2017",64.605,64.545,64.63,64.455,0.12%
"Jun 23, 2017",64.505,64.585,64.618,64.445,-0.15%
"Jun 26, 2017",64.435,64.465,64.465,64.435,-0.11%
"Jun 27, 2017",64.475,64.485,64.545,64.405,0.06%
"Jun 28, 2017",64.525,64.575,64.66,64.51,0.08%
"Jun 29, 2017",64.66,64.455,64.69,64.442,0.21%
"Jun 30, 2017",64.62,64.73,64.84,64.575,-0.06%
"Mar 01, 2017",66.865,66.715,66.915,66.715,0.21%
"Mar 02, 2017",66.785,66.782,66.808,66.69,-0.12%
"Mar 03, 2017",66.78,66.9,66.91,66.78,-0.01%
"Mar 06, 2017",66.675,66.8,66.8,66.66,-0.16%
"Mar 07, 2017",66.625,66.68,66.7,66.595,-0.07%
"Mar 08, 2017",66.765,66.633,66.77,66.63,0.21%
"Mar 09, 2017",66.69,66.837,66.875,66.665,-0.11%
"Mar 10, 2017",66.555,66.745,66.745,66.555,-0.20%
"Mar 13, 2017",66.18,66.15,66.19,66.15,-0.56%
"Mar 14, 2017",65.775,66.225,66.265,65.75,-0.61%
"Mar 15, 2017",65.63,65.77,65.79,65.42,-0.22%
"Mar 16, 2017",65.385,65.405,65.535,65.255,-0.37%
"Mar 17, 2017",65.475,65.485,65.675,65.405,0.14%
"Mar 20, 2017",65.345,65.425,65.495,65.315,-0.20%
"Mar 21, 2017",65.345,65.424,65.475,65.234,0.00%
"Mar 22, 2017",65.455,65.585,65.59,65.395,0.17%
"Mar 23, 2017",65.455,65.425,65.588,65.4,0.00%
"Mar 24, 2017",65.425,65.505,65.545,65.385,-0.05%
"Mar 27, 2017",64.995,65.295,65.295,64.98,-0.66%
"Mar 28, 2017",65.045,65.11,65.135,65.04,0.08%
"Mar 29, 2017",64.875,65.125,65.125,64.865,-0.26%
"Mar 30, 2017",64.86,64.85,64.99,64.85,-0.02%
"Mar 31, 2017",64.86,64.93,64.99,64.8,0.00%
"May 01, 2017",64.255,64.285,64.285,64.255,-0.05%
"May 02, 2017",64.165,64.147,64.25,64.125,-0.14%
"May 03, 2017",64.165,64.14,64.2,64.115,0.00%
"May 04, 2017",64.215,64.195,64.25,64.18,0.08%
"May 05, 2017",64.315,64.235,64.395,64.235,0.16%
"May 08, 2017",64.36,64.26,64.385,64.21,0.07%
"May 09, 2017",64.68,64.44,64.705,64.44,0.50%
"May 10, 2017",64.615,64.694,64.694,64.555,-0.10%
"May 11, 2017",64.405,64.595,64.595,64.35,-0.33%
"May 12, 2017",64.243,64.305,64.377,64.243,-0.25%
"May 15, 2017",64.065,64.13,64.18,64.025,-0.28%
"May 16, 2017",64.045,64.075,64.165,64.04,-0.03%
"May 17, 2017",64.13,64,64.175,63.99,0.13%
"May 18, 2017",64.88,64.4,64.92,64.327,1.17%
"May 19, 2017",64.565,64.725,65.025,64.565,-0.49%
"May 22, 2017",64.51,64.53,64.655,64.46,-0.09%
"May 23, 2017",64.895,64.685,64.92,64.655,0.60%
"May 24, 2017",64.77,64.93,64.97,64.715,-0.19%
"May 25, 2017",64.555,64.578,64.65,64.48,-0.33%
"May 26, 2017",64.51,64.565,64.63,64.425,-0.07%
"May 29, 2017",64.54,64.485,64.595,64.455,0.05%
"May 30, 2017",64.635,64.645,64.707,64.605,0.15%
"May 31, 2017",64.51,64.605,64.605,64.46,-0.19%
"Nov 01, 2017",64.565,64.705,64.705,64.51,-0.29%
"Nov 02, 2017",64.575,64.535,64.675,64.475,0.02%
"Nov 03, 2017",64.56,64.58,64.65,64.52,-0.02%
"Nov 06, 2017",64.625,64.665,64.742,64.625,0.10%
"Nov 07, 2017",65.06,64.66,65.07,64.615,0.67%
"Nov 08, 2017",64.92,65.135,65.165,64.92,-0.22%
"Nov 09, 2017",64.975,64.945,65.002,64.852,0.08%
"Nov 10, 2017",65.19,65.09,65.208,65.005,0.33%
"Nov 13, 2017",65.44,65.37,65.535,65.267,0.38%
"Nov 14, 2017",65.41,65.32,65.55,65.292,-0.05%
"Nov 15, 2017",65.27,65.44,65.44,65.155,-0.21%
"Nov 16, 2017",65.295,65.285,65.39,65.125,0.04%
"Nov 17, 2017",65.015,64.647,65.072,64.625,-0.43%
"Nov 20, 2017",65.1,64.975,65.125,64.975,0.13%
"Nov 21, 2017",64.88,65.09,65.125,64.88,-0.34%
"Nov 22, 2017",64.88,64.78,64.965,64.72,0.00%
"Nov 23, 2017",64.57,64.815,64.897,64.57,-0.48%
"Nov 24, 2017",64.68,64.59,64.752,64.555,0.17%
"Nov 27, 2017",64.477,64.715,64.828,64.477,-0.31%
"Nov 28, 2017",64.41,64.54,64.613,64.37,-0.10%
"Nov 29, 2017",64.36,64.42,64.52,64.28,-0.08%
"Nov 30, 2017",64.49,64.55,64.635,64.41,0.20%
"Oct 02, 2017",65.31,65.31,65.31,65.31,0.00%
"Oct 03, 2017",65.485,65.595,65.637,65.465,0.27%
"Oct 04, 2017",65.03,65.345,65.385,64.95,-0.69%
"Oct 05, 2017",65.145,65.095,65.195,64.975,0.18%
"Oct 06, 2017",65.4,65.2,65.405,65.2,0.39%
"Oct 09, 2017",65.355,65.375,65.43,65.275,-0.07%
"Oct 10, 2017",65.25,65.355,65.38,65.205,-0.16%
"Oct 11, 2017",65.16,65.26,65.325,65.13,-0.14%
"Oct 12, 2017",65.06,65.16,65.165,65.035,-0.15%
"Oct 13, 2017",64.7,64.955,64.965,64.7,-0.55%
"Oct 16, 2017",64.7,64.745,64.77,64.69,0.00%
"Oct 17, 2017",65.03,64.795,65.04,64.795,0.51%
"Oct 18, 2017",65.055,64.995,65.17,64.965,0.04%
"Oct 19, 2017",64.995,65.033,65.08,64.995,-0.09%
"Oct 20, 2017",65.04,65,65.045,64.995,0.07%
"Oct 23, 2017",65.023,65.075,65.115,64.98,-0.03%
"Oct 24, 2017",65.09,64.98,65.125,64.9,0.10%
"Oct 25, 2017",64.925,65.145,65.2,64.885,-0.25%
"Oct 26, 2017",64.84,64.785,64.92,64.73,-0.13%
"Oct 27, 2017",65.04,65.025,65.11,64.965,0.31%
"Oct 30, 2017",64.86,64.89,64.96,64.8,-0.28%
"Oct 31, 2017",64.75,64.84,64.85,64.73,-0.17%
"Sep 01, 2017",64.025,63.925,64.055,63.875,0.14%
"Sep 04, 2017",64.04,63.945,64.178,63.935,0.02%
"Sep 05, 2017",64.105,64.105,64.162,64.08,0.10%
"Sep 06, 2017",64.06,64.105,64.262,64.06,-0.07%
"Sep 07, 2017",64.015,64.042,64.055,63.98,-0.07%
"Sep 08, 2017",63.785,63.87,63.96,63.78,-0.36%
"Sep 11, 2017",63.935,63.905,63.94,63.838,0.24%
"Sep 12, 2017",64.031,63.985,64.055,63.935,0.15%
"Sep 13, 2017",64.01,63.99,64.05,63.97,-0.03%
"Sep 14, 2017",64.123,64.168,64.172,64.062,0.18%
"Sep 15, 2017",64.11,64.145,64.145,64.042,-0.02%
"Sep 18, 2017",64.158,64.055,64.168,64.002,0.07%
"Sep 19, 2017",64.3,64.19,64.35,64.13,0.22%
"Sep 20, 2017",64.293,64.245,64.435,64.245,-0.01%
"Sep 21, 2017",64.81,64.515,64.855,64.45,0.80%
"Sep 22, 2017",64.795,64.805,65.155,64.755,-0.02%
"Sep 25, 2017",65.127,64.845,65.175,64.725,0.51%
"Sep 26, 2017",65.46,65.245,65.49,65.155,0.51%
"Sep 27, 2017",65.715,65.365,65.755,65.345,0.39%
"Sep 28, 2017",65.47,65.835,65.9,65.47,-0.37%
"Sep 29, 2017",65.31,65.352,65.465,65.235,-0.24%
"Apr 02, 2018",65.13,65.12,65.13,65.09,0.02%
"Apr 03, 2018",65,65.09,65.135,64.985,-0.20%
"Apr 04, 2018",65.045,65.005,65.18,64.905,0.07%
"Apr 05, 2018",64.89,65.04,65.14,64.89,-0.24%
"Apr 06, 2018",64.93,64.935,65.045,64.92,0.06%
"Apr 09, 2018",64.955,64.865,65.057,64.85,0.04%
"Apr 10, 2018",64.95,64.89,65.035,64.89,-0.01%
"Apr 11, 2018",65.26,65,65.315,64.985,0.48%
"Apr 12, 2018",65.29,65.32,65.45,65.248,0.05%
"Apr 13, 2018",65.255,65.305,65.305,65.185,-0.05%
"Apr 16, 2018",65.47,65.33,65.515,65.32,0.33%
"Apr 17, 2018",65.68,65.45,65.702,65.42,0.32%
"Apr 18, 2018",65.72,65.67,65.79,65.6,0.06%
"Apr 19, 2018",65.87,65.85,65.87,65.735,0.23%
"Apr 20, 2018",66.21,66.03,66.21,65.96,0.52%
"Apr 23, 2018",66.53,66.21,66.53,66.15,0.48%
"Apr 24, 2018",66.41,66.42,66.46,66.295,-0.18%
"Apr 25, 2018",66.92,66.49,66.98,66.49,0.77%
"Apr 26, 2018",66.805,66.885,66.912,66.697,-0.17%
"Apr 27, 2018",66.62,66.84,66.852,66.62,-0.28%
"Apr 30, 2018",66.46,66.6,66.6,66.35,-0.24%
"Aug 01, 2018",68.35,68.56,68.632,68.35,-0.16%
"Aug 02, 2018",68.625,68.375,68.735,68.265,0.40%
"Aug 03, 2018",68.545,68.695,68.845,68.545,-0.12%
"Aug 06, 2018",68.83,68.58,68.9,68.545,0.42%
"Aug 07, 2018",68.63,68.82,68.94,68.63,-0.29%
"Aug 08, 2018",68.66,68.678,68.715,68.58,0.04%
"Aug 09, 2018",68.76,68.48,68.76,68.46,0.15%
"Aug 10, 2018",68.89,68.845,69.025,68.767,0.19%
"Aug 13, 2018",70.02,69.485,70.02,69.405,1.64%
"Aug 14, 2018",69.96,69.86,70.09,69.7,-0.09%
"Aug 15, 2018",69.92,69.92,69.92,69.92,-0.06%
"Aug 16, 2018",70.09,70.23,70.42,70.09,0.24%
"Aug 17, 2018",70.1,70.13,70.16,70.08,0.01%
"Aug 20, 2018",69.82,69.82,69.88,69.6,-0.40%
"Aug 21, 2018",69.86,69.665,69.92,69.535,0.06%
"Aug 22, 2018",69.87,69.88,69.895,69.8,0.01%
"Aug 23, 2018",70.105,70.015,70.17,69.968,0.34%
"Aug 24, 2018",69.97,70.22,70.24,69.898,-0.19%
"Aug 27, 2018",70.165,69.765,70.165,69.705,0.28%
"Aug 28, 2018",70.1,70.05,70.297,70.05,-0.09%
"Aug 29, 2018",70.535,70.325,70.635,70.24,0.62%
"Aug 30, 2018",70.745,70.635,70.875,70.595,0.30%
"Aug 31, 2018",71.005,70.955,71.025,70.855,0.37%
"Dec 03, 2018",70.44,69.88,70.47,69.88,1.13%
"Dec 04, 2018",70.53,70.5,70.69,70.33,0.13%
"Dec 05, 2018",70.56,70.71,70.75,70.39,0.04%
"Dec 06, 2018",70.85,70.81,71.15,70.745,0.41%
"Dec 07, 2018",70.86,70.57,70.86,70.453,0.01%
"Dec 10, 2018",72.52,71.36,72.637,71.24,2.34%
"Dec 11, 2018",72.291,72.506,72.506,71.691,-0.32%
"Dec 12, 2018",71.84,72.283,72.283,71.769,-0.62%
"Dec 13, 2018",71.53,71.858,71.858,71.456,-0.43%
"Dec 14, 2018",71.92,71.55,72.043,71.55,0.55%
"Dec 17, 2018",71.61,71.9,71.9,71.496,-0.43%
"Dec 18, 2018",70.62,71.34,71.361,70.421,-1.38%
"Dec 19, 2018",70.279,70.357,70.482,69.862,-0.48%
"Dec 20, 2018",69.98,70.697,70.716,69.655,-0.43%
"Dec 21, 2018",70.14,70.003,70.32,69.75,0.23%
"Dec 24, 2018",70.105,70.151,70.296,69.873,-0.05%
"Dec 25, 2018",70.05,70.05,70.05,70.05,-0.08%
"Dec 26, 2018",70.07,70.065,70.17,69.755,0.03%
"Dec 27, 2018",70.361,70.088,70.404,70.088,0.42%
"Dec 28, 2018",69.933,70.151,70.151,69.885,-0.61%
"Dec 31, 2018",69.57,69.783,69.946,69.57,-0.52%
"Feb 01, 2018",63.98,63.65,64.065,63.56,0.68%
"Feb 02, 2018",64.13,64.125,64.2,63.74,0.23%
"Feb 05, 2018",64.14,64.24,64.24,64.01,0.02%
"Feb 06, 2018",64.23,64.36,64.405,64.1,0.14%
"Feb 07, 2018",64.28,64.22,64.312,64.045,0.08%
"Feb 08, 2018",64.3,64.39,64.39,64.15,0.03%
"Feb 09, 2018",64.375,64.425,64.438,64.285,0.12%
"Feb 12, 2018",64.28,64.29,64.35,64.24,-0.15%
"Feb 13, 2018",64.265,64.275,64.275,64.265,-0.02%
"Feb 14, 2018",64.1,64.155,64.192,64.045,-0.26%
"Feb 15, 2018",63.9,63.96,63.98,63.875,-0.31%
"Feb 16, 2018",64.215,63.875,64.23,63.815,0.49%
"Feb 19, 2018",64.25,64.25,64.25,64.25,0.05%
"Feb 20, 2018",64.86,64.51,64.863,64.42,0.95%
"Feb 21, 2018",64.805,64.905,64.945,64.713,-0.08%
"Feb 22, 2018",64.975,65.065,65.105,64.955,0.26%
"Feb 23, 2018",64.71,64.96,64.96,64.695,-0.41%
"Feb 26, 2018",64.77,64.66,64.84,64.63,0.09%
"Feb 27, 2018",64.92,64.82,64.97,64.77,0.23%
"Feb 28, 2018",65.21,65.15,65.32,65.05,0.45%
"Jan 01, 2018",63.68,63.855,63.865,63.635,-0.25%
"Jan 02, 2018",63.46,63.7,63.77,63.44,-0.35%
"Jan 03, 2018",63.505,63.555,63.575,63.45,0.07%
"Jan 04, 2018",63.4,63.595,63.615,63.365,-0.17%
"Jan 05, 2018",63.34,63.36,63.425,63.323,-0.09%
"Jan 08, 2018",63.475,63.335,63.53,63.245,0.21%
"Jan 09, 2018",63.67,63.485,63.73,63.425,0.31%
"Jan 10, 2018",63.63,63.69,63.855,63.56,-0.06%
"Jan 11, 2018",63.69,63.66,63.828,63.648,0.09%
"Jan 12, 2018",63.61,63.6,63.73,63.49,-0.13%
"Jan 15, 2018",63.515,63.46,63.515,63.335,-0.15%
"Jan 16, 2018",64.02,63.61,64.13,63.6,0.80%
"Jan 17, 2018",63.885,64.08,64.08,63.772,-0.21%
"Jan 18, 2018",63.87,63.86,63.95,63.755,-0.02%
"Jan 19, 2018",63.83,63.68,63.87,63.635,-0.06%
"Jan 22, 2018",63.89,63.89,64.01,63.725,0.09%
"Jan 23, 2018",63.76,63.91,63.91,63.75,-0.20%
"Jan 24, 2018",63.66,63.74,63.74,63.63,-0.16%
"Jan 25, 2018",63.515,63.515,63.64,63.455,-0.23%
"Jan 26, 2018",63.59,63.525,63.62,63.515,0.12%
"Jan 29, 2018",63.6,63.61,63.625,63.49,0.02%
"Jan 30, 2018",63.69,63.7,63.815,63.595,0.14%
"Jan 31, 2018",63.55,63.68,63.752,63.55,-0.22%
"Jul 02, 2018",68.72,68.495,68.825,68.34,0.38%
"Jul 03, 2018",68.55,68.935,68.965,68.525,-0.25%
"Jul 04, 2018",68.69,68.525,68.777,68.445,0.20%
"Jul 05, 2018",68.88,68.81,69.01,68.695,0.28%
"Jul 06, 2018",68.805,68.885,69.03,68.805,-0.11%
"Jul 09, 2018",68.66,68.57,68.79,68.57,-0.21%
"Jul 10, 2018",68.755,68.665,68.865,68.655,0.14%
"Jul 11, 2018",68.73,68.825,68.895,68.71,-0.04%
"Jul 12, 2018",68.52,68.765,68.765,68.49,-0.31%
"Jul 13, 2018",68.5,68.52,68.562,68.335,-0.03%
"Jul 16, 2018",68.55,68.56,68.72,68.51,0.07%
"Jul 17, 2018",68.43,68.36,68.475,68.28,-0.18%
"Jul 18, 2018",68.625,68.425,68.645,68.385,0.28%
"Jul 19, 2018",69.02,68.72,69.11,68.7,0.58%
"Jul 20, 2018",68.74,69.025,69.132,68.74,-0.41%
"Jul 23, 2018",68.845,68.705,68.865,68.645,0.15%
"Jul 24, 2018",68.947,68.97,69.088,68.845,0.15%
"Jul 25, 2018",68.73,68.965,68.98,68.67,-0.31%
"Jul 26, 2018",68.66,68.705,68.76,68.618,-0.10%
"Jul 27, 2018",68.605,68.655,68.755,68.535,-0.08%
"Jul 30, 2018",68.605,68.705,68.792,68.605,0.00%
"Jul 31, 2018",68.46,68.71,68.71,68.45,-0.21%
"Jun 01, 2018",66.995,67.455,67.455,66.995,-0.65%
"Jun 04, 2018",67.07,66.915,67.17,66.85,0.11%
"Jun 05, 2018",67.1,67.08,67.23,67.08,0.04%
"Jun 06, 2018",66.84,67.09,67.165,66.84,-0.39%
"Jun 07, 2018",67.42,66.94,67.46,66.94,0.87%
"Jun 08, 2018",67.53,67.47,67.795,67.44,0.16%
"Jun 11, 2018",67.47,67.445,67.48,67.275,-0.09%
"Jun 12, 2018",67.48,67.455,67.51,67.36,0.01%
"Jun 13, 2018",67.645,67.6,67.705,67.55,0.24%
"Jun 14, 2018",67.69,67.575,67.735,67.57,0.07%
"Jun 15, 2018",68.06,67.915,68.065,67.887,0.55%
"Jun 18, 2018",68.04,68.16,68.17,67.95,-0.03%
"Jun 19, 2018",68.31,67.98,68.385,67.977,0.40%
"Jun 20, 2018",68.06,68.1,68.185,68.03,-0.37%
"Jun 21, 2018",67.945,68.205,68.243,67.945,-0.17%
"Jun 22, 2018",67.87,67.84,67.89,67.715,-0.11%
"Jun 25, 2018",68.115,67.905,68.173,67.905,0.36%
"Jun 26, 2018",68.37,68.14,68.37,68.08,0.37%
"Jun 27, 2018",68.64,68.43,68.71,68.425,0.39%
"Jun 28, 2018",68.84,68.9,69.1,68.725,0.29%
"Jun 29, 2018",68.46,68.7,68.7,68.36,-0.55%
"Mar 01, 2018",65.23,65.21,65.252,65.11,0.03%
"Mar 02, 2018",65.22,65.21,65.27,65.2,-0.02%
"Mar 05, 2018",65.025,65.055,65.16,64.93,-0.30%
"Mar 06, 2018",64.905,64.945,65.12,64.905,-0.18%
"Mar 07, 2018",64.88,64.905,65.01,64.86,-0.04%
"Mar 08, 2018",65.105,64.905,65.165,64.885,0.35%
"Mar 09, 2018",65.125,65.125,65.195,65.045,0.03%
"Mar 12, 2018",64.985,64.965,65.07,64.957,-0.21%
"Mar 13, 2018",64.855,64.985,65.01,64.845,-0.20%
"Mar 14, 2018",64.84,64.89,65.062,64.82,-0.02%
"Mar 15, 2018",64.99,64.925,64.993,64.81,0.23%
"Mar 16, 2018",64.99,64.99,64.99,64.85,0.00%
"Mar 19, 2018",65.22,65.045,65.22,65,0.35%
"Mar 20, 2018",65.21,65.21,65.25,65.16,-0.02%
"Mar 21, 2018",65.18,65.22,65.24,65.18,-0.05%
"Mar 22, 2018",65.105,65.125,65.155,65.025,-0.12%
"Mar 23, 2018",64.99,65.2,65.21,64.982,-0.18%
"Mar 26, 2018",64.825,64.895,64.955,64.803,-0.25%
"Mar 27, 2018",64.945,64.785,64.993,64.727,0.19%
"Mar 28, 2018",65.16,64.89,65.3,64.89,0.33%
"Mar 29, 2018",65.115,65.17,65.17,65.115,-0.07%
"Mar 30, 2018",65.115,65.115,65.115,65.115,0.00%
"May 01, 2018",66.8,66.46,66.81,66.45,0.51%
"May 02, 2018",66.69,66.76,66.782,66.64,-0.16%
"May 03, 2018",66.67,66.605,66.72,66.53,-0.03%
"May 04, 2018",66.82,66.66,66.92,66.63,0.22%
"May 07, 2018",67.14,66.83,67.185,66.79,0.48%
"May 08, 2018",67.13,67.175,67.29,66.988,-0.01%
"May 09, 2018",67.35,67.135,67.477,67.135,0.33%
"May 10, 2018",67.245,67.335,67.438,67.225,-0.16%
"May 11, 2018",67.36,67.145,67.38,67.115,0.17%
"May 14, 2018",67.56,67.257,67.63,67.22,0.30%
"May 15, 2018",68.08,67.69,68.148,67.46,0.77%
"May 16, 2018",67.775,68.105,68.135,67.755,-0.45%
"May 17, 2018",67.765,67.725,67.81,67.585,-0.01%
"May 18, 2018",67.99,67.775,68.1,67.768,0.33%
"May 21, 2018",68.115,68.105,68.165,68.023,0.18%
"May 22, 2018",68.02,67.99,68.095,67.938,-0.14%
"May 23, 2018",68.37,68.16,68.485,68.16,0.51%
"May 24, 2018",68.34,68.35,68.435,68.295,-0.04%
"May 25, 2018",67.73,68.33,68.33,67.718,-0.89%
"May 28, 2018",67.4,67.505,67.532,67.298,-0.49%
"May 29, 2018",67.84,67.63,67.995,67.63,0.65%
"May 30, 2018",67.44,67.855,67.9,67.395,-0.59%
"May 31, 2018",67.43,67.43,67.6,67.32,-0.01%
"Nov 01, 2018",73.455,73.855,73.873,73.455,-0.68%
"Nov 02, 2018",72.44,73.125,73.215,72.43,-1.38%
"Nov 05, 2018",73.08,72.807,73.135,72.757,0.88%
"Nov 06, 2018",72.955,72.945,73.075,72.905,-0.17%
"Nov 07, 2018",72.45,72.95,72.95,72.45,-0.69%
"Nov 08, 2018",72.38,72.46,72.46,72.38,-0.10%
"Nov 09, 2018",72.48,72.68,72.828,72.415,0.14%
"Nov 12, 2018",72.86,72.735,73.067,72.735,0.52%
"Nov 13, 2018",72.615,72.795,72.81,72.515,-0.34%
"Nov 14, 2018",72.31,72.175,72.405,72.005,-0.42%
"Nov 15, 2018",71.915,72.035,72.185,71.87,-0.55%
"Nov 16, 2018",71.98,71.995,71.995,71.715,0.09%
"Nov 19, 2018",71.61,71.925,72.082,71.55,-0.51%
"Nov 20, 2018",71.43,71.37,71.523,71.287,-0.25%
"Nov 21, 2018",71.305,71.415,71.415,71.305,-0.17%
"Nov 22, 2018",70.69,71.135,71.195,70.675,-0.86%
"Nov 23, 2018",70.655,70.675,70.675,70.655,-0.05%
"Nov 26, 2018",70.82,70.495,70.905,70.31,0.23%
"Nov 27, 2018",70.785,70.815,71.03,70.71,-0.05%
"Nov 28, 2018",70.64,70.9,70.9,70.58,-0.20%
"Nov 29, 2018",69.78,70.11,70.145,69.78,-1.22%
"Nov 30, 2018",69.65,69.695,69.915,69.57,-0.19%
"Oct 01, 2018",72.925,72.605,72.945,72.605,0.57%
"Oct 02, 2018",72.925,72.925,72.925,72.925,0.00%
"Oct 03, 2018",73.345,73.265,73.43,72.92,0.58%
"Oct 04, 2018",73.63,73.71,73.825,73.5,0.39%
"Oct 05, 2018",73.77,73.62,74.25,73.425,0.19%
"Oct 08, 2018",74.065,73.87,74.1,73.765,0.40%
"Oct 09, 2018",74.34,73.91,74.405,73.88,0.37%
"Oct 10, 2018",74.25,74.16,74.293,74.06,-0.12%
"Oct 11, 2018",74.05,74.38,74.49,74.005,-0.27%
"Oct 12, 2018",73.61,73.83,73.86,73.53,-0.59%
"Oct 15, 2018",73.77,73.803,74.07,73.77,0.22%
"Oct 16, 2018",73.465,73.81,73.96,73.465,-0.41%
"Oct 17, 2018",73.6,73.42,73.67,73.373,0.18%
"Oct 18, 2018",73.53,73.59,73.615,73.485,-0.10%
"Oct 19, 2018",73.375,73.605,73.655,73.295,-0.21%
"Oct 22, 2018",73.56,73.305,73.565,73.192,0.25%
"Oct 23, 2018",73.55,73.71,73.833,73.51,-0.01%
"Oct 24, 2018",73.23,73.16,73.343,73.1,-0.44%
"Oct 25, 2018",73.23,73.35,73.38,73.165,0.00%
"Oct 26, 2018",73.46,73.43,73.472,73.27,0.31%
"Oct 29, 2018",73.4,73.355,73.525,73.322,-0.08%
"Oct 30, 2018",73.68,73.56,73.705,73.52,0.38%
"Oct 31, 2018",73.96,73.92,74.14,73.8,0.38%
"Sep 03, 2018",71.215,70.79,71.22,70.725,0.30%
"Sep 04, 2018",71.585,71.285,71.585,71.095,0.52%
"Sep 05, 2018",71.755,71.405,71.955,71.375,0.24%
"Sep 06, 2018",71.95,71.63,72.105,71.63,0.27%
"Sep 07, 2018",71.79,71.96,72.045,71.665,-0.22%
"Sep 10, 2018",72.455,72.135,72.68,72.075,0.93%
"Sep 11, 2018",72.64,72.31,72.75,72.25,0.26%
"Sep 12, 2018",72.16,72.843,72.92,71.925,-0.66%
"Sep 13, 2018",72.037,72.037,72.037,72.037,-0.17%
"Sep 14, 2018",71.88,71.7,71.995,71.535,-0.22%
"Sep 17, 2018",72.54,72.53,72.695,72.315,0.92%
"Sep 18, 2018",72.71,72.56,72.99,72.36,0.23%
"Sep 19, 2018",72.36,72.72,72.875,72.345,-0.48%
"Sep 20, 2018",72.015,72.345,72.345,72.015,-0.48%
"Sep 21, 2018",72.24,71.86,72.48,71.76,0.31%
"Sep 24, 2018",72.67,72.48,72.74,72.34,0.60%
"Sep 25, 2018",72.685,72.905,72.96,72.575,0.02%
"Sep 26, 2018",72.6,72.71,72.755,72.537,-0.12%
"Sep 27, 2018",72.57,72.43,72.77,72.39,-0.04%
"Sep 28, 2018",72.51,72.57,72.67,72.405,-0.08%
"Apr 01, 2019",69.205,69.356,69.424,69.185,0.03%
"Apr 01, 2019",69.205,69.356,69.424,69.185,0.03%
"Apr 02, 2019",68.92,69.28,69.39,68.72,-0.41%
"Apr 02, 2019",68.92,69.28,69.39,68.72,-0.41%
"Apr 03, 2019",68.45,68.73,68.835,68.39,-0.68%
"Apr 03, 2019",68.45,68.73,68.835,68.39,-0.68%
"Apr 04, 2019",68.98,68.54,69.22,68.52,0.77%
"Apr 04, 2019",68.98,68.54,69.22,68.52,0.77%
"Apr 05, 2019",69.17,68.992,69.338,68.986,0.28%
"Apr 05, 2019",69.17,68.992,69.338,68.986,0.28%
"Apr 08, 2019",69.555,69.335,69.72,69.335,0.56%
"Apr 08, 2019",69.555,69.335,69.72,69.335,0.56%
"Apr 09, 2019",69.28,69.538,69.74,69.248,-0.40%
"Apr 09, 2019",69.28,69.538,69.74,69.248,-0.40%
"Apr 10, 2019",69.15,69.258,69.366,69.09,-0.19%
"Apr 10, 2019",69.15,69.258,69.366,69.09,-0.19%
"Apr 11, 2019",69.02,69.164,69.222,68.837,-0.19%
"Apr 11, 2019",69.02,69.164,69.222,68.837,-0.19%
"Apr 12, 2019",69.19,69.03,69.39,69.03,0.25%
"Apr 12, 2019",69.19,69.03,69.39,69.03,0.25%
"Apr 15, 2019",69.395,69.174,69.483,69.045,0.30%
"Apr 15, 2019",69.395,69.174,69.483,69.045,0.30%
"Apr 16, 2019",69.53,69.422,69.69,69.422,0.19%
"Apr 16, 2019",69.53,69.422,69.69,69.422,0.19%
"Apr 17, 2019",69.431,69.547,69.57,69.362,-0.14%
"Apr 17, 2019",69.431,69.547,69.57,69.362,-0.14%
"Apr 18, 2019",69.395,69.417,69.619,69.33,-0.05%
"Apr 18, 2019",69.395,69.417,69.619,69.33,-0.05%
"Apr 19, 2019",69.407,69.416,69.429,69.355,0.02%
"Apr 19, 2019",69.407,69.416,69.429,69.355,0.02%
"Apr 22, 2019",69.7,69.366,69.906,69.366,0.42%
"Apr 22, 2019",69.7,69.366,69.906,69.366,0.42%
"Apr 23, 2019",69.77,69.63,69.84,69.54,0.10%
"Apr 23, 2019",69.77,69.63,69.84,69.54,0.10%
"Apr 24, 2019",69.96,69.779,70,69.762,0.27%
"Apr 24, 2019",69.96,69.779,70,69.762,0.27%
"Apr 25, 2019",70.17,70.01,70.335,69.92,0.30%
"Apr 25, 2019",70.17,70.01,70.335,69.92,0.30%
"Apr 26, 2019",69.85,70.173,70.247,69.81,-0.46%
"Apr 29, 2019",69.817,69.879,69.895,69.797,-0.05%
"Apr 30, 2019",69.647,69.831,69.913,69.536,-0.24%
"Aug 01, 2019",69.017,69.267,69.267,69.002,0.21%
"Aug 02, 2019",69.7,69.23,69.7,69.21,0.99%
"Aug 05, 2019",70.821,70.117,70.839,70.117,1.61%
"Aug 06, 2019",71.04,70.81,71.04,70.47,0.31%
"Aug 07, 2019",71.145,70.965,71.195,70.604,0.15%
"Aug 08, 2019",70.42,71.17,71.17,70.42,-1.02%
"Aug 09, 2019",70.924,70.443,70.924,70.443,0.72%
"Aug 12, 2019",71.283,71.014,71.367,70.993,0.51%
"Aug 13, 2019",71.418,71.132,71.493,71.032,0.19%
"Aug 14, 2019",71.275,70.995,71.365,70.845,-0.20%
"Aug 15, 2019",71.81,71.507,71.829,71.309,0.75%
"Aug 16, 2019",71.155,71.365,71.492,71.045,-0.91%
"Aug 19, 2019",71.451,71.213,71.5,71.063,0.42%
"Aug 20, 2019",71.549,71.523,71.827,71.523,0.14%
"Aug 21, 2019",71.44,71.562,71.623,71.353,-0.15%
"Aug 22, 2019",71.93,71.6,72.004,71.6,0.69%
"Aug 23, 2019",71.513,71.96,72.061,71.513,-0.58%
"Aug 26, 2019",72.025,71.92,72.26,71.863,0.72%
"Aug 27, 2019",71.543,72.03,72.03,71.383,-0.67%
"Aug 28, 2019",71.829,71.564,71.904,71.492,0.40%
"Aug 29, 2019",71.69,71.913,72.1,71.624,-0.19%
"Aug 30, 2019",71.453,71.772,71.817,71.357,-0.33%
"Dec 02, 2019",71.634,71.795,71.825,71.603,-0.16%
"Dec 03, 2019",71.74,71.63,71.816,71.532,0.15%
"Dec 04, 2019",71.474,71.803,71.823,71.452,-0.37%
"Dec 05, 2019",71.252,71.505,71.678,71.18,-0.31%
"Dec 06, 2019",71.283,71.245,71.446,71.174,0.04%
"Dec 09, 2019",70.97,71.3,71.3,70.97,-0.44%
"Dec 10, 2019",70.81,70.962,71.042,70.808,-0.23%
"Dec 11, 2019",70.71,70.823,70.942,70.71,-0.14%
"Dec 12, 2019",70.57,70.67,70.91,70.531,-0.20%
"Dec 13, 2019",70.798,70.553,70.883,70.503,0.32%
"Dec 16, 2019",70.915,70.755,71.05,70.755,0.17%
"Dec 17, 2019",71.035,70.955,71.065,70.832,0.17%
"Dec 18, 2019",71,71.01,71.125,70.924,-0.05%
"Dec 19, 2019",71.18,70.993,71.214,70.88,0.25%
"Dec 20, 2019",71.06,71.13,71.256,71.045,-0.17%
"Dec 23, 2019",71.22,71.113,71.3,71.11,0.23%
"Dec 24, 2019",71.28,71.21,71.317,71.153,0.08%
"Dec 25, 2019",71.28,71.28,71.28,71.28,0.00%
"Dec 26, 2019",71.3,71.26,71.352,71.23,0.03%
"Dec 27, 2019",71.455,71.305,71.505,71.185,0.22%
"Dec 30, 2019",71.32,71.34,71.427,71.29,-0.19%
"Dec 31, 2019",71.355,71.275,71.385,71.225,0.05%
"Feb 01, 2019",71.435,71.115,71.485,70.952,0.67%
"Feb 04, 2019",71.71,71.469,71.845,71.462,0.38%
"Feb 05, 2019",71.53,71.714,71.812,71.528,-0.25%
"Feb 06, 2019",71.55,71.52,71.683,71.492,0.03%
"Feb 07, 2019",71.3,71.639,71.769,71.271,-0.35%
"Feb 08, 2019",71.175,71.395,71.434,71.015,-0.18%
"Feb 11, 2019",71.14,71.24,71.301,71.038,-0.05%
"Feb 12, 2019",70.535,71.254,71.254,70.515,-0.85%
"Feb 13, 2019",70.875,70.541,70.88,70.397,0.48%
"Feb 14, 2019",71.02,70.869,71.233,70.8,0.20%
"Feb 15, 2019",71.33,71.028,71.464,71.028,0.44%
"Feb 18, 2019",71.387,71.335,71.537,71.326,0.08%
"Feb 19, 2019",71.3,71.351,71.602,71.251,-0.12%
"Feb 20, 2019",71.01,71.32,71.344,70.933,-0.41%
"Feb 21, 2019",71.165,71.061,71.28,70.925,0.22%
"Feb 22, 2019",71.035,71.195,71.265,71.035,-0.18%
"Feb 25, 2019",70.834,71.034,71.102,70.827,-0.28%
"Feb 25, 2019",70.834,71.034,71.102,70.827,-0.28%
"Feb 26, 2019",70.96,70.829,71.346,70.809,0.18%
"Feb 26, 2019",70.96,70.829,71.346,70.809,0.18%
"Feb 27, 2019",71.2,71.01,71.491,70.929,0.34%
"Feb 27, 2019",71.2,71.01,71.491,70.929,0.34%
"Feb 28, 2019",70.84,71.231,71.271,70.713,-0.51%
"Feb 28, 2019",70.84,71.231,71.271,70.713,-0.51%
"Jan 01, 2019",69.453,69.635,69.745,69.435,-0.17%
"Jan 02, 2019",70,69.469,70.255,69.469,0.79%
"Jan 03, 2019",70.11,70.3,70.531,70.034,0.16%
"Jan 04, 2019",69.55,70.115,70.145,69.55,-0.80%
"Jan 07, 2019",69.803,69.532,69.953,69.255,0.36%
"Jan 08, 2019",70.14,69.806,70.24,69.765,0.48%
"Jan 09, 2019",70.56,70.11,70.648,70.05,0.60%
"Jan 10, 2019",70.42,70.53,70.655,70.318,-0.20%
"Jan 11, 2019",70.399,70.43,70.601,70.357,-0.03%
"Jan 14, 2019",70.76,70.4,70.95,70.36,0.51%
"Jan 15, 2019",71.1,70.75,71.156,70.723,0.48%
"Jan 16, 2019",70.98,71.11,71.265,70.934,-0.17%
"Jan 17, 2019",71.05,71.146,71.416,70.972,0.10%
"Jan 18, 2019",71.21,71.04,71.274,70.987,0.23%
"Jan 21, 2019",71.188,71.205,71.538,71.14,-0.03%
"Jan 22, 2019",71.26,71.197,71.466,71.165,0.10%
"Jan 23, 2019",71.19,71.24,71.37,71.115,-0.10%
"Jan 24, 2019",71,71.147,71.315,70.955,-0.27%
"Jan 25, 2019",70.9,71.04,71.25,70.89,-0.14%
"Jan 28, 2019",71.07,70.92,71.196,70.915,0.24%
"Jan 29, 2019",71.39,71.085,71.461,71.026,0.45%
"Jan 30, 2019",71.235,71.423,71.423,71.123,-0.22%
"Jan 31, 2019",70.96,70.959,71.215,70.865,-0.39%
"Jul 01, 2019",68.885,68.944,69.09,68.83,-0.09%
"Jul 02, 2019",68.89,68.924,69.075,68.87,0.01%
"Jul 03, 2019",68.8,68.885,68.963,68.795,-0.13%
"Jul 04, 2019",68.527,68.817,68.914,68.489,-0.40%
"Jul 05, 2019",68.45,68.539,68.785,68.385,-0.11%
"Jul 08, 2019",68.566,68.582,68.767,68.497,0.17%
"Jul 09, 2019",68.565,68.665,68.858,68.513,0.00%
"Jul 10, 2019",68.419,68.62,68.695,68.318,-0.21%
"Jul 11, 2019",68.41,68.414,68.495,68.28,-0.01%
"Jul 12, 2019",68.56,68.46,68.695,68.433,0.22%
"Jul 15, 2019",68.545,68.535,68.615,68.477,-0.02%
"Jul 16, 2019",68.65,68.54,68.77,68.521,0.15%
"Jul 17, 2019",68.846,68.688,68.904,68.64,0.29%
"Jul 18, 2019",68.855,68.773,69.005,68.718,0.01%
"Jul 19, 2019",68.86,68.81,68.955,68.722,0.01%
"Jul 22, 2019",68.93,68.955,69.07,68.88,0.10%
"Jul 23, 2019",69.033,68.944,69.059,68.903,0.15%
"Jul 24, 2019",68.98,69.02,69.109,68.921,-0.08%
"Jul 25, 2019",69.041,68.992,69.078,68.885,0.09%
"Jul 26, 2019",68.88,69.151,69.151,68.816,-0.23%
"Jul 29, 2019",68.755,68.9,68.965,68.705,-0.18%
"Jul 30, 2019",68.862,68.766,68.903,68.663,0.16%
"Jul 31, 2019",68.875,68.853,68.96,68.761,0.02%
"Jun 03, 2019",69.171,69.618,69.622,69.128,-0.59%
"Jun 04, 2019",69.291,69.068,69.343,69.033,0.17%
"Jun 05, 2019",69.385,69.334,69.423,69.178,0.14%
"Jun 06, 2019",69.165,69.405,69.46,69.165,-0.32%
"Jun 07, 2019",69.355,69.146,69.551,69.114,0.27%
"Jun 10, 2019",69.535,69.375,69.685,69.375,0.26%
"Jun 11, 2019",69.385,69.534,69.534,69.342,-0.22%
"Jun 12, 2019",69.375,69.414,69.455,69.257,-0.01%
"Jun 13, 2019",69.53,69.379,69.58,69.314,0.22%
"Jun 14, 2019",69.833,69.566,69.865,69.53,0.44%
"Jun 17, 2019",69.85,69.81,69.982,69.74,0.02%
"Jun 18, 2019",69.61,69.868,69.891,69.609,-0.34%
"Jun 19, 2019",69.65,69.55,69.808,69.5,0.06%
"Jun 20, 2019",69.52,69.49,69.675,69.334,-0.19%
"Jun 21, 2019",69.615,69.755,69.76,69.504,0.14%
"Jun 24, 2019",69.273,69.629,69.63,69.264,-0.49%
"Jun 25, 2019",69.334,69.266,69.439,69.238,0.09%
"Jun 26, 2019",69.245,69.32,69.518,69.11,-0.13%
"Jun 27, 2019",69.088,69.21,69.353,69.03,-0.23%
"Jun 28, 2019",68.95,69.048,69.125,68.866,-0.20%
"Mar 01, 2019",71,70.811,71,70.715,0.23%
"Mar 01, 2019",71,70.811,71,70.715,0.23%
"Mar 04, 2019",70.91,70.815,70.923,70.8,-0.13%
"Mar 04, 2019",70.91,70.815,70.923,70.8,-0.13%
"Mar 05, 2019",70.49,70.963,70.975,70.448,-0.59%
"Mar 05, 2019",70.49,70.963,70.975,70.448,-0.59%
"Mar 06, 2019",70.08,70.479,70.692,70.022,-0.58%
"Mar 06, 2019",70.08,70.479,70.692,70.022,-0.58%
"Mar 07, 2019",70.116,70.151,70.152,69.95,0.05%
"Mar 07, 2019",70.116,70.151,70.152,69.95,0.05%
"Mar 08, 2019",70.012,70.111,70.245,69.827,-0.15%
"Mar 08, 2019",70.012,70.111,70.245,69.827,-0.15%
"Mar 11, 2019",69.85,70.028,70.041,69.808,-0.23%
"Mar 11, 2019",69.85,70.028,70.041,69.808,-0.23%
"Mar 12, 2019",69.625,69.821,69.821,69.491,-0.32%
"Mar 12, 2019",69.625,69.821,69.821,69.491,-0.32%
"Mar 13, 2019",69.529,69.607,69.794,69.419,-0.14%
"Mar 13, 2019",69.529,69.607,69.794,69.419,-0.14%
"Mar 14, 2019",69.365,69.525,69.755,69.255,-0.24%
"Mar 14, 2019",69.365,69.525,69.755,69.255,-0.24%
"Mar 15, 2019",68.963,69.357,69.372,68.935,-0.58%
"Mar 15, 2019",68.963,69.357,69.372,68.935,-0.58%
"Mar 18, 2019",68.625,68.959,68.959,68.431,-0.49%
"Mar 18, 2019",68.625,68.959,68.959,68.431,-0.49%
"Mar 19, 2019",69.015,68.619,69.067,68.35,0.57%
"Mar 19, 2019",69.015,68.619,69.067,68.35,0.57%
"Mar 20, 2019",68.79,69.027,69.176,68.731,-0.33%
"Mar 20, 2019",68.79,69.027,69.176,68.731,-0.33%
"Mar 21, 2019",68.81,68.565,68.81,68.51,0.03%
"Mar 21, 2019",68.81,68.565,68.81,68.51,0.03%
"Mar 22, 2019",69.17,68.65,69.17,68.54,0.52%
"Mar 22, 2019",69.17,68.65,69.17,68.54,0.52%
"Mar 25, 2019",68.89,69.159,69.176,68.795,-0.40%
"Mar 25, 2019",68.89,69.159,69.176,68.795,-0.40%
"Mar 26, 2019",68.996,68.931,69.017,68.779,0.15%
"Mar 26, 2019",68.996,68.931,69.017,68.779,0.15%
"Mar 27, 2019",69.1,69.039,69.187,68.78,0.15%
"Mar 27, 2019",69.1,69.039,69.187,68.78,0.15%
"Mar 28, 2019",69.19,69.124,69.38,68.95,0.13%
"Mar 28, 2019",69.19,69.124,69.38,68.95,0.13%
"Mar 29, 2019",69.185,69.178,69.32,69.042,-0.01%
"Mar 29, 2019",69.185,69.178,69.32,69.042,-0.01%
"May 01, 2019",69.545,69.601,69.603,69.466,-0.15%
"May 02, 2019",69.41,69.62,69.634,69.32,-0.19%
"May 03, 2019",69.095,69.436,69.441,69.095,-0.45%
"May 06, 2019",69.38,69.31,69.485,69.31,0.41%
"May 07, 2019",69.645,69.421,69.646,69.285,0.38%
"May 08, 2019",69.72,69.596,69.751,69.448,0.11%
"May 09, 2019",70.2,69.719,70.276,69.719,0.69%
"May 10, 2019",70.015,70.091,70.114,69.756,-0.26%
"May 13, 2019",70.57,70.015,70.651,69.984,0.79%
"May 14, 2019",70.332,70.596,70.616,70.252,-0.34%
"May 15, 2019",70.249,70.322,70.442,70.174,-0.12%
"May 16, 2019",70.13,70.219,70.342,69.966,-0.17%
"May 17, 2019",70.28,70.22,70.288,70.067,0.21%
"May 20, 2019",69.609,69.405,69.778,69.373,-0.95%
"May 21, 2019",69.645,69.817,69.825,69.62,0.05%
"May 22, 2019",69.65,69.668,69.811,69.614,0.01%
"May 23, 2019",69.665,69.666,70.065,69.375,0.02%
"May 24, 2019",69.38,69.699,69.811,69.377,-0.41%
"May 27, 2019",69.504,69.412,69.633,69.362,0.18%
"May 28, 2019",69.61,69.516,69.755,69.516,0.15%
"May 29, 2019",69.845,69.587,70.003,69.579,0.34%
"May 30, 2019",69.825,69.835,69.935,69.703,-0.03%
"May 31, 2019",69.58,69.839,69.927,69.58,-0.35%
"Nov 01, 2019",70.76,70.972,70.989,70.76,-0.31%
"Nov 04, 2019",70.789,70.552,70.802,70.552,0.04%
"Nov 05, 2019",70.775,70.804,70.855,70.625,-0.02%
"Nov 06, 2019",71.01,70.769,71.036,70.769,0.33%
"Nov 07, 2019",71.047,71.018,71.118,70.886,0.05%
"Nov 08, 2019",71.36,71.28,71.364,71.165,0.44%
"Nov 11, 2019",71.57,71.37,71.61,71.29,0.29%
"Nov 12, 2019",71.79,71.582,71.79,71.544,0.31%
"Nov 13, 2019",72.15,71.76,72.15,71.657,0.50%
"Nov 14, 2019",71.966,72.082,72.252,71.857,-0.26%
"Nov 15, 2019",71.65,71.8,71.878,71.594,-0.44%
"Nov 18, 2019",71.945,71.665,71.945,71.565,0.41%
"Nov 19, 2019",71.83,71.92,72.015,71.605,-0.16%
"Nov 20, 2019",71.746,71.833,71.916,71.643,-0.12%
"Nov 21, 2019",71.75,71.79,71.905,71.717,0.01%
"Nov 22, 2019",71.792,71.756,71.876,71.662,0.06%
"Nov 25, 2019",71.689,71.695,71.763,71.61,-0.14%
"Nov 26, 2019",71.48,71.684,71.69,71.48,-0.29%
"Nov 27, 2019",71.26,71.45,71.493,71.233,-0.31%
"Nov 28, 2019",71.505,71.245,71.665,71.235,0.34%
"Nov 29, 2019",71.749,71.613,71.872,71.603,0.34%
"Oct 01, 2019",71.11,70.655,71.17,70.655,0.66%
"Oct 02, 2019",71.15,71.117,71.368,71.1,0.06%
"Oct 03, 2019",71.03,71.21,71.37,70.865,-0.17%
"Oct 04, 2019",70.825,70.81,71.04,70.765,-0.29%
"Oct 07, 2019",70.975,70.959,71.105,70.913,0.21%
"Oct 08, 2019",71.22,70.996,71.233,70.933,0.35%
"Oct 09, 2019",71.12,71.18,71.23,70.945,-0.14%
"Oct 10, 2019",70.99,70.96,71.165,70.96,-0.18%
"Oct 11, 2019",70.924,70.816,71.091,70.799,-0.09%
"Oct 14, 2019",71.237,70.893,71.25,70.74,0.44%
"Oct 15, 2019",71.5,71.248,71.605,71.22,0.37%
"Oct 16, 2019",71.364,71.562,71.732,71.348,-0.19%
"Oct 17, 2019",71.13,71.362,71.475,71.096,-0.33%
"Oct 18, 2019",71.09,71.2,71.32,71.04,-0.06%
"Oct 21, 2019",70.925,71.075,71.075,70.778,-0.23%
"Oct 22, 2019",70.81,70.911,71.006,70.81,-0.16%
"Oct 23, 2019",70.725,71.005,71.033,70.725,-0.12%
"Oct 24, 2019",70.965,70.715,71.085,70.715,0.34%
"Oct 25, 2019",70.82,71.045,71.073,70.782,-0.20%
"Oct 28, 2019",70.745,70.822,70.842,70.684,-0.11%
"Oct 29, 2019",70.89,70.75,70.92,70.69,0.20%
"Oct 30, 2019",70.952,70.871,71.026,70.839,0.09%
"Oct 31, 2019",70.98,70.762,71.065,70.724,0.04%
"Sep 02, 2019",71.969,71.467,72.003,71.467,0.72%
"Sep 03, 2019",72.17,71.96,72.413,71.96,0.28%
"Sep 04, 2019",71.989,72.2,72.315,71.944,-0.25%
"Sep 05, 2019",71.928,71.986,72.011,71.797,-0.08%
"Sep 06, 2019",71.645,71.887,71.928,71.605,-0.39%
"Sep 09, 2019",71.778,71.728,71.788,71.504,0.19%
"Sep 10, 2019",71.875,71.755,72.002,71.739,0.14%
"Sep 11, 2019",71.577,71.877,71.898,71.514,-0.41%
"Sep 12, 2019",70.967,71.588,71.588,70.917,-0.85%
"Sep 13, 2019",70.985,70.972,71.16,70.847,0.03%
"Sep 16, 2019",71.58,71.69,71.69,71.41,0.84%
"Sep 17, 2019",71.49,71.827,71.989,71.366,-0.13%
"Sep 18, 2019",71.145,71.515,71.53,71.145,-0.48%
"Sep 19, 2019",71.375,71.345,71.385,71.05,0.32%
"Sep 20, 2019",71.075,71.205,71.205,70.685,-0.42%
"Sep 23, 2019",70.799,71.023,71.053,70.779,-0.39%
"Sep 24, 2019",70.971,70.796,71.066,70.736,0.24%
"Sep 25, 2019",70.988,70.976,71.154,70.947,0.02%
"Sep 26, 2019",70.964,71.035,71.036,70.837,-0.03%
"Sep 27, 2019",70.509,70.951,70.98,70.364,-0.64%
"Sep 30, 2019",70.645,70.425,70.885,70.358,0.19%
"Apr 01, 2020",76.404,75.315,76.422,75.315,1.41%
"Apr 02, 2020",76.4,76.387,76.431,76.346,-0.01%
"Apr 03, 2020",76.24,75.954,76.304,75.764,-0.21%
"Apr 06, 2020",75.975,76.253,76.268,75.902,-0.35%
"Apr 07, 2020",75.645,75.988,76.008,75.543,-0.43%
"Apr 08, 2020",75.945,75.638,76.405,75.638,0.40%
"Apr 09, 2020",76.3,76.103,76.555,76.019,0.47%
"Apr 10, 2020",75.879,75.903,75.937,75.849,-0.55%
"Apr 13, 2020",76.249,75.881,76.449,75.881,0.49%
"Apr 14, 2020",76.015,76.321,76.376,76.015,-0.31%
"Apr 15, 2020",76.564,76.038,76.654,75.936,0.72%
"Apr 16, 2020",76.805,76.638,76.927,76.563,0.31%
"Apr 17, 2020",76.55,76.829,76.829,76.238,-0.33%
"Apr 20, 2020",76.575,76.553,76.68,76.283,0.03%
"Apr 21, 2020",76.975,76.585,77.006,76.585,0.52%
"Apr 22, 2020",76.41,76.938,77.018,76.41,-0.73%
"Apr 23, 2020",75.895,76.468,76.468,75.826,-0.67%
"Apr 24, 2020",76.27,75.825,76.488,75.825,0.49%
"Apr 27, 2020",76.229,76.27,76.347,76.019,-0.05%
"Apr 28, 2020",76.065,76.127,76.45,75.815,-0.22%
"Apr 29, 2020",75.455,76.063,76.11,75.455,-0.80%
"Apr 30, 2020",75.08,75.405,75.43,74.91,-0.50%
"Aug 03, 2020",75.185,74.921,75.312,74.845,0.36%
"Aug 04, 2020",75.061,75.161,75.202,74.955,-0.16%
"Aug 05, 2020",74.798,74.971,75.012,74.747,-0.35%
"Aug 06, 2020",74.9,74.86,75.014,74.785,0.14%
"Aug 07, 2020",75.025,75.078,75.111,74.897,0.17%
"Aug 10, 2020",74.875,75.028,75.028,74.86,-0.20%
"Aug 11, 2020",74.62,74.84,74.875,74.531,-0.34%
"Aug 12, 2020",74.795,74.605,74.935,74.605,0.23%
"Aug 13, 2020",74.812,74.751,74.931,74.751,0.02%
"Aug 14, 2020",74.903,74.899,74.994,74.754,0.12%
"Aug 17, 2020",74.744,74.875,74.911,74.715,-0.21%
"Aug 18, 2020",74.575,74.735,74.888,74.575,-0.23%
"Aug 19, 2020",74.847,74.642,74.931,74.612,0.36%
"Aug 20, 2020",75.013,74.966,75.131,74.931,0.22%
"Aug 21, 2020",74.922,74.962,74.992,74.816,-0.12%
"Aug 24, 2020",74.169,74.922,74.922,73.949,-1.01%
"Aug 25, 2020",74.223,74.112,74.535,74.082,0.07%
"Aug 26, 2020",74.222,74.205,74.463,74.183,0.00%
"Aug 27, 2020",73.904,74.29,74.375,73.78,-0.43%
"Aug 28, 2020",73.115,73.816,73.876,73.115,-1.07%
"Aug 31, 2020",73.257,73.115,73.703,73.043,0.19%
"Dec 01, 2020",73.5,74.023,74.023,73.458,-0.68%
"Dec 02, 2020",73.77,73.49,73.84,73.402,0.37%
"Dec 03, 2020",73.87,73.685,73.982,73.67,0.14%
"Dec 04, 2020",73.776,73.878,73.878,73.661,-0.13%
"Dec 07, 2020",73.779,73.821,73.993,73.698,0.00%
"Dec 08, 2020",73.725,73.813,73.841,73.505,-0.07%
"Dec 09, 2020",73.73,73.697,73.73,73.52,0.01%
"Dec 10, 2020",73.745,73.725,73.777,73.625,0.02%
"Dec 11, 2020",73.738,73.712,73.809,73.526,-0.01%
"Dec 14, 2020",73.64,73.746,73.746,73.45,-0.13%
"Dec 15, 2020",73.558,73.666,73.674,73.537,-0.11%
"Dec 16, 2020",73.64,73.527,73.66,73.457,0.11%
"Dec 17, 2020",73.525,73.585,73.627,73.367,-0.16%
"Dec 18, 2020",73.575,73.525,73.582,73.475,0.07%
"Dec 21, 2020",74.028,73.575,74.105,73.575,0.62%
"Dec 22, 2020",73.854,73.938,73.948,73.802,-0.24%
"Dec 23, 2020",73.78,73.91,73.91,73.66,-0.10%
"Dec 24, 2020",73.555,73.805,73.845,73.517,-0.30%
"Dec 25, 2020",73.558,73.558,73.558,73.558,0.00%
"Dec 28, 2020",73.548,73.558,73.609,73.454,-0.01%
"Dec 29, 2020",73.405,73.555,73.555,73.31,-0.19%
"Dec 30, 2020",73.144,73.358,73.413,73.135,-0.36%
"Dec 31, 2020",73.054,73.208,73.232,72.955,-0.12%
"Feb 03, 2020",71.324,71.523,71.653,71.268,-0.32%
"Feb 04, 2020",71.115,71.215,71.298,71.09,-0.29%
"Feb 05, 2020",71.19,71.11,71.3,71.11,0.11%
"Feb 06, 2020",71.225,71.181,71.3,71.107,0.05%
"Feb 07, 2020",71.515,71.26,71.538,71.213,0.41%
"Feb 10, 2020",71.29,71.4,71.457,71.285,-0.31%
"Feb 11, 2020",71.285,71.235,71.33,71.179,-0.01%
"Feb 12, 2020",71.306,71.211,71.391,71.211,0.03%
"Feb 13, 2020",71.33,71.36,71.511,71.254,0.03%
"Feb 14, 2020",71.529,71.294,71.597,71.272,0.28%
"Feb 17, 2020",71.34,71.43,71.507,71.26,-0.26%
"Feb 18, 2020",71.585,71.415,71.611,71.375,0.34%
"Feb 19, 2020",71.6,71.573,71.6,71.452,0.02%
"Feb 20, 2020",71.68,71.735,71.82,71.53,0.11%
"Feb 21, 2020",71.88,71.665,72.056,71.665,0.28%
"Feb 24, 2020",71.935,71.915,72.015,71.775,0.08%
"Feb 25, 2020",71.82,71.87,71.92,71.611,-0.16%
"Feb 26, 2020",71.58,71.833,71.873,71.532,-0.33%
"Feb 27, 2020",71.655,71.645,71.704,71.545,0.10%
"Feb 28, 2020",72.539,71.755,72.574,71.755,1.23%
"Jan 01, 2020",71.227,71.365,71.377,71.225,-0.18%
"Jan 02, 2020",71.35,71.235,71.408,71.235,0.17%
"Jan 03, 2020",71.77,71.61,71.844,71.52,0.59%
"Jan 06, 2020",71.867,72.011,72.123,71.834,0.14%
"Jan 07, 2020",71.845,71.765,71.923,71.67,-0.03%
"Jan 08, 2020",71.51,71.954,72.114,71.466,-0.47%
"Jan 09, 2020",71.21,71.51,71.544,71.134,-0.42%
"Jan 10, 2020",70.96,71.24,71.26,70.848,-0.35%
"Jan 13, 2020",70.71,70.805,70.945,70.71,-0.35%
"Jan 14, 2020",70.85,70.72,70.975,70.72,0.20%
"Jan 15, 2020",70.72,71,71.023,70.682,-0.18%
"Jan 16, 2020",70.978,70.775,71.007,70.775,0.36%
"Jan 17, 2020",71.079,70.953,71.099,70.933,0.14%
"Jan 20, 2020",71.04,71.07,71.16,71.01,-0.05%
"Jan 21, 2020",71.17,71.19,71.25,71.121,0.18%
"Jan 22, 2020",71.08,71.18,71.265,71.076,-0.13%
"Jan 23, 2020",71.4,71.19,71.465,71.169,0.45%
"Jan 24, 2020",71.33,71.34,71.371,71.22,-0.10%
"Jan 27, 2020",71.45,71.475,71.52,71.373,0.17%
"Jan 28, 2020",71.2,71.432,71.432,71.2,-0.35%
"Jan 29, 2020",71.31,71.24,71.411,71.165,0.15%
"Jan 30, 2020",71.55,71.42,71.66,71.39,0.34%
"Jan 31, 2020",71.555,71.575,71.578,71.294,0.01%
"Jul 01, 2020",75.49,75.51,75.629,75.466,-0.07%
"Jul 02, 2020",74.75,75.46,75.54,74.646,-0.98%
"Jul 03, 2020",74.636,74.597,75.027,74.567,-0.15%
"Jul 06, 2020",74.635,74.639,74.83,74.485,0.00%
"Jul 07, 2020",74.81,74.645,74.979,74.635,0.23%
"Jul 08, 2020",74.945,74.838,75.073,74.82,0.18%
"Jul 09, 2020",75.155,74.924,75.155,74.909,0.28%
"Jul 10, 2020",75.195,75.165,75.333,75.144,0.05%
"Jul 13, 2020",75.212,75.218,75.248,75.105,0.02%
"Jul 14, 2020",75.406,75.279,75.558,75.279,0.26%
"Jul 15, 2020",75.125,75.305,75.366,75.044,-0.37%
"Jul 16, 2020",75.18,75.11,75.3,75.11,0.07%
"Jul 17, 2020",74.898,75.194,75.258,74.898,-0.38%
"Jul 20, 2020",74.75,74.906,75.035,74.74,-0.20%
"Jul 21, 2020",74.54,74.71,74.88,74.52,-0.28%
"Jul 22, 2020",74.61,74.535,74.875,74.51,0.09%
"Jul 23, 2020",74.815,74.605,74.964,74.595,0.27%
"Jul 24, 2020",74.76,74.9,74.99,74.694,-0.07%
"Jul 27, 2020",74.8,74.768,74.91,74.67,0.05%
"Jul 28, 2020",74.909,74.762,74.939,74.707,0.15%
"Jul 29, 2020",74.948,74.885,74.949,74.69,0.05%
"Jul 30, 2020",74.876,74.811,74.954,74.786,-0.10%
"Jul 31, 2020",74.918,74.747,74.921,74.682,0.06%
"Jun 01, 2020",75.505,75.473,75.773,75.275,-0.13%
"Jun 02, 2020",75.1,75.553,75.628,74.97,-0.54%
"Jun 03, 2020",75.325,75.063,75.555,75.02,0.30%
"Jun 04, 2020",75.459,75.373,75.66,75.355,0.18%
"Jun 05, 2020",75.56,75.432,75.725,75.325,0.13%
"Jun 08, 2020",75.4,75.578,75.685,75.4,-0.21%
"Jun 09, 2020",75.505,75.458,75.702,75.423,0.14%
"Jun 10, 2020",75.635,75.532,75.676,75.419,0.17%
"Jun 11, 2020",75.971,75.672,75.971,75.579,0.44%
"Jun 12, 2020",76.05,75.992,76.26,75.772,0.10%
"Jun 15, 2020",75.979,76.073,76.19,75.936,-0.09%
"Jun 16, 2020",76.25,75.865,76.311,75.78,0.36%
"Jun 17, 2020",76.29,76.268,76.37,76.082,0.05%
"Jun 18, 2020",76.4,76.263,76.4,76.046,0.14%
"Jun 19, 2020",76.26,76.349,76.373,76.093,-0.18%
"Jun 22, 2020",75.79,76.268,76.303,75.723,-0.62%
"Jun 23, 2020",75.503,75.802,75.916,75.455,-0.38%
"Jun 24, 2020",75.665,75.486,75.78,75.486,0.21%
"Jun 25, 2020",75.587,75.717,75.782,75.503,-0.10%
"Jun 26, 2020",75.62,75.58,75.688,75.435,0.04%
"Jun 29, 2020",75.51,75.628,75.66,75.458,-0.15%
"Jun 30, 2020",75.545,75.523,75.628,75.425,0.05%
"Mar 02, 2020",72.882,72.52,72.954,72.028,0.47%
"Mar 03, 2020",73.05,72.48,73.397,72.44,0.23%
"Mar 04, 2020",73.54,73.06,73.64,72.91,0.67%
"Mar 05, 2020",73.506,73.518,73.565,73.044,-0.05%
"Mar 06, 2020",74.004,73.873,74.073,73.529,0.68%
"Mar 09, 2020",74.196,73.975,74.254,73.85,0.26%
"Mar 10, 2020",74.15,74.248,74.248,74.15,-0.06%
"Mar 11, 2020",73.682,73.792,74.015,73.532,-0.63%
"Mar 12, 2020",74.576,74.134,74.579,74.074,1.21%
"Mar 13, 2020",73.84,74.561,74.561,73.732,-0.99%
"Mar 16, 2020",74.003,74.006,74.359,73.999,0.22%
"Mar 17, 2020",74.062,74.072,74.315,73.858,0.08%
"Mar 18, 2020",74.55,73.974,74.55,73.924,0.66%
"Mar 19, 2020",74.786,74.855,75.311,74.667,0.32%
"Mar 20, 2020",75.399,74.804,75.399,74.704,0.82%
"Mar 23, 2020",76.335,75.38,76.335,75.38,1.24%
"Mar 24, 2020",76.379,76.079,76.386,75.95,0.06%
"Mar 25, 2020",76.375,76.375,76.375,76.375,-0.01%
"Mar 26, 2020",74.889,75.864,75.954,74.889,-1.95%
"Mar 27, 2020",75.472,74.603,75.528,74.353,0.78%
"Mar 30, 2020",75.41,75.14,75.67,75.093,-0.08%
"Mar 31, 2020",75.343,75.53,75.685,75.28,-0.09%
"May 01, 2020",75.749,75.32,75.805,75.294,0.89%
"May 04, 2020",75.64,75.758,75.82,75.581,-0.14%
"May 05, 2020",75.71,75.65,75.87,75.489,0.09%
"May 06, 2020",76.105,75.828,76.111,75.653,0.52%
"May 07, 2020",75.794,76.099,76.152,75.78,-0.41%
"May 08, 2020",75.535,75.611,75.665,75.285,-0.34%
"May 11, 2020",75.888,75.561,75.948,75.476,0.47%
"May 12, 2020",75.062,75.971,75.993,75.049,-1.09%
"May 13, 2020",75.365,75.278,75.51,75.045,0.40%
"May 14, 2020",75.495,75.454,75.712,75.335,0.17%
"May 15, 2020",75.83,75.521,75.95,75.416,0.44%
"May 18, 2020",75.7,75.838,76.07,75.639,-0.17%
"May 19, 2020",75.645,75.605,75.795,75.552,-0.07%
"May 20, 2020",75.555,75.705,75.865,75.453,-0.12%
"May 21, 2020",75.62,75.54,75.833,75.386,0.09%
"May 22, 2020",75.95,75.663,76.018,75.633,0.44%
"May 25, 2020",75.887,75.951,76.11,75.855,-0.08%
"May 26, 2020",75.459,75.868,75.88,75.412,-0.56%
"May 27, 2020",75.92,75.565,75.988,75.538,0.61%
"May 28, 2020",75.66,75.812,75.91,75.632,-0.34%
"May 29, 2020",75.605,75.705,75.755,75.448,-0.07%
"Nov 02, 2020",74.51,74.575,74.575,74.265,-0.08%
"Nov 03, 2020",74.625,74.427,74.631,74.254,0.15%
"Nov 04, 2020",74.368,74.586,74.998,74.325,-0.34%
"Nov 05, 2020",73.925,74.31,74.42,73.925,-0.60%
"Nov 06, 2020",73.976,74.012,74.27,73.842,0.07%
"Nov 09, 2020",74.035,73.979,74.175,73.634,0.08%
"Nov 10, 2020",74.29,73.94,74.483,73.93,0.34%
"Nov 11, 2020",74.462,74.172,74.543,74.172,0.23%
"Nov 12, 2020",74.685,74.415,74.754,74.35,0.30%
"Nov 13, 2020",74.582,74.656,74.724,74.472,-0.14%
"Nov 16, 2020",74.38,74.598,74.598,74.38,-0.27%
"Nov 17, 2020",74.48,74.34,74.64,74.34,0.13%
"Nov 18, 2020",74.12,74.47,74.53,74.066,-0.48%
"Nov 19, 2020",74.11,74.3,74.348,74.096,-0.01%
"Nov 20, 2020",74.12,74.15,74.213,74.062,0.01%
"Nov 23, 2020",74.26,74.128,74.279,74.005,0.19%
"Nov 24, 2020",74.079,74.244,74.244,73.861,-0.24%
"Nov 25, 2020",73.789,73.965,74.02,73.743,-0.39%
"Nov 26, 2020",73.837,73.776,73.906,73.714,0.07%
"Nov 27, 2020",73.935,73.834,74.113,73.724,0.13%
"Nov 30, 2020",74,73.943,74.02,73.87,0.09%
"Oct 01, 2020",73.218,73.614,73.63,73.023,-0.48%
"Oct 02, 2020",73.295,73.242,73.453,73.242,0.11%
"Oct 05, 2020",73.117,73.3,73.486,73.067,-0.24%
"Oct 06, 2020",73.441,73.097,73.522,73.097,0.44%
"Oct 07, 2020",73.335,73.485,73.61,73.245,-0.14%
"Oct 08, 2020",73.3,73.33,73.376,73.179,-0.05%
"Oct 09, 2020",73.02,73.15,73.265,72.966,-0.38%
"Oct 12, 2020",73.364,73.014,73.419,73.014,0.47%
"Oct 13, 2020",73.41,73.359,73.483,73.247,0.06%
"Oct 14, 2020",73.255,73.405,73.475,73.189,-0.21%
"Oct 15, 2020",73.435,73.305,73.533,73.209,0.25%
"Oct 16, 2020",73.444,73.384,73.444,73.249,0.01%
"Oct 19, 2020",73.36,73.452,73.452,73.281,-0.11%
"Oct 20, 2020",73.45,73.325,73.564,73.29,0.12%
"Oct 21, 2020",73.6,73.435,73.771,73.357,0.20%
"Oct 22, 2020",73.67,73.66,73.807,73.52,0.10%
"Oct 23, 2020",73.842,73.653,73.899,73.476,0.23%
"Oct 26, 2020",73.97,73.85,74.123,73.697,0.17%
"Oct 27, 2020",73.624,73.929,74,73.595,-0.47%
"Oct 28, 2020",74.19,73.729,74.279,73.647,0.77%
"Oct 29, 2020",74.38,74.227,74.533,73.937,0.26%
"Oct 30, 2020",74.567,74.308,74.716,74.243,0.25%
"Sep 01, 2020",73.004,73.212,73.221,72.751,-0.35%
"Sep 02, 2020",73.269,73.137,73.302,72.892,0.36%
"Sep 03, 2020",73.391,73.202,73.554,73.151,0.17%
"Sep 04, 2020",73.291,73.462,73.492,72.996,-0.14%
"Sep 07, 2020",73.447,73.292,73.49,73.028,0.21%
"Sep 08, 2020",73.75,73.63,73.976,73.39,0.41%
"Sep 09, 2020",73.31,73.795,73.825,73.31,-0.60%
"Sep 10, 2020",73.44,73.453,73.508,73.16,0.18%
"Sep 11, 2020",73.44,73.53,73.62,73.41,0.00%
"Sep 14, 2020",73.385,73.493,73.615,73.275,-0.07%
"Sep 15, 2020",73.61,73.4,73.74,73.31,0.31%
"Sep 16, 2020",73.545,73.585,73.788,73.475,-0.09%
"Sep 17, 2020",73.61,73.705,73.79,73.59,0.09%
"Sep 18, 2020",73.54,73.471,73.607,73.143,-0.10%
"Sep 21, 2020",73.58,73.543,73.64,73.265,0.05%
"Sep 22, 2020",73.52,73.58,73.65,73.39,-0.08%
"Sep 23, 2020",73.58,73.511,73.64,73.424,0.08%
"Sep 24, 2020",73.91,73.84,74.057,73.77,0.45%
"Sep 25, 2020",73.685,73.735,73.785,73.571,-0.30%
"Sep 28, 2020",73.765,73.698,73.865,73.54,0.11%
"Sep 29, 2020",73.76,73.79,73.92,73.717,-0.01%
"Sep 30, 2020",73.57,73.822,73.87,73.531,-0.26%
"Apr 01, 2021",73.332,73.175,73.459,73.162,0.25%
"Apr 02, 2021",73.385,73.286,73.405,73.268,0.07%
"Apr 05, 2021",73.319,73.336,73.482,73.292,-0.09%
"Apr 06, 2021",73.49,73.262,73.499,73.209,0.23%
"Apr 07, 2021",74.368,73.454,74.592,73.437,1.19%
"Apr 08, 2021",74.577,74.435,74.899,74.186,0.28%
"Apr 09, 2021",74.734,74.566,74.987,74.538,0.21%
"Apr 12, 2021",74.99,74.968,75.202,74.741,0.34%
"Apr 13, 2021",75.27,75.01,75.547,74.961,0.37%
"Apr 14, 2021",75.06,75.185,75.259,75.059,-0.28%
"Apr 15, 2021",74.73,75.062,75.358,74.73,-0.44%
"Apr 16, 2021",74.54,74.715,74.862,74.292,-0.25%
"Apr 19, 2021",74.86,74.556,75.06,74.548,0.43%
"Apr 20, 2021",75.395,74.674,75.458,74.52,0.71%
"Apr 21, 2021",75.439,75.371,75.579,75.293,0.06%
"Apr 22, 2021",75.12,75.422,75.438,74.85,-0.42%
"Apr 23, 2021",74.93,75.131,75.134,74.76,-0.25%
"Apr 26, 2021",74.757,74.749,74.941,74.689,-0.23%
"Apr 27, 2021",74.59,74.798,74.843,74.513,-0.22%
"Apr 28, 2021",74.493,74.6,74.605,74.279,-0.13%
"Apr 29, 2021",74.1,74.21,74.295,73.957,-0.53%
"Apr 30, 2021",74.055,74.131,74.208,73.945,-0.06%
"Aug 02, 2021",74.356,74.342,74.432,74.316,0.02%
"Aug 03, 2021",74.251,74.317,74.368,74.204,-0.14%
"Aug 04, 2021",74.175,74.242,74.279,74.105,-0.10%
"Aug 05, 2021",74.1,74.172,74.29,74.087,-0.10%
"Aug 06, 2021",74.242,74.082,74.242,74.041,0.19%
"Aug 09, 2021",74.488,74.243,74.488,74.203,0.33%
"Aug 10, 2021",74.435,74.456,74.509,74.337,-0.07%
"Aug 11, 2021",74.263,74.419,74.501,74.201,-0.23%
"Aug 12, 2021",74.315,74.103,74.34,74.103,0.07%
"Aug 13, 2021",74.242,74.241,74.326,74.238,-0.10%
"Aug 16, 2021",74.17,74.232,74.305,74.123,-0.10%
"Aug 17, 2021",74.375,74.134,74.395,74.134,0.28%
"Aug 18, 2021",74.29,74.321,74.355,74.234,-0.11%
"Aug 19, 2021",74.38,74.28,74.464,74.261,0.12%
"Aug 20, 2021",74.352,74.385,74.483,74.322,-0.04%
"Aug 23, 2021",74.135,74.261,74.321,74.089,-0.29%
"Aug 24, 2021",74.136,74.084,74.23,74.081,0.00%
"Aug 25, 2021",74.12,74.15,74.31,74.12,-0.02%
"Aug 26, 2021",74.155,74.103,74.275,74.091,0.05%
"Aug 27, 2021",73.475,74.126,74.21,73.454,-0.92%
"Aug 30, 2021",73.299,73.456,73.556,73.187,-0.24%
"Aug 31, 2021",72.951,73.423,73.423,72.907,-0.47%
"Dec 01, 2021",75.021,75.087,75.087,74.798,-0.11%
"Dec 02, 2021",74.989,75.016,75.099,74.902,-0.04%
"Dec 03, 2021",75.241,75.017,75.349,74.948,0.34%
"Dec 06, 2021",75.395,75.181,75.475,75.181,0.20%
"Dec 07, 2021",75.409,75.397,75.513,75.272,0.02%
"Dec 08, 2021",75.384,75.412,75.591,75.306,-0.03%
"Dec 09, 2021",75.599,75.405,75.691,75.381,0.29%
"Dec 10, 2021",75.718,75.633,75.885,75.585,0.16%
"Dec 13, 2021",75.77,75.68,75.818,75.575,0.07%
"Dec 14, 2021",76.045,75.775,76.045,75.752,0.36%
"Dec 15, 2021",76.355,76.097,76.423,76.035,0.41%
"Dec 16, 2021",76.184,76.179,76.343,76.086,-0.22%
"Dec 17, 2021",76.013,76.208,76.309,75.951,-0.22%
"Dec 20, 2021",75.73,76.03,76.188,75.73,-0.37%
"Dec 21, 2021",75.705,75.795,75.8,75.404,-0.03%
"Dec 22, 2021",75.46,75.685,75.685,75.449,-0.32%
"Dec 23, 2021",75.035,75.503,75.505,75.035,-0.56%
"Dec 24, 2021",75.004,75.059,75.228,74.998,-0.04%
"Dec 27, 2021",74.98,75.019,75.19,74.959,-0.03%
"Dec 28, 2021",74.715,74.939,75,74.599,-0.35%
"Dec 29, 2021",74.57,74.75,74.865,74.568,-0.19%
"Dec 30, 2021",74.415,74.495,74.67,74.284,-0.21%
"Dec 31, 2021",74.486,74.422,74.532,74.106,0.10%
"Feb 01, 2021",73.12,72.908,73.2,72.815,0.29%
"Feb 02, 2021",72.917,73.038,73.116,72.907,-0.28%
"Feb 03, 2021",72.815,72.953,73.012,72.805,-0.14%
"Feb 04, 2021",72.955,72.826,72.997,72.826,0.19%
"Feb 05, 2021",72.815,72.989,73.034,72.77,-0.19%
"Feb 08, 2021",72.935,72.805,73.004,72.761,0.16%
"Feb 09, 2021",72.856,72.922,72.951,72.822,-0.11%
"Feb 10, 2021",72.795,72.855,72.898,72.765,-0.08%
"Feb 11, 2021",72.71,72.796,72.9,72.673,-0.12%
"Feb 12, 2021",72.595,72.719,72.84,72.565,-0.16%
"Feb 15, 2021",72.624,72.603,72.696,72.513,0.04%
"Feb 16, 2021",72.87,72.61,72.919,72.601,0.34%
"Feb 17, 2021",72.835,72.91,72.981,72.74,-0.05%
"Feb 18, 2021",72.585,72.84,72.84,72.535,-0.34%
"Feb 19, 2021",72.56,72.593,72.732,72.417,-0.03%
"Feb 22, 2021",72.45,72.556,72.598,72.29,-0.15%
"Feb 23, 2021",72.382,72.465,72.561,72.304,-0.09%
"Feb 24, 2021",72.39,72.39,72.475,72.268,0.01%
"Feb 25, 2021",72.745,72.391,72.767,72.289,0.49%
"Feb 26, 2021",73.937,72.963,74.072,72.949,1.64%
"Jan 01, 2021",73.125,73.1,73.13,73.025,0.10%
"Jan 04, 2021",73.08,73.089,73.125,72.827,-0.06%
"Jan 05, 2021",73.13,73.065,73.291,72.987,0.07%
"Jan 06, 2021",73.136,73.184,73.234,73.055,0.01%
"Jan 07, 2021",73.43,73.169,73.475,73.065,0.40%
"Jan 08, 2021",73.34,73.44,73.495,73.204,-0.12%
"Jan 11, 2021",73.474,73.439,73.6,73.367,0.18%
"Jan 12, 2021",73.225,73.497,73.497,73.195,-0.34%
"Jan 13, 2021",73.17,73.175,73.238,73.065,-0.08%
"Jan 14, 2021",73.08,73.143,73.24,72.922,-0.12%
"Jan 15, 2021",73.13,73.097,73.213,72.995,0.07%
"Jan 18, 2021",73.188,73.128,73.327,73.128,0.08%
"Jan 19, 2021",73.192,73.162,73.306,73.104,0.01%
"Jan 20, 2021",72.915,73.195,73.195,72.883,-0.38%
"Jan 21, 2021",72.97,72.924,73.056,72.9,0.08%
"Jan 22, 2021",72.985,72.955,73.105,72.915,0.02%
"Jan 25, 2021",72.97,72.958,73.016,72.877,-0.02%
"Jan 26, 2021",72.915,72.943,73.138,72.838,-0.08%
"Jan 27, 2021",73.07,72.904,73.092,72.79,0.21%
"Jan 28, 2021",72.944,73.033,73.193,72.889,-0.17%
"Jan 29, 2021",72.906,72.935,73.06,72.829,-0.05%
"Jul 01, 2021",74.565,74.364,74.639,74.33,0.27%
"Jul 02, 2021",74.518,74.558,74.887,74.502,-0.06%
"Jul 05, 2021",74.317,74.553,74.582,74.284,-0.27%
"Jul 06, 2021",74.591,74.335,74.629,74.243,0.37%
"Jul 07, 2021",74.8,74.762,74.82,74.56,0.28%
"Jul 08, 2021",74.74,74.744,74.875,74.66,-0.08%
"Jul 09, 2021",74.487,74.762,74.768,74.468,-0.34%
"Jul 12, 2021",74.545,74.537,74.685,74.415,0.08%
"Jul 13, 2021",74.6,74.519,74.679,74.406,0.07%
"Jul 14, 2021",74.47,74.654,74.66,74.461,-0.17%
"Jul 15, 2021",74.55,74.462,74.576,74.436,0.11%
"Jul 16, 2021",74.61,74.532,74.669,74.491,0.08%
"Jul 19, 2021",74.858,74.681,75.032,74.681,0.33%
"Jul 20, 2021",74.535,74.944,74.973,74.535,-0.43%
"Jul 21, 2021",74.495,74.525,74.642,74.493,-0.05%
"Jul 22, 2021",74.455,74.441,74.525,74.306,-0.05%
"Jul 23, 2021",74.427,74.457,74.575,74.374,-0.04%
"Jul 26, 2021",74.34,74.442,74.534,74.338,-0.12%
"Jul 27, 2021",74.504,74.279,74.546,74.279,0.22%
"Jul 28, 2021",74.5,74.526,74.534,74.31,-0.01%
"Jul 29, 2021",74.248,74.383,74.432,74.219,-0.34%
"Jul 30, 2021",74.344,74.256,74.454,74.249,0.13%
"Jun 01, 2021",72.865,72.484,72.958,72.475,0.48%
"Jun 02, 2021",72.96,72.86,73.333,72.86,0.13%
"Jun 03, 2021",73.045,73.016,73.185,72.833,0.12%
"Jun 04, 2021",72.87,73.04,73.129,72.812,-0.24%
"Jun 07, 2021",72.811,72.918,72.952,72.763,-0.08%
"Jun 08, 2021",72.955,72.783,72.975,72.765,0.20%
"Jun 09, 2021",72.985,72.92,73.02,72.884,0.04%
"Jun 10, 2021",73.08,72.948,73.135,72.932,0.13%
"Jun 11, 2021",73.245,73.005,73.262,72.883,0.23%
"Jun 14, 2021",73.185,73.257,73.296,73.102,-0.08%
"Jun 15, 2021",73.36,73.208,73.383,73.159,0.24%
"Jun 16, 2021",73.275,73.345,73.394,73.26,-0.12%
"Jun 17, 2021",74.186,73.593,74.263,73.588,1.24%
"Jun 18, 2021",74.12,74.208,74.301,73.818,-0.09%
"Jun 21, 2021",74.14,74.102,74.336,74.058,0.03%
"Jun 22, 2021",74.34,74.12,74.418,74.051,0.27%
"Jun 23, 2021",74.15,74.35,74.406,74.056,-0.26%
"Jun 24, 2021",74.19,74.225,74.278,74.11,0.05%
"Jun 25, 2021",74.22,74.172,74.258,74.116,0.04%
"Jun 28, 2021",74.275,74.159,74.316,74.159,0.07%
"Jun 29, 2021",74.3,74.277,74.352,74.205,0.03%
"Jun 30, 2021",74.365,74.218,74.474,74.205,0.09%
"Mar 01, 2021",73.405,73.592,73.789,73.174,-0.72%
"Mar 02, 2021",73.26,73.388,73.513,73.26,-0.20%
"Mar 03, 2021",72.94,73.241,73.29,72.692,-0.44%
"Mar 04, 2021",72.739,72.886,73.113,72.599,-0.28%
"Mar 05, 2021",73.19,73.071,73.217,72.745,0.62%
"Mar 08, 2021",73.36,73.205,73.409,72.933,0.23%
"Mar 09, 2021",72.776,73.329,73.394,72.776,-0.80%
"Mar 10, 2021",72.73,72.811,73.107,72.728,-0.06%
"Mar 11, 2021",72.7,72.757,72.802,72.58,-0.04%
"Mar 12, 2021",72.69,72.664,72.876,72.63,-0.01%
"Mar 15, 2021",72.535,72.661,72.789,72.38,-0.21%
"Mar 16, 2021",72.515,72.515,72.642,72.368,-0.03%
"Mar 17, 2021",72.57,72.548,72.632,72.51,0.08%
"Mar 18, 2021",72.7,72.342,72.729,72.324,0.18%
"Mar 19, 2021",72.413,72.661,72.715,72.413,-0.39%
"Mar 22, 2021",72.38,72.45,72.536,72.312,-0.05%
"Mar 23, 2021",72.555,72.371,72.555,72.268,0.24%
"Mar 24, 2021",72.595,72.565,72.728,72.502,0.06%
"Mar 25, 2021",72.665,72.585,72.715,72.552,0.10%
"Mar 26, 2021",72.615,72.638,72.661,72.357,-0.07%
"Mar 29, 2021",72.755,72.531,72.764,72.48,0.19%
"Mar 30, 2021",73.445,72.719,73.628,72.719,0.95%
"Mar 31, 2021",73.148,73.418,73.627,73.056,-0.40%
"May 03, 2021",73.82,74.26,74.335,73.82,-0.32%
"May 04, 2021",73.77,73.849,73.982,73.77,-0.07%
"May 05, 2021",73.81,73.769,74.055,73.741,0.05%
"May 06, 2021",73.605,73.788,74.007,73.595,-0.28%
"May 07, 2021",73.254,73.619,73.757,73.248,-0.48%
"May 10, 2021",73.46,73.283,73.497,73.267,0.28%
"May 11, 2021",73.375,73.503,73.54,73.28,-0.12%
"May 12, 2021",73.538,73.379,73.541,73.371,0.22%
"May 13, 2021",73.48,73.611,73.662,73.47,-0.08%
"May 14, 2021",73.3,73.45,73.486,73.189,-0.24%
"May 17, 2021",73.335,73.281,73.335,73.151,0.05%
"May 18, 2021",73.055,73.222,73.27,72.956,-0.38%
"May 19, 2021",73.22,73.13,73.25,72.938,0.23%
"May 20, 2021",73.015,73.157,73.227,73.015,-0.28%
"May 21, 2021",72.827,73.007,73.095,72.76,-0.26%
"May 24, 2021",72.835,72.861,72.983,72.825,0.01%
"May 25, 2021",72.795,72.87,72.88,72.745,-0.05%
"May 26, 2021",72.725,72.805,72.805,72.63,-0.10%
"May 27, 2021",72.71,72.684,72.798,72.508,-0.02%
"May 28, 2021",72.41,72.692,72.692,72.32,-0.41%
"May 31, 2021",72.518,72.377,72.662,72.347,0.15%
"Nov 01, 2021",74.837,74.935,75.045,74.794,-0.13%
"Nov 02, 2021",74.695,74.837,74.91,74.57,-0.19%
"Nov 03, 2021",74.452,74.7,74.745,74.38,-0.33%
"Nov 04, 2021",74.548,74.45,74.567,74.218,0.13%
"Nov 05, 2021",74.191,74.56,74.582,74.171,-0.48%
"Nov 08, 2021",73.921,74.224,74.295,73.876,-0.36%
"Nov 09, 2021",74.175,73.905,74.175,73.834,0.34%
"Nov 10, 2021",74.415,74.187,74.437,74.076,0.32%
"Nov 11, 2021",74.312,74.41,74.607,74.282,-0.14%
"Nov 12, 2021",74.347,74.334,74.545,74.274,0.05%
"Nov 15, 2021",74.404,74.373,74.52,74.34,0.08%
"Nov 16, 2021",74.457,74.425,74.535,74.285,0.07%
"Nov 17, 2021",74.255,74.469,74.542,74.218,-0.27%
"Nov 18, 2021",74.165,74.295,74.338,74.015,-0.12%
"Nov 19, 2021",74.35,74.184,74.498,74.184,0.25%
"Nov 22, 2021",74.445,74.347,74.527,74.298,0.13%
"Nov 23, 2021",74.447,74.44,74.592,74.371,0.00%
"Nov 24, 2021",74.622,74.438,74.622,74.322,0.24%
"Nov 25, 2021",74.502,74.647,74.647,74.464,-0.16%
"Nov 26, 2021",75.065,74.601,75.105,74.575,0.76%
"Nov 29, 2021",75.05,74.826,75.186,74.803,-0.02%
"Nov 30, 2021",75.1,75.043,75.204,74.852,0.07%
"Oct 01, 2021",74.15,74.19,74.389,74.09,-0.03%
"Oct 04, 2021",74.588,74.147,74.597,74.135,0.59%
"Oct 05, 2021",74.565,74.578,74.688,74.43,-0.03%
"Oct 06, 2021",74.778,74.522,75.066,74.522,0.29%
"Oct 07, 2021",74.825,74.768,74.95,74.714,0.06%
"Oct 08, 2021",75.131,74.844,75.197,74.822,0.41%
"Oct 11, 2021",75.403,75.119,75.546,75.07,0.36%
"Oct 12, 2021",75.488,75.434,75.685,75.179,0.11%
"Oct 13, 2021",75.306,75.502,75.535,75.194,-0.24%
"Oct 14, 2021",74.995,75.256,75.385,74.97,-0.41%
"Oct 15, 2021",75.03,74.987,75.075,74.882,0.05%
"Oct 18, 2021",75.21,75.041,75.409,75.041,0.24%
"Oct 19, 2021",75.12,75.24,75.275,74.892,-0.12%
"Oct 20, 2021",74.81,75.075,75.209,74.761,-0.41%
"Oct 21, 2021",74.889,74.829,74.944,74.703,0.11%
"Oct 22, 2021",74.999,74.869,74.999,74.672,0.15%
"Oct 25, 2021",75.022,74.945,75.182,74.887,0.03%
"Oct 26, 2021",74.942,75.022,75.175,74.862,-0.11%
"Oct 27, 2021",75.069,74.942,75.11,74.884,0.17%
"Oct 28, 2021",74.788,75.069,75.136,74.75,-0.37%
"Oct 29, 2021",74.935,74.803,75.048,74.755,0.20%
"Sep 01, 2021",72.995,72.987,73.161,72.916,0.06%
"Sep 02, 2021",73.006,72.998,73.134,72.951,0.02%
"Sep 03, 2021",72.997,73.013,73.166,72.93,-0.01%
"Sep 06, 2021",73.078,72.995,73.131,72.971,0.11%
"Sep 07, 2021",73.442,73.073,73.494,73.047,0.50%
"Sep 08, 2021",73.796,73.416,73.883,73.412,0.48%
"Sep 09, 2021",73.546,73.74,73.897,73.506,-0.34%
"Sep 10, 2021",73.524,73.556,73.556,73.375,-0.03%
"Sep 13, 2021",73.565,73.545,73.787,73.545,0.06%
"Sep 14, 2021",73.647,73.529,73.734,73.517,0.11%
"Sep 15, 2021",73.445,73.629,73.742,73.423,-0.27%
"Sep 16, 2021",73.575,73.445,73.616,73.335,0.18%
"Sep 17, 2021",73.645,73.526,73.645,73.413,0.10%
"Sep 20, 2021",73.653,73.825,73.847,73.615,0.01%
"Sep 21, 2021",73.745,73.645,73.759,73.555,0.12%
"Sep 22, 2021",73.825,73.777,73.955,73.675,0.11%
"Sep 23, 2021",73.81,73.88,73.912,73.6,-0.02%
"Sep 24, 2021",73.821,73.832,73.875,73.619,0.01%
"Sep 27, 2021",73.825,73.685,73.886,73.61,0.01%
"Sep 28, 2021",74.2,73.8,74.26,73.734,0.51%
"Sep 29, 2021",74.298,74.174,74.359,74.097,0.13%
"Sep 30, 2021",74.17,74.326,74.361,74.115,-0.17%
"Feb 01, 2022",74.751,74.561,74.902,74.432,0.26%
"Feb 02, 2022",74.823,74.751,75.047,74.685,0.10%
"Feb 03, 2022",74.644,74.851,74.941,74.621,-0.24%
"Feb 04, 2022",74.645,74.644,74.843,74.601,0.00%
"Feb 07, 2022",74.655,74.697,74.832,74.625,0.01%
"Feb 08, 2022",74.69,74.641,74.81,74.575,0.05%
"Feb 09, 2022",74.778,74.718,74.872,74.63,0.12%
"Feb 10, 2022",75.074,74.809,75.288,74.804,0.40%
"Feb 11, 2022",75.319,75.315,75.506,75.171,0.33%
"Feb 14, 2022",75.658,75.573,75.712,75.355,0.45%
"Feb 15, 2022",75.149,75.63,75.736,75.162,-0.67%
"Feb 16, 2022",75.022,75.175,75.297,74.947,-0.17%
"Feb 17, 2022",75.1,74.993,75.238,74.953,0.10%
"Feb 18, 2022",74.67,75.075,75.105,74.479,-0.57%
"Feb 21, 2022",74.495,74.584,74.741,74.343,-0.23%
"Feb 22, 2022",74.62,74.697,74.994,74.616,0.17%
"Feb 23, 2022",74.63,74.625,74.73,74.532,0.01%
"Feb 24, 2022",75.6,74.692,75.848,74.657,1.30%
"Feb 25, 2022",75.06,75.428,75.488,75.075,-0.71%
"Feb 28, 2022",75.493,75.76,75.79,75.282,0.58%
"Jan 03, 2022",74.4,74.484,74.502,74.266,-0.12%
"Jan 04, 2022",74.53,74.389,74.732,74.389,0.17%
"Jan 05, 2022",74.285,74.535,74.6,74.254,-0.33%
"Jan 06, 2022",74.385,74.432,74.52,74.326,0.13%
"Jan 07, 2022",74.278,74.434,74.434,74.246,-0.14%
"Jan 10, 2022",74.025,74.215,74.235,73.996,-0.34%
"Jan 11, 2022",73.817,74.047,74.056,73.767,-0.28%
"Jan 12, 2022",73.797,73.797,74.072,73.762,-0.03%
"Jan 13, 2022",73.972,73.773,73.993,73.773,0.24%
"Jan 14, 2022",74.156,73.929,74.213,73.916,0.25%
"Jan 17, 2022",74.255,74.182,74.377,74.137,0.13%
"Jan 18, 2022",74.565,74.243,74.618,74.213,0.42%
"Jan 19, 2022",74.455,74.567,74.747,74.375,-0.15%
"Jan 20, 2022",74.468,74.42,74.552,74.311,0.02%
"Jan 21, 2022",74.409,74.483,74.593,74.279,-0.08%
"Jan 24, 2022",74.642,74.373,74.757,74.307,0.31%
"Jan 25, 2022",74.787,74.657,74.819,74.567,0.19%
"Jan 26, 2022",74.903,74.798,74.979,74.72,0.16%
"Jan 27, 2022",75.209,75.139,75.329,75.054,0.41%
"Jan 28, 2022",75.046,75.203,75.224,74.881,-0.22%
"Jan 31, 2022",74.556,75.035,75.077,74.556,-0.65%
"Mar 01, 2022",75.752,75.289,75.816,75.26,0.34%
"Mar 02, 2022",75.611,75.912,75.94,75.569,-0.19%
"Mar 03, 2022",75.943,75.652,76.02,75.603,0.44%
"Mar 04, 2022",76.41,75.935,76.451,75.935,0.61%
"Mar 07, 2022",76.96,76.675,77.173,76.658,0.72%
"Mar 08, 2022",76.89,76.984,77.187,76.715,-0.09%
"Mar 09, 2022",76.355,76.915,77.004,76.317,-0.70%
"Mar 10, 2022",76.29,76.256,76.505,76.056,-0.09%
"Mar 11, 2022",76.483,76.372,76.715,76.249,0.25%
"Mar 14, 2022",76.43,76.663,76.715,76.445,-0.07%
"Mar 15, 2022",76.41,76.47,76.683,76.297,-0.03%
"Mar 16, 2022",76.19,76.266,76.486,76.117,-0.29%
"Mar 17, 2022",75.912,76.056,76.081,75.753,-0.36%
"Mar 18, 2022",76.05,76.079,76.215,76.007,0.18%
"Mar 21, 2022",76.28,76.058,76.293,76.005,0.30%
"Mar 22, 2022",76.131,76.29,76.498,75.995,-0.20%
"Mar 23, 2022",76.409,76.102,76.46,75.981,0.36%